timestamp,virtual_user,endpoint,method,status_code,response_time_ms,success
2026-07-31T08:25:42.094010396Z,1,POST /api/v1/auth/login,POST,200,294.245,True
2026-07-31T08:25:42.102742727Z,1,GET /api/v1/user/profile,GET,200,8.27,True
2026-07-31T08:25:42.181540067Z,4,POST /api/v1/auth/login,POST,200,283.292,True
2026-07-31T08:25:42.190314596Z,4,GET /api/v1/scans,GET,200,8.375,True
2026-07-31T08:25:42.319229094Z,15,POST /api/v1/auth/login,POST,200,321.291,True
2026-07-31T08:25:42.328290207Z,15,GET /api/v1/scans,GET,200,8.718,True
2026-07-31T08:25:42.417188461Z,19,POST /api/v1/auth/login,POST,200,318.451,True
2026-07-31T08:25:42.422226927Z,19,GET /api/v1/user/profile,GET,200,4.773,True
2026-07-31T08:25:42.523763798Z,16,POST /api/v1/auth/login,POST,200,325.451,True
2026-07-31T08:25:42.559884836Z,16,POST /api/v1/scans,POST,409,35.806,False
2026-07-31T08:25:42.600206537Z,9,POST /api/v1/auth/login,POST,200,302.047,True
2026-07-31T08:25:42.63989677Z,9,POST /api/v1/scans,POST,409,39.401,False
2026-07-31T08:25:42.701417911Z,10,POST /api/v1/auth/login,POST,200,304.802,True
2026-07-31T08:25:42.708064811Z,10,GET /api/v1/scans,GET,200,6.224,True
2026-07-31T08:25:42.785689955Z,11,POST /api/v1/auth/login,POST,200,288.676,True
2026-07-31T08:25:42.792631335Z,11,GET /api/v1/scans,GET,200,6.472,True
2026-07-31T08:25:42.840425769Z,1,GET /api/v1/scans,GET,200,8.341,True
2026-07-31T08:25:42.889322925Z,12,POST /api/v1/auth/login,POST,200,292.081,True
2026-07-31T08:25:42.889698261Z,4,GET /api/v1/scans,GET,200,6.659,True
2026-07-31T08:25:42.894748269Z,12,GET /api/v1/user/profile,GET,200,5.197,True
2026-07-31T08:25:42.988799386Z,8,POST /api/v1/auth/login,POST,200,291.759,True
2026-07-31T08:25:42.997098496Z,8,GET /api/v1/user/profile,GET,200,7.907,True
2026-07-31T08:25:43.129733468Z,2,POST /api/v1/auth/login,POST,200,332.176,True
2026-07-31T08:25:43.166382893Z,2,POST /api/v1/scans,POST,409,36.073,False
2026-07-31T08:25:43.232457221Z,3,POST /api/v1/auth/login,POST,200,334.696,True
2026-07-31T08:25:43.241802144Z,3,GET /api/v1/scans,GET,200,8.775,True
2026-07-31T08:25:43.321643637Z,18,POST /api/v1/auth/login,POST,200,324.467,True
2026-07-31T08:25:43.328949553Z,18,GET /api/v1/scans,GET,200,6.968,True
2026-07-31T08:25:43.405525434Z,5,POST /api/v1/auth/login,POST,200,308.713,True
2026-07-31T08:25:43.411018677Z,5,GET /api/v1/user/profile,GET,200,5.128,True
2026-07-31T08:25:43.449628052Z,10,GET /api/v1/scans/{id},GET,200,11.005,True
2026-07-31T08:25:43.450817923Z,9,GET /api/v1/scans,GET,200,9.638,True
2026-07-31T08:25:43.493476236Z,12,GET /api/v1/scans,GET,200,7.792,True
2026-07-31T08:25:43.502150038Z,20,POST /api/v1/auth/login,POST,200,304.599,True
2026-07-31T08:25:43.507554259Z,20,GET /api/v1/scans,GET,200,5.127,True
2026-07-31T08:25:43.596049342Z,17,POST /api/v1/auth/login,POST,200,298.44,True
2026-07-31T08:25:43.602195734Z,19,GET /api/v1/scans,GET,200,10.059,True
2026-07-31T08:25:43.603895599Z,17,GET /api/v1/scans,GET,200,7.517,True
2026-07-31T08:25:43.691399152Z,13,POST /api/v1/auth/login,POST,200,294.666,True
2026-07-31T08:25:43.695345465Z,13,GET /api/v1/user/profile,GET,200,3.724,True
2026-07-31T08:25:43.696323258Z,16,POST /api/v1/scans,POST,409,37.15,False
2026-07-31T08:25:43.744840301Z,4,POST /api/v1/scans,POST,409,38.675,False
2026-07-31T08:25:43.769487184Z,15,POST /api/v1/scans,POST,409,32.967,False
2026-07-31T08:25:43.778063813Z,28,POST /api/v1/auth/login,POST,200,280.883,True
2026-07-31T08:25:43.782662523Z,28,GET /api/v1/user/profile,GET,200,4.3,True
2026-07-31T08:25:43.814768011Z,3,GET /api/v1/scans,GET,200,4.208,True
2026-07-31T08:25:43.876735875Z,25,POST /api/v1/auth/login,POST,200,280.116,True
2026-07-31T08:25:43.912459434Z,25,POST /api/v1/scans,POST,409,35.208,False
2026-07-31T08:25:43.947043692Z,2,POST /api/v1/scans,POST,409,37.834,False
2026-07-31T08:25:43.984897666Z,26,POST /api/v1/auth/login,POST,200,288.139,True
2026-07-31T08:25:43.991134541Z,26,GET /api/v1/scans,GET,200,5.907,True
2026-07-31T08:25:44.039105996Z,1,GET /api/v1/scans,GET,200,7.912,True
2026-07-31T08:25:44.096515403Z,24,POST /api/v1/auth/login,POST,200,299.453,True
2026-07-31T08:25:44.103455708Z,24,GET /api/v1/user/profile,GET,200,6.444,True
2026-07-31T08:25:44.21341465Z,11,GET /api/v1/scans,GET,200,11.198,True
2026-07-31T08:25:44.21523416Z,7,POST /api/v1/auth/login,POST,200,317.514,True
2026-07-31T08:25:44.224831068Z,7,GET /api/v1/scans,GET,200,9.074,True
2026-07-31T08:25:44.310107531Z,22,POST /api/v1/auth/login,POST,200,313.404,True
2026-07-31T08:25:44.317561662Z,22,GET /api/v1/scans,GET,200,7.166,True
2026-07-31T08:25:44.336761152Z,8,GET /api/v1/scans,GET,200,6.776,True
2026-07-31T08:25:44.354810886Z,18,GET /api/v1/user/profile,GET,200,9.601,True
2026-07-31T08:25:44.415084224Z,3,GET /api/v1/user/profile,GET,200,9.851,True
2026-07-31T08:25:44.41626083Z,12,GET /api/v1/scans,GET,200,7.62,True
2026-07-31T08:25:44.420445714Z,35,POST /api/v1/auth/login,POST,200,323.244,True
2026-07-31T08:25:44.42345118Z,19,GET /api/v1/user/profile,GET,200,7.076,True
2026-07-31T08:25:44.428150568Z,35,GET /api/v1/scans,GET,200,7.442,True
2026-07-31T08:25:44.51677453Z,32,POST /api/v1/auth/login,POST,200,319.228,True
2026-07-31T08:25:44.523441102Z,32,GET /api/v1/user/profile,GET,200,6.372,True
2026-07-31T08:25:44.611457617Z,10,GET /api/v1/scans/{id},GET,200,7.055,True
2026-07-31T08:25:44.622517862Z,21,POST /api/v1/auth/login,POST,200,324.788,True
2026-07-31T08:25:44.629816806Z,21,GET /api/v1/scans,GET,200,6.915,True
2026-07-31T08:25:44.694134126Z,16,POST /api/v1/scans,POST,409,36.716,False
2026-07-31T08:25:44.716216646Z,9,GET /api/v1/scans,GET,200,9.999,True
2026-07-31T08:25:44.72432342Z,38,POST /api/v1/auth/login,POST,200,327.599,True
2026-07-31T08:25:44.724433191Z,17,GET /api/v1/user/profile,GET,200,7.872,True
2026-07-31T08:25:44.731740471Z,38,GET /api/v1/scans,GET,200,6.99,True
2026-07-31T08:25:44.750673495Z,5,GET /api/v1/scans,GET,200,6.396,True
2026-07-31T08:25:44.778243624Z,28,GET /api/v1/user/profile,GET,200,5.764,True
2026-07-31T08:25:44.821943695Z,33,POST /api/v1/auth/login,POST,200,324.762,True
2026-07-31T08:25:44.828202453Z,33,GET /api/v1/user/profile,GET,200,5.795,True
2026-07-31T08:25:44.913455174Z,24,GET /api/v1/scans,GET,200,12.594,True
2026-07-31T08:25:44.916382961Z,14,POST /api/v1/auth/login,POST,200,319.503,True
2026-07-31T08:25:44.924196358Z,14,GET /api/v1/scans,GET,200,7.448,True
2026-07-31T08:25:44.969734157Z,20,GET /api/v1/user/profile,GET,200,5.786,True
2026-07-31T08:25:44.980620029Z,25,GET /api/v1/scans,GET,200,6.699,True
2026-07-31T08:25:45.043056015Z,23,POST /api/v1/auth/login,POST,200,346.436,True
2026-07-31T08:25:45.043105478Z,35,GET /api/v1/scans,GET,200,10.776,True
2026-07-31T08:25:45.083919731Z,23,GET /api/v1/scans,GET,200,40.615,True
2026-07-31T08:25:45.096013489Z,1,POST /api/v1/scans,POST,409,63.526,False
2026-07-31T08:25:45.098857756Z,19,POST /api/v1/scans,POST,409,63.901,False
2026-07-31T08:25:45.104987164Z,6,POST /api/v1/auth/login,POST,200,307.352,True
2026-07-31T08:25:45.11505492Z,6,GET /api/v1/scans,GET,200,9.508,True
2026-07-31T08:25:45.126303071Z,13,GET /api/v1/scans,GET,200,7.779,True
2026-07-31T08:25:45.135464969Z,4,GET /api/v1/scans,GET,200,7.968,True
2026-07-31T08:25:45.217082389Z,30,POST /api/v1/auth/login,POST,200,319.806,True
2026-07-31T08:25:45.22264532Z,30,GET /api/v1/user/profile,GET,200,5.147,True
2026-07-31T08:25:45.234675445Z,18,GET /api/v1/user/profile,GET,200,9.557,True
2026-07-31T08:25:45.235164304Z,15,GET /api/v1/scans,GET,200,11.146,True
2026-07-31T08:25:45.258165896Z,26,GET /api/v1/scans,GET,200,4.599,True
2026-07-31T08:25:45.285754499Z,11,GET /api/v1/scans,GET,200,6.791,True
2026-07-31T08:25:45.295884715Z,31,POST /api/v1/auth/login,POST,200,298.198,True
2026-07-31T08:25:45.300925897Z,31,GET /api/v1/user/profile,GET,200,4.711,True
2026-07-31T08:25:45.33398598Z,7,GET /api/v1/scans,GET,200,6.571,True
2026-07-31T08:25:45.386334143Z,21,GET /api/v1/scans,GET,200,4.468,True
2026-07-31T08:25:45.393085517Z,29,POST /api/v1/auth/login,POST,200,296.33,True
2026-07-31T08:25:45.397656023Z,29,GET /api/v1/scans,GET,200,4.35,True
2026-07-31T08:25:45.445132963Z,12,GET /api/v1/user/profile,GET,200,3.626,True
2026-07-31T08:25:45.487566637Z,44,POST /api/v1/auth/login,POST,200,289.916,True
2026-07-31T08:25:45.495388373Z,2,POST /api/v1/scans,POST,409,49.056,False
2026-07-31T08:25:45.501023241Z,44,GET /api/v1/user/profile,GET,200,13.157,True
2026-07-31T08:25:45.504832875Z,10,GET /api/v1/scans,GET,200,14.875,True
2026-07-31T08:25:45.505752201Z,9,GET /api/v1/scans,GET,200,15.772,True
2026-07-31T08:25:45.564020717Z,28,GET /api/v1/user/profile,GET,200,4.676,True
2026-07-31T08:25:45.565990758Z,39,POST /api/v1/auth/login,POST,200,269.506,True
2026-07-31T08:25:45.570508425Z,39,GET /api/v1/user/profile,GET,200,4.285,True
2026-07-31T08:25:45.63355204Z,22,GET /api/v1/user/profile,GET,200,5.383,True
2026-07-31T08:25:45.6347878Z,3,GET /api/v1/user/profile,GET,200,4.104,True
2026-07-31T08:25:45.661501466Z,37,POST /api/v1/auth/login,POST,200,265.001,True
2026-07-31T08:25:45.665803821Z,37,GET /api/v1/user/profile,GET,200,4.054,True
2026-07-31T08:25:45.670169224Z,1,GET /api/v1/scans,GET,200,4.996,True
2026-07-31T08:25:45.69960119Z,32,GET /api/v1/scans,GET,200,6.221,True
2026-07-31T08:25:45.707571472Z,8,GET /api/v1/scans,GET,200,4.811,True
2026-07-31T08:25:45.773140854Z,53,POST /api/v1/auth/login,POST,200,275.943,True
2026-07-31T08:25:45.77941039Z,53,GET /api/v1/scans,GET,200,5.978,True
2026-07-31T08:25:45.789833994Z,24,GET /api/v1/scans,GET,200,7.102,True
2026-07-31T08:25:45.873476998Z,19,GET /api/v1/scans,GET,200,6.101,True
2026-07-31T08:25:45.876005051Z,36,POST /api/v1/auth/login,POST,200,279.306,True
2026-07-31T08:25:45.879589659Z,16,GET /api/v1/scans,GET,200,6.767,True
2026-07-31T08:25:45.880317536Z,36,GET /api/v1/user/profile,GET,200,4.056,True
2026-07-31T08:25:45.902769849Z,17,GET /api/v1/scans,GET,200,12.421,True
2026-07-31T08:25:45.905159333Z,18,GET /api/v1/scans/{id},GET,200,11.276,True
2026-07-31T08:25:45.906282353Z,20,GET /api/v1/scans,GET,200,11.145,True
2026-07-31T08:25:45.987735033Z,42,POST /api/v1/auth/login,POST,200,290.835,True
2026-07-31T08:25:46.01316177Z,42,POST /api/v1/scans,POST,201,25.151,True
2026-07-31T08:25:46.05984159Z,33,POST /api/v1/scans,POST,409,46.597,False
2026-07-31T08:25:46.072909766Z,57,POST /api/v1/auth/login,POST,200,275.347,True
2026-07-31T08:25:46.078037942Z,57,GET /api/v1/scans,GET,200,4.872,True
2026-07-31T08:25:46.082665132Z,11,GET /api/v1/user/profile,GET,200,5.211,True
2026-07-31T08:25:46.107412122Z,6,GET /api/v1/user/profile,GET,200,7.236,True
2026-07-31T08:25:46.108404135Z,31,GET /api/v1/user/profile,GET,200,4.997,True
2026-07-31T08:25:46.15680009Z,38,GET /api/v1/scans,GET,200,6.689,True
2026-07-31T08:25:46.166276722Z,9,GET /api/v1/user/profile,GET,200,5.125,True
2026-07-31T08:25:46.183930306Z,54,POST /api/v1/auth/login,POST,200,287.1,True
2026-07-31T08:25:46.187896641Z,5,GET /api/v1/scans,GET,200,7.327,True
2026-07-31T08:25:46.189569056Z,54,GET /api/v1/user/profile,GET,200,5.363,True
2026-07-31T08:25:46.192150437Z,37,GET /api/v1/scans,GET,200,3.995,True
2026-07-31T08:25:46.257448306Z,21,GET /api/v1/scans,GET,200,4.912,True
2026-07-31T08:25:46.279843694Z,30,GET /api/v1/scans,GET,200,8.815,True
2026-07-31T08:25:46.300278482Z,49,POST /api/v1/auth/login,POST,200,302.66,True
2026-07-31T08:25:46.325121112Z,2,GET /api/v1/scans,GET,200,40.958,True
2026-07-31T08:25:46.326064214Z,49,GET /api/v1/scans,GET,200,25.571,True
2026-07-31T08:25:46.328772261Z,4,GET /api/v1/scans,GET,200,12.017,True
2026-07-31T08:25:46.353906917Z,35,POST /api/v1/scans,POST,409,83.963,False
2026-07-31T08:25:46.36062752Z,39,GET /api/v1/user/profile,GET,200,25.948,True
2026-07-31T08:25:46.360976913Z,26,GET /api/v1/scans,GET,200,28.648,True
2026-07-31T08:25:46.368484756Z,14,POST /api/v1/scans,POST,409,84.213,False
2026-07-31T08:25:46.374354926Z,56,POST /api/v1/auth/login,POST,200,277.72,True
2026-07-31T08:25:46.378899298Z,56,GET /api/v1/user/profile,GET,200,4.269,True
2026-07-31T08:25:46.459438506Z,25,GET /api/v1/scans/{id},GET,200,13.572,True
2026-07-31T08:25:46.459780772Z,22,GET /api/v1/user/profile,GET,200,13.766,True
2026-07-31T08:25:46.460645669Z,23,GET /api/v1/scans,GET,200,11.265,True
2026-07-31T08:25:46.481387499Z,45,POST /api/v1/auth/login,POST,200,284.593,True
2026-07-31T08:25:46.505167468Z,45,GET /api/v1/scans,GET,200,23.481,True
2026-07-31T08:25:46.554041573Z,32,GET /api/v1/user/profile,GET,200,24.349,True
2026-07-31T08:25:46.555299922Z,13,GET /api/v1/scans,GET,200,23.208,True
2026-07-31T08:25:46.561924392Z,16,GET /api/v1/scans,GET,200,5.131,True
2026-07-31T08:25:46.571213582Z,33,GET /api/v1/user/profile,GET,200,4.103,True
2026-07-31T08:25:46.578384768Z,10,GET /api/v1/user/profile,GET,200,3.906,True
2026-07-31T08:25:46.607291247Z,29,GET /api/v1/scans,GET,200,4.102,True
2026-07-31T08:25:46.631862643Z,17,GET /api/v1/scans,GET,200,3.671,True
2026-07-31T08:25:46.644851107Z,31,GET /api/v1/scans,GET,200,3.426,True
2026-07-31T08:25:46.705583262Z,15,POST /api/v1/scans,POST,409,226.343,False
2026-07-31T08:25:46.736538731Z,24,POST /api/v1/scans,POST,201,259.034,True
2026-07-31T08:25:46.741399299Z,12,POST /api/v1/scans,POST,409,251.635,False
2026-07-31T08:25:46.742446801Z,28,GET /api/v1/user/profile,GET,200,12.144,True
2026-07-31T08:25:46.742828296Z,36,GET /api/v1/scans,GET,200,20.901,True
2026-07-31T08:25:46.751104039Z,59,POST /api/v1/auth/login,POST,200,354.285,True
2026-07-31T08:25:46.751235801Z,55,POST /api/v1/auth/login,POST,200,454.252,True
2026-07-31T08:25:46.826534968Z,7,GET /api/v1/scans,GET,200,41.359,True
2026-07-31T08:25:46.835346878Z,3,GET /api/v1/scans,GET,200,163.117,True
2026-07-31T08:25:46.849237338Z,55,POST /api/v1/scans,POST,201,97.701,True
2026-07-31T08:25:46.851509722Z,59,POST /api/v1/scans,POST,201,99.971,True
2026-07-31T08:25:46.851742795Z,58,POST /api/v1/auth/login,POST,200,354.422,True
2026-07-31T08:25:46.858548741Z,42,POST /api/v1/scans,POST,409,91.319,False
2026-07-31T08:25:46.863972087Z,57,GET /api/v1/scans,GET,200,15.139,True
2026-07-31T08:25:46.864800974Z,58,GET /api/v1/user/profile,GET,200,12.706,True
2026-07-31T08:25:46.892692704Z,44,POST /api/v1/scans,POST,201,88.019,True
2026-07-31T08:25:46.91883002Z,35,GET /api/v1/scans,GET,200,29.371,True
2026-07-31T08:25:46.922201095Z,60,POST /api/v1/auth/login,POST,200,324.653,True
2026-07-31T08:25:46.9227139Z,4,POST /api/v1/scans,POST,409,70.291,False
2026-07-31T08:25:46.936088504Z,60,GET /api/v1/user/profile,GET,200,13.611,True
2026-07-31T08:25:46.965412713Z,21,GET /api/v1/scans,GET,200,4.877,True
2026-07-31T08:25:47.037725774Z,23,GET /api/v1/scans,GET,200,17.249,True
2026-07-31T08:25:47.084519907Z,8,POST /api/v1/scans,POST,409,72.04,False
2026-07-31T08:25:47.098804784Z,38,POST /api/v1/scans,POST,409,57.627,False
2026-07-31T08:25:47.105539471Z,51,POST /api/v1/auth/login,POST,200,408.499,True
2026-07-31T08:25:47.106454872Z,56,POST /api/v1/scans,POST,201,58.066,True
2026-07-31T08:25:47.116479141Z,39,GET /api/v1/scans,GET,200,18.702,True
2026-07-31T08:25:47.117017727Z,53,GET /api/v1/scans,GET,200,19.236,True
2026-07-31T08:25:47.118486891Z,51,GET /api/v1/user/profile,GET,200,12.661,True
2026-07-31T08:25:47.140787533Z,47,POST /api/v1/auth/login,POST,200,343.635,True
2026-07-31T08:25:47.153160047Z,19,GET /api/v1/scans,GET,200,17.27,True
2026-07-31T08:25:47.155024753Z,47,GET /api/v1/scans,GET,200,13.775,True
2026-07-31T08:25:47.155645377Z,29,GET /api/v1/scans/{id},GET,200,12.01,True
2026-07-31T08:25:47.169184706Z,1,GET /api/v1/user/profile,GET,200,6.056,True
2026-07-31T08:25:47.176989995Z,11,GET /api/v1/scans/{id},GET,200,5.234,True
2026-07-31T08:25:47.214652285Z,20,GET /api/v1/user/profile,GET,200,8.63,True
2026-07-31T08:25:47.22267316Z,16,GET /api/v1/scans/{id},GET,200,19.453,True
2026-07-31T08:25:47.232433014Z,46,POST /api/v1/auth/login,POST,200,334.735,True
2026-07-31T08:25:47.238763781Z,46,GET /api/v1/scans,GET,200,5.889,True
2026-07-31T08:25:47.272388231Z,36,GET /api/v1/user/profile,GET,200,15.982,True
2026-07-31T08:25:47.325530876Z,18,GET /api/v1/scans,GET,200,38.015,True
2026-07-31T08:25:47.335754662Z,31,POST /api/v1/scans,POST,201,74.631,True
2026-07-31T08:25:47.339038191Z,54,POST /api/v1/scans,POST,201,80.237,True
2026-07-31T08:25:47.349830489Z,64,POST /api/v1/auth/login,POST,200,352.08,True
2026-07-31T08:25:47.397877229Z,64,GET /api/v1/scans,GET,200,47.705,True
2026-07-31T08:25:47.404927921Z,57,GET /api/v1/scans,GET,200,39.464,True
2026-07-31T08:25:47.421722199Z,6,POST /api/v1/scans,POST,409,89.195,False
2026-07-31T08:25:47.43886911Z,37,GET /api/v1/scans,GET,200,15.699,True
2026-07-31T08:25:47.439168596Z,5,GET /api/v1/scans,GET,200,9.781,True
2026-07-31T08:25:47.447193491Z,24,POST /api/v1/scans,POST,409,73.294,False
2026-07-31T08:25:47.450237071Z,61,POST /api/v1/auth/login,POST,200,352.709,True
2026-07-31T08:25:47.454429428Z,33,GET /api/v1/scans,GET,200,6.029,True
2026-07-31T08:25:47.455382291Z,61,GET /api/v1/scans,GET,200,4.848,True
2026-07-31T08:25:47.51726526Z,66,POST /api/v1/auth/login,POST,200,319.74,True
2026-07-31T08:25:47.524764511Z,66,GET /api/v1/scans,GET,200,7.074,True
2026-07-31T08:25:47.5375485Z,9,GET /api/v1/scans/{id},GET,200,6.395,True
2026-07-31T08:25:47.554692719Z,25,GET /api/v1/scans/{id},GET,200,5.769,True
2026-07-31T08:25:47.603131232Z,60,GET /api/v1/user/profile,GET,200,6.507,True
2026-07-31T08:25:47.615086284Z,22,GET /api/v1/scans,GET,200,10.815,True
2026-07-31T08:25:47.617510297Z,42,GET /api/v1/user/profile,GET,200,10.838,True
2026-07-31T08:25:47.630830762Z,39,GET /api/v1/user/profile,GET,200,4.735,True
2026-07-31T08:25:47.631445981Z,63,POST /api/v1/auth/login,POST,200,334.181,True
2026-07-31T08:25:47.637476677Z,63,GET /api/v1/user/profile,GET,200,5.731,True
2026-07-31T08:25:47.63824023Z,14,GET /api/v1/user/profile,GET,200,6.452,True
2026-07-31T08:25:47.641683518Z,49,GET /api/v1/user/profile,GET,200,4.08,True
2026-07-31T08:25:47.663605409Z,23,GET /api/v1/scans,GET,200,4.607,True
2026-07-31T08:25:47.694978114Z,62,POST /api/v1/auth/login,POST,200,298.144,True
2026-07-31T08:25:47.702809297Z,62,GET /api/v1/user/profile,GET,200,7.599,True
2026-07-31T08:25:47.702909651Z,26,GET /api/v1/scans,GET,200,8.435,True
2026-07-31T08:25:47.706149125Z,13,GET /api/v1/scans/{id},GET,200,3.637,True
2026-07-31T08:25:47.726031633Z,2,GET /api/v1/scans/{id},GET,200,4.56,True
2026-07-31T08:25:47.765156369Z,30,GET /api/v1/user/profile,GET,200,4.632,True
2026-07-31T08:25:47.807686771Z,69,POST /api/v1/auth/login,POST,200,288.56,True
2026-07-31T08:25:47.811748328Z,69,GET /api/v1/user/profile,GET,200,3.816,True
2026-07-31T08:25:47.821645597Z,45,GET /api/v1/scans,GET,200,7.176,True
2026-07-31T08:25:47.823030627Z,12,GET /api/v1/scans,GET,200,7.375,True
2026-07-31T08:25:47.825263271Z,28,GET /api/v1/scans,GET,200,4.305,True
2026-07-31T08:25:47.864898752Z,17,GET /api/v1/scans,GET,200,25.442,True
2026-07-31T08:25:47.866200941Z,7,GET /api/v1/scans,GET,200,19.521,True
2026-07-31T08:25:47.889464205Z,16,POST /api/v1/scans,POST,409,55.743,False
2026-07-31T08:25:47.890899284Z,65,POST /api/v1/auth/login,POST,200,294.095,True
2026-07-31T08:25:47.897240468Z,65,GET /api/v1/user/profile,GET,200,6.126,True
2026-07-31T08:25:47.901352762Z,51,POST /api/v1/scans,POST,409,42.127,False
2026-07-31T08:25:47.932740782Z,10,GET /api/v1/scans,GET,200,8.912,True
2026-07-31T08:25:47.934993741Z,58,GET /api/v1/scans,GET,200,7.792,True
2026-07-31T08:25:47.938264223Z,57,GET /api/v1/scans,GET,200,5.207,True
2026-07-31T08:25:47.952707275Z,35,GET /api/v1/scans,GET,200,5.026,True
2026-07-31T08:25:47.968033545Z,77,POST /api/v1/auth/login,POST,200,271.408,True
2026-07-31T08:25:47.973078389Z,77,GET /api/v1/scans,GET,200,4.791,True
2026-07-31T08:25:47.996254823Z,31,GET /api/v1/scans,GET,200,4.767,True
2026-07-31T08:25:48.016059431Z,29,GET /api/v1/scans,GET,200,5.981,True
2026-07-31T08:25:48.025431251Z,32,GET /api/v1/user/profile,GET,200,9.293,True
2026-07-31T08:25:48.026694218Z,3,GET /api/v1/user/profile,GET,200,6.89,True
2026-07-31T08:25:48.026767839Z,8,GET /api/v1/scans,GET,200,9.342,True
2026-07-31T08:25:48.064334514Z,21,GET /api/v1/scans,GET,200,4.64,True
2026-07-31T08:25:48.0702639Z,76,POST /api/v1/auth/login,POST,200,273.624,True
2026-07-31T08:25:48.093725158Z,47,GET /api/v1/user/profile,GET,200,4.292,True
2026-07-31T08:25:48.098002532Z,76,POST /api/v1/scans,POST,201,27.473,True
2026-07-31T08:25:48.13301128Z,53,GET /api/v1/scans,GET,200,6.251,True
2026-07-31T08:25:48.165754857Z,37,GET /api/v1/scans,GET,200,6.862,True
2026-07-31T08:25:48.176217112Z,68,POST /api/v1/auth/login,POST,200,278.385,True
2026-07-31T08:25:48.183081484Z,68,GET /api/v1/scans,GET,200,6.543,True
2026-07-31T08:25:48.19002436Z,63,GET /api/v1/user/profile,GET,200,5.606,True
2026-07-31T08:25:48.193698471Z,38,GET /api/v1/user/profile,GET,200,4.715,True
2026-07-31T08:25:48.207437956Z,15,GET /api/v1/scans/{id},GET,200,5.677,True
2026-07-31T08:25:48.220909457Z,42,GET /api/v1/scans/{id},GET,200,5.087,True
2026-07-31T08:25:48.284514195Z,59,POST /api/v1/scans,POST,409,39.859,False
2026-07-31T08:25:48.287374307Z,70,POST /api/v1/auth/login,POST,200,290.732,True
2026-07-31T08:25:48.292942806Z,70,GET /api/v1/scans,GET,200,5.341,True
2026-07-31T08:25:48.307480866Z,44,GET /api/v1/scans/{id},GET,200,4.307,True
2026-07-31T08:25:48.334385959Z,55,GET /api/v1/scans/{id},GET,200,5.69,True
2026-07-31T08:25:48.346470144Z,12,GET /api/v1/scans,GET,200,5.612,True
2026-07-31T08:25:48.351800543Z,22,GET /api/v1/scans,GET,200,4.151,True
2026-07-31T08:25:48.369680127Z,4,GET /api/v1/scans/{id},GET,200,4.414,True
2026-07-31T08:25:48.400643181Z,67,POST /api/v1/auth/login,POST,200,303.041,True
2026-07-31T08:25:48.406408104Z,9,GET /api/v1/user/profile,GET,200,7.44,True
2026-07-31T08:25:48.409432522Z,67,GET /api/v1/scans,GET,200,8.604,True
2026-07-31T08:25:48.409578995Z,46,GET /api/v1/scans,GET,200,7.631,True
2026-07-31T08:25:48.410099525Z,62,GET /api/v1/user/profile,GET,200,4.536,True
2026-07-31T08:25:48.450960325Z,24,GET /api/v1/scans/{id},GET,200,3.887,True
2026-07-31T08:25:48.481911791Z,75,POST /api/v1/auth/login,POST,200,284.555,True
2026-07-31T08:25:48.5171557Z,69,POST /api/v1/scans,POST,201,58.656,True
2026-07-31T08:25:48.51902984Z,66,GET /api/v1/user/profile,GET,200,31.096,True
2026-07-31T08:25:48.579624908Z,75,GET /api/v1/scans,GET,200,97.43,True
2026-07-31T08:25:48.635621765Z,7,POST /api/v1/scans,POST,409,162.661,False
2026-07-31T08:25:48.665071431Z,19,GET /api/v1/scans/{id},GET,200,149.127,True
2026-07-31T08:25:48.665216685Z,64,GET /api/v1/user/profile,GET,200,141.605,True
2026-07-31T08:25:48.667603758Z,1,GET /api/v1/user/profile,GET,200,120.084,True
2026-07-31T08:25:48.673219243Z,6,GET /api/v1/scans,GET,200,154.559,True
2026-07-31T08:25:48.673256185Z,20,GET /api/v1/scans,GET,200,154.565,True
2026-07-31T08:25:48.677958709Z,3,GET /api/v1/scans,GET,200,142.803,True
2026-07-31T08:25:48.721185662Z,60,GET /api/v1/scans,GET,200,111.815,True
2026-07-31T08:25:48.721292505Z,45,GET /api/v1/scans,GET,200,94.385,True
2026-07-31T08:25:48.743731836Z,17,GET /api/v1/scans/{id},GET,200,109.57,True
2026-07-31T08:25:48.747914641Z,16,GET /api/v1/scans/{id},GET,200,89.844,True
2026-07-31T08:25:48.749881693Z,65,GET /api/v1/scans,GET,200,122.872,True
2026-07-31T08:25:48.784881206Z,54,GET /api/v1/scans/{id},GET,200,85.222,True
2026-07-31T08:25:48.786716173Z,13,GET /api/v1/user/profile,GET,200,46.706,True
2026-07-31T08:25:48.786909912Z,61,GET /api/v1/scans,GET,200,81.212,True
2026-07-31T08:25:48.799492957Z,29,GET /api/v1/user/profile,GET,200,45.012,True
2026-07-31T08:25:48.79958995Z,52,POST /api/v1/auth/login,POST,200,403.056,True
2026-07-31T08:25:48.822807404Z,30,GET /api/v1/scans,GET,200,43.019,True
2026-07-31T08:25:48.824537Z,34,POST /api/v1/auth/login,POST,200,527.776,True
2026-07-31T08:25:48.831395279Z,33,GET /api/v1/scans,GET,200,47.256,True
2026-07-31T08:25:48.833036488Z,36,GET /api/v1/user/profile,GET,200,260.961,True
2026-07-31T08:25:48.838329506Z,11,POST /api/v1/scans,POST,409,217.563,False
2026-07-31T08:25:48.838775279Z,56,POST /api/v1/scans,POST,409,348.519,False
2026-07-31T08:25:48.840628752Z,58,GET /api/v1/scans,GET,200,42.536,True
2026-07-31T08:25:48.840960626Z,52,GET /api/v1/scans,GET,200,41.173,True
2026-07-31T08:25:48.842438611Z,34,GET /api/v1/scans,GET,200,17.659,True
2026-07-31T08:25:48.84439003Z,18,POST /api/v1/scans,POST,409,100.933,False
2026-07-31T08:25:48.858314338Z,53,GET /api/v1/scans,GET,200,191.365,True
2026-07-31T08:25:48.86261808Z,21,GET /api/v1/scans,GET,200,9.634,True
2026-07-31T08:25:48.89388127Z,59,GET /api/v1/scans,GET,200,53.967,True
2026-07-31T08:25:48.894634932Z,42,GET /api/v1/scans,GET,200,18.27,True
2026-07-31T08:25:48.895862218Z,77,GET /api/v1/scans,GET,200,18.128,True
2026-07-31T08:25:48.895968793Z,5,GET /api/v1/user/profile,GET,200,14.944,True
2026-07-31T08:25:48.897050571Z,79,POST /api/v1/auth/login,POST,200,399.749,True
2026-07-31T08:25:48.912142515Z,57,POST /api/v1/scans,POST,201,60.351,True
2026-07-31T08:25:48.912970375Z,79,GET /api/v1/scans,GET,200,15.685,True
2026-07-31T08:25:48.923317094Z,28,POST /api/v1/scans,POST,201,52.182,True
2026-07-31T08:25:48.98954317Z,50,POST /api/v1/auth/login,POST,200,392.574,True
2026-07-31T08:25:48.998738008Z,39,GET /api/v1/user/profile,GET,200,18.542,True
2026-07-31T08:25:48.999612151Z,23,GET /api/v1/user/profile,GET,200,22.548,True
2026-07-31T08:25:49.004665357Z,50,GET /api/v1/scans,GET,200,14.803,True
2026-07-31T08:25:49.005276816Z,49,GET /api/v1/scans,GET,200,14.247,True
2026-07-31T08:25:49.007160492Z,15,POST /api/v1/scans,POST,409,38.238,False
2026-07-31T08:25:49.007764381Z,26,GET /api/v1/user/profile,GET,200,8.044,True
2026-07-31T08:25:49.01096897Z,62,GET /api/v1/user/profile,GET,200,4.096,True
2026-07-31T08:25:49.042237156Z,67,GET /api/v1/scans/{id},GET,200,12.205,True
2026-07-31T08:25:49.050359871Z,25,POST /api/v1/scans,POST,409,36.992,False
2026-07-31T08:25:49.106096455Z,55,GET /api/v1/scans,GET,200,19.957,True
2026-07-31T08:25:49.106158858Z,47,GET /api/v1/scans/{id},GET,200,9.082,True
2026-07-31T08:25:49.138041912Z,14,GET /api/v1/scans,GET,200,5.642,True
2026-07-31T08:25:49.140128898Z,71,POST /api/v1/auth/login,POST,200,442.82,True
2026-07-31T08:25:49.144098883Z,27,POST /api/v1/auth/login,POST,200,346.528,True
2026-07-31T08:25:49.14883457Z,71,GET /api/v1/scans,GET,200,8.459,True
2026-07-31T08:25:49.172607869Z,2,GET /api/v1/scans,GET,200,10.413,True
2026-07-31T08:25:49.179121847Z,27,POST /api/v1/scans,POST,201,34.696,True
2026-07-31T08:25:49.221281969Z,38,POST /api/v1/scans,POST,409,56.621,False
2026-07-31T08:25:49.23490906Z,43,POST /api/v1/auth/login,POST,200,338.328,True
2026-07-31T08:25:49.244096571Z,43,GET /api/v1/scans,GET,200,8.748,True
2026-07-31T08:25:49.24674245Z,20,GET /api/v1/scans,GET,200,6.557,True
2026-07-31T08:25:49.262472135Z,35,GET /api/v1/scans,GET,200,8.079,True
2026-07-31T08:25:49.26293627Z,63,GET /api/v1/scans,GET,200,5.055,True
2026-07-31T08:25:49.272904904Z,10,GET /api/v1/scans/{id},GET,200,5.491,True
2026-07-31T08:25:49.273030447Z,32,GET /api/v1/scans,GET,200,6.719,True
2026-07-31T08:25:49.285989751Z,6,GET /api/v1/scans,GET,200,6.576,True
2026-07-31T08:25:49.308513388Z,60,GET /api/v1/user/profile,GET,200,15.906,True
2026-07-31T08:25:49.310313208Z,68,GET /api/v1/scans,GET,200,14.26,True
2026-07-31T08:25:49.311793226Z,37,GET /api/v1/scans,GET,200,11.652,True
2026-07-31T08:25:49.323144892Z,81,POST /api/v1/auth/login,POST,200,326.472,True
2026-07-31T08:25:49.329090171Z,9,GET /api/v1/scans,GET,200,12.094,True
2026-07-31T08:25:49.333232869Z,64,GET /api/v1/scans,GET,200,14.029,True
2026-07-31T08:25:49.335349359Z,81,GET /api/v1/scans,GET,200,11.975,True
2026-07-31T08:25:49.33632075Z,1,GET /api/v1/user/profile,GET,200,10.555,True
2026-07-31T08:25:49.337088456Z,12,GET /api/v1/user/profile,GET,200,5.678,True
2026-07-31T08:25:49.37115026Z,31,GET /api/v1/scans,GET,200,6.727,True
2026-07-31T08:25:49.385402421Z,76,GET /api/v1/scans,GET,200,10.381,True
2026-07-31T08:25:49.385607889Z,33,GET /api/v1/scans,GET,200,12.151,True
2026-07-31T08:25:49.402072227Z,18,GET /api/v1/scans/{id},GET,200,11.974,True
2026-07-31T08:25:49.436423433Z,80,POST /api/v1/auth/login,POST,200,339.169,True
2026-07-31T08:25:49.44342133Z,80,GET /api/v1/user/profile,GET,200,6.752,True
2026-07-31T08:25:49.443472335Z,51,POST /api/v1/scans,POST,409,48.24,False
2026-07-31T08:25:49.453658133Z,8,GET /api/v1/scans/{id},GET,200,9.008,True
2026-07-31T08:25:49.455592062Z,56,GET /api/v1/scans,GET,200,8.281,True
2026-07-31T08:25:49.46739717Z,58,GET /api/v1/user/profile,GET,200,8.479,True
2026-07-31T08:25:49.470209823Z,66,GET /api/v1/scans,GET,200,6.821,True
2026-07-31T08:25:49.510105268Z,4,GET /api/v1/user/profile,GET,200,8.864,True
2026-07-31T08:25:49.51166181Z,36,GET /api/v1/scans,GET,200,6.711,True
2026-07-31T08:25:49.529634058Z,57,GET /api/v1/scans/{id},GET,200,7.974,True
2026-07-31T08:25:49.534897564Z,82,POST /api/v1/auth/login,POST,200,337.612,True
2026-07-31T08:25:49.559714982Z,44,GET /api/v1/user/profile,GET,200,25.736,True
2026-07-31T08:25:49.565190254Z,13,GET /api/v1/scans/{id},GET,200,27.959,True
2026-07-31T08:25:49.566206916Z,82,GET /api/v1/scans,GET,200,30.994,True
2026-07-31T08:25:49.566409956Z,21,GET /api/v1/scans,GET,200,31.454,True
2026-07-31T08:25:49.584785598Z,24,POST /api/v1/scans,POST,409,70.619,False
2026-07-31T08:25:49.592081485Z,65,POST /api/v1/scans,POST,201,50.29,True
2026-07-31T08:25:49.634563861Z,73,POST /api/v1/auth/login,POST,200,338.07,True
2026-07-31T08:25:49.683658093Z,59,GET /api/v1/scans/{id},GET,200,29.801,True
2026-07-31T08:25:49.693009064Z,55,GET /api/v1/scans,GET,200,36.995,True
2026-07-31T08:25:49.69306593Z,49,GET /api/v1/scans,GET,200,32.623,True
2026-07-31T08:25:49.693091102Z,14,GET /api/v1/user/profile,GET,200,26.198,True
2026-07-31T08:25:49.703564395Z,29,POST /api/v1/scans,POST,409,72.045,False
2026-07-31T08:25:49.717693091Z,70,GET /api/v1/scans,GET,200,40.462,True
2026-07-31T08:25:49.728085624Z,73,POST /api/v1/scans,POST,201,93.254,True
2026-07-31T08:25:49.736599398Z,7,GET /api/v1/scans/{id},GET,200,28.523,True
2026-07-31T08:25:49.738970783Z,46,GET /api/v1/scans,GET,200,29.785,True
2026-07-31T08:25:49.739008122Z,75,GET /api/v1/scans,GET,200,27.618,True
2026-07-31T08:25:49.744083844Z,42,GET /api/v1/scans,GET,200,17.817,True
2026-07-31T08:25:49.74422774Z,17,POST /api/v1/scans,POST,409,100.721,False
2026-07-31T08:25:49.750426303Z,83,POST /api/v1/auth/login,POST,200,353.508,True
2026-07-31T08:25:49.783480314Z,83,GET /api/v1/scans,GET,200,32.786,True
2026-07-31T08:25:49.787106099Z,3,GET /api/v1/scans,GET,200,21.383,True
2026-07-31T08:25:49.788113572Z,5,GET /api/v1/scans,GET,200,16.103,True
2026-07-31T08:25:49.788224072Z,30,GET /api/v1/scans,GET,200,14.172,True
2026-07-31T08:25:49.809621163Z,45,GET /api/v1/scans,GET,200,8.185,True
2026-07-31T08:25:49.820019569Z,85,POST /api/v1/auth/login,POST,200,322.235,True
2026-07-31T08:25:49.822792534Z,77,GET /api/v1/scans,GET,200,9.593,True
2026-07-31T08:25:49.826973577Z,85,GET /api/v1/scans,GET,200,6.642,True
2026-07-31T08:25:49.863522449Z,20,GET /api/v1/scans/{id},GET,200,9.434,True
2026-07-31T08:25:49.86367225Z,22,GET /api/v1/scans,GET,200,10.858,True
2026-07-31T08:25:49.865920352Z,54,GET /api/v1/scans,GET,200,6.408,True
2026-07-31T08:25:49.87400513Z,63,GET /api/v1/scans,GET,200,5.611,True
2026-07-31T08:25:49.891292773Z,71,GET /api/v1/user/profile,GET,200,6.768,True
2026-07-31T08:25:49.894605661Z,53,GET /api/v1/scans,GET,200,7.246,True
2026-07-31T08:25:49.896298869Z,19,GET /api/v1/scans/{id},GET,200,5.599,True
2026-07-31T08:25:49.914782071Z,16,GET /api/v1/user/profile,GET,200,4.659,True
2026-07-31T08:25:49.917081024Z,84,POST /api/v1/auth/login,POST,200,320.081,True
2026-07-31T08:25:49.922286893Z,84,GET /api/v1/user/profile,GET,200,4.951,True
2026-07-31T08:25:49.946031363Z,52,GET /api/v1/scans,GET,200,6.073,True
2026-07-31T08:25:49.976288009Z,31,GET /api/v1/scans/{id},GET,200,7.751,True
2026-07-31T08:25:49.978092044Z,69,GET /api/v1/scans,GET,200,6.095,True
2026-07-31T08:25:49.994941209Z,62,GET /api/v1/scans,GET,200,6.236,True
2026-07-31T08:25:50.01383615Z,15,GET /api/v1/scans,GET,200,8.735,True
2026-07-31T08:25:50.033632408Z,51,GET /api/v1/scans,GET,200,6.563,True
2026-07-31T08:25:50.04877422Z,23,GET /api/v1/scans/{id},GET,200,6.56,True
2026-07-31T08:25:50.054016757Z,88,POST /api/v1/auth/login,POST,200,357.106,True
2026-07-31T08:25:50.061106695Z,88,GET /api/v1/scans,GET,200,6.835,True
2026-07-31T08:25:50.084734472Z,11,GET /api/v1/user/profile,GET,200,11.143,True
2026-07-31T08:25:50.085854637Z,76,GET /api/v1/scans/{id},GET,200,11.917,True
2026-07-31T08:25:50.116765618Z,35,GET /api/v1/user/profile,GET,200,15.719,True
2026-07-31T08:25:50.116914345Z,61,GET /api/v1/user/profile,GET,200,10.445,True
2026-07-31T08:25:50.120160228Z,2,POST /api/v1/scans,POST,409,45.256,False
2026-07-31T08:25:50.125054194Z,41,POST /api/v1/auth/login,POST,200,328.022,True
2026-07-31T08:25:50.170929668Z,41,POST /api/v1/scans,POST,201,45.522,True
2026-07-31T08:25:50.178990718Z,27,POST /api/v1/scans,POST,409,37.956,False
2026-07-31T08:25:50.19790101Z,18,GET /api/v1/user/profile,GET,200,10.284,True
2026-07-31T08:25:50.220083159Z,86,POST /api/v1/auth/login,POST,200,323.351,True
2026-07-31T08:25:50.221450159Z,47,GET /api/v1/user/profile,GET,200,9.691,True
2026-07-31T08:25:50.222699827Z,33,GET /api/v1/scans,GET,200,12.347,True
2026-07-31T08:25:50.227271784Z,86,GET /api/v1/scans,GET,200,6.91,True
2026-07-31T08:25:50.282640358Z,10,GET /api/v1/scans,GET,200,26.456,True
2026-07-31T08:25:50.285969486Z,82,GET /api/v1/scans,GET,200,19.213,True
2026-07-31T08:25:50.287084949Z,79,GET /api/v1/scans,GET,200,16.976,True
2026-07-31T08:25:50.290720303Z,12,POST /api/v1/scans,POST,409,47.609,False
2026-07-31T08:25:50.317076084Z,42,GET /api/v1/scans/{id},GET,200,19.866,True
2026-07-31T08:25:50.327093977Z,38,POST /api/v1/scans,POST,409,51.833,False
2026-07-31T08:25:50.328901351Z,40,POST /api/v1/auth/login,POST,200,332.378,True
2026-07-31T08:25:50.334316773Z,40,GET /api/v1/scans,GET,200,5.13,True
2026-07-31T08:25:50.350591876Z,34,GET /api/v1/scans,GET,200,9.834,True
2026-07-31T08:25:50.360171342Z,25,GET /api/v1/scans,GET,200,11.823,True
2026-07-31T08:25:50.36118314Z,28,GET /api/v1/scans,GET,200,12.033,True
2026-07-31T08:25:50.386406806Z,14,POST /api/v1/scans,POST,409,41.235,False
2026-07-31T08:25:50.386566726Z,37,GET /api/v1/user/profile,GET,200,9.836,True
2026-07-31T08:25:50.388152812Z,44,GET /api/v1/scans,GET,200,7.845,True
2026-07-31T08:25:50.407824074Z,81,GET /api/v1/scans,GET,200,13.378,True
2026-07-31T08:25:50.40953022Z,50,GET /api/v1/scans,GET,200,11.001,True
2026-07-31T08:25:50.435716538Z,13,GET /api/v1/scans,GET,200,12.608,True
2026-07-31T08:25:50.437258378Z,80,GET /api/v1/scans,GET,200,8.569,True
2026-07-31T08:25:50.444332117Z,89,POST /api/v1/auth/login,POST,200,346.711,True
2026-07-31T08:25:50.448230186Z,39,POST /api/v1/scans,POST,201,50.874,True
2026-07-31T08:25:50.452766602Z,89,GET /api/v1/scans,GET,200,8.055,True
2026-07-31T08:25:50.490819084Z,32,GET /api/v1/scans,GET,200,33.232,True
2026-07-31T08:25:50.501722387Z,4,GET /api/v1/user/profile,GET,200,23.007,True
2026-07-31T08:25:50.508433241Z,84,GET /api/v1/scans,GET,200,26.637,True
2026-07-31T08:25:50.567122696Z,43,POST /api/v1/scans,POST,201,117.715,True
2026-07-31T08:25:50.568581467Z,26,GET /api/v1/scans,GET,200,65.505,True
2026-07-31T08:25:50.578660589Z,73,GET /api/v1/scans/{id},GET,200,34.146,True
2026-07-31T08:25:50.578694339Z,60,GET /api/v1/scans,GET,200,56.007,True
2026-07-31T08:25:50.591875024Z,8,GET /api/v1/user/profile,GET,200,34.187,True
2026-07-31T08:25:50.593005709Z,90,POST /api/v1/auth/login,POST,200,395.962,True
2026-07-31T08:25:50.594425082Z,67,POST /api/v1/scans,POST,409,121.317,False
2026-07-31T08:25:50.597721999Z,6,GET /api/v1/scans/{id},GET,200,27.695,True
2026-07-31T08:25:50.617230736Z,21,POST /api/v1/scans,POST,201,140.809,True
2026-07-31T08:25:50.622413366Z,90,GET /api/v1/user/profile,GET,200,29.112,True
2026-07-31T08:25:50.62464357Z,22,GET /api/v1/user/profile,GET,200,30.834,True
2026-07-31T08:25:50.627658Z,75,GET /api/v1/user/profile,GET,200,25.473,True
2026-07-31T08:25:50.632365435Z,36,POST /api/v1/scans,POST,201,129.095,True
2026-07-31T08:25:50.636646158Z,71,GET /api/v1/scans,GET,200,9.025,True
2026-07-31T08:25:50.640374339Z,87,POST /api/v1/auth/login,POST,200,342.855,True
2026-07-31T08:25:50.666445756Z,87,GET /api/v1/user/profile,GET,200,25.814,True
2026-07-31T08:25:50.671864629Z,64,GET /api/v1/scans,GET,200,22.853,True
2026-07-31T08:25:50.673989977Z,45,GET /api/v1/user/profile,GET,200,6.157,True
2026-07-31T08:25:50.690431993Z,30,GET /api/v1/scans,GET,200,6.003,True
2026-07-31T08:25:50.696569408Z,70,POST /api/v1/scans,POST,201,36.259,True
2026-07-31T08:25:50.721399557Z,91,POST /api/v1/auth/login,POST,200,324.067,True
2026-07-31T08:25:50.729692609Z,69,GET /api/v1/scans,GET,200,20.617,True
2026-07-31T08:25:50.729869877Z,15,GET /api/v1/scans,GET,200,18.434,True
2026-07-31T08:25:50.73025714Z,91,GET /api/v1/user/profile,GET,200,8.5,True
2026-07-31T08:25:50.740385658Z,58,GET /api/v1/user/profile,GET,200,3.731,True
2026-07-31T08:25:50.752880632Z,33,GET /api/v1/user/profile,GET,200,3.3,True
2026-07-31T08:25:50.763106873Z,59,GET /api/v1/scans,GET,200,4.836,True
2026-07-31T08:25:50.772226597Z,68,GET /api/v1/scans/{id},GET,200,4.958,True
2026-07-31T08:25:50.795058984Z,16,GET /api/v1/user/profile,GET,200,17.274,True
2026-07-31T08:25:50.809869654Z,9,GET /api/v1/scans,GET,200,23.481,True
2026-07-31T08:25:50.811593436Z,1,GET /api/v1/scans,GET,200,21.817,True
2026-07-31T08:25:50.814689068Z,55,GET /api/v1/scans,GET,200,18.245,True
2026-07-31T08:25:50.814718028Z,19,GET /api/v1/scans/{id},GET,200,15.408,True
2026-07-31T08:25:50.822987286Z,77,POST /api/v1/scans,POST,201,49.442,True
2026-07-31T08:25:50.845221595Z,63,GET /api/v1/scans,GET,200,19.785,True
2026-07-31T08:25:50.845401961Z,18,GET /api/v1/scans,GET,200,13.671,True
2026-07-31T08:25:50.848528438Z,88,GET /api/v1/scans,GET,200,9.224,True
2026-07-31T08:25:50.849108557Z,56,POST /api/v1/scans,POST,409,53.833,False
2026-07-31T08:25:50.861765554Z,48,POST /api/v1/auth/login,POST,200,364.98,True
2026-07-31T08:25:50.869830783Z,48,GET /api/v1/user/profile,GET,200,7.831,True
2026-07-31T08:25:50.890594449Z,83,POST /api/v1/scans,POST,201,37.126,True
2026-07-31T08:25:50.917835957Z,66,GET /api/v1/scans,GET,200,21.906,True
2026-07-31T08:25:50.925204216Z,47,GET /api/v1/user/profile,GET,200,25.263,True
2026-07-31T08:25:50.928837742Z,29,GET /api/v1/user/profile,GET,200,19.378,True
2026-07-31T08:25:50.929227196Z,3,GET /api/v1/scans/{id},GET,200,10.07,True
2026-07-31T08:25:50.933455369Z,92,POST /api/v1/auth/login,POST,200,336.626,True
2026-07-31T08:25:50.938202077Z,92,GET /api/v1/scans,GET,200,4.523,True
2026-07-31T08:25:50.942114253Z,57,GET /api/v1/scans/{id},GET,200,3.781,True
2026-07-31T08:25:50.965487126Z,2,GET /api/v1/scans/{id},GET,200,3.963,True
2026-07-31T08:25:50.989381456Z,85,GET /api/v1/scans/{id},GET,200,6.582,True
2026-07-31T08:25:50.989591215Z,93,POST /api/v1/auth/login,POST,200,292.894,True
2026-07-31T08:25:51.001405632Z,93,GET /api/v1/scans,GET,200,11.63,True
2026-07-31T08:25:51.018225461Z,50,GET /api/v1/scans,GET,200,6.454,True
2026-07-31T08:25:51.020628058Z,65,POST /api/v1/scans,POST,409,35.534,False
2026-07-31T08:25:51.021146612Z,82,GET /api/v1/scans,GET,200,8.197,True
2026-07-31T08:25:51.044343449Z,17,GET /api/v1/scans,GET,200,14.731,True
2026-07-31T08:25:51.044416202Z,27,GET /api/v1/user/profile,GET,200,12.552,True
2026-07-31T08:25:51.049598764Z,24,POST /api/v1/scans,POST,409,31.678,False
2026-07-31T08:25:51.074992579Z,51,GET /api/v1/scans,GET,200,5.119,True
2026-07-31T08:25:51.090706403Z,46,GET /api/v1/scans,GET,200,4.653,True
2026-07-31T08:25:51.095114031Z,94,POST /api/v1/auth/login,POST,200,298.333,True
2026-07-31T08:25:51.101619292Z,94,GET /api/v1/scans,GET,200,6.292,True
2026-07-31T08:25:51.108410902Z,89,GET /api/v1/user/profile,GET,200,3.57,True
2026-07-31T08:25:51.1207212Z,49,GET /api/v1/scans,GET,200,5.024,True
2026-07-31T08:25:51.157085861Z,7,GET /api/v1/scans,GET,200,5.732,True
2026-07-31T08:25:51.172445768Z,75,GET /api/v1/user/profile,GET,200,3.912,True
2026-07-31T08:25:51.195714812Z,95,POST /api/v1/auth/login,POST,200,298.094,True
2026-07-31T08:25:51.19607411Z,31,GET /api/v1/scans/{id},GET,200,5.103,True
2026-07-31T08:25:51.222709686Z,25,GET /api/v1/scans,GET,200,20.024,True
2026-07-31T08:25:51.231553678Z,62,GET /api/v1/scans,GET,200,23.59,True
2026-07-31T08:25:51.257741233Z,95,POST /api/v1/scans,POST,201,61.726,True
2026-07-31T08:25:51.263817592Z,5,GET /api/v1/scans/{id},GET,200,37.832,True
2026-07-31T08:25:51.268521045Z,13,GET /api/v1/scans,GET,200,42.401,True
2026-07-31T08:25:51.28069275Z,69,GET /api/v1/scans/{id},GET,200,41.403,True
2026-07-31T08:25:51.283843692Z,52,GET /api/v1/scans,GET,200,40.231,True
2026-07-31T08:25:51.283906869Z,30,GET /api/v1/scans,GET,200,44.541,True
2026-07-31T08:25:51.309900575Z,32,GET /api/v1/user/profile,GET,200,44.673,True
2026-07-31T08:25:51.312879047Z,44,GET /api/v1/scans,GET,200,50.488,True
2026-07-31T08:25:51.313503241Z,59,GET /api/v1/scans/{id},GET,200,44.623,True
2026-07-31T08:25:51.329143661Z,54,POST /api/v1/scans,POST,409,118.82,False
2026-07-31T08:25:51.345850504Z,53,GET /api/v1/scans,GET,200,60.499,True
2026-07-31T08:25:51.347369488Z,70,GET /api/v1/scans/{id},GET,200,34.493,True
2026-07-31T08:25:51.349189478Z,87,GET /api/v1/scans,GET,200,36.173,True
2026-07-31T08:25:51.355559378Z,35,GET /api/v1/scans/{id},GET,200,9.523,True
2026-07-31T08:25:51.355646846Z,96,POST /api/v1/auth/login,POST,200,358.954,True
2026-07-31T08:25:51.368948551Z,58,GET /api/v1/scans,GET,200,18.425,True
2026-07-31T08:25:51.37231159Z,8,GET /api/v1/scans/{id},GET,200,19.611,True
2026-07-31T08:25:51.37239334Z,84,POST /api/v1/scans,POST,201,114.701,True
2026-07-31T08:25:51.376369085Z,96,GET /api/v1/scans,GET,200,20.544,True
2026-07-31T08:25:51.382160383Z,80,GET /api/v1/scans,GET,200,19.945,True
2026-07-31T08:25:51.434764316Z,71,GET /api/v1/user/profile,GET,200,46.009,True
2026-07-31T08:25:51.439138824Z,28,GET /api/v1/scans/{id},GET,200,42.108,True
2026-07-31T08:25:51.447470558Z,98,POST /api/v1/auth/login,POST,200,350.935,True
2026-07-31T08:25:51.475572851Z,76,POST /api/v1/scans,POST,409,120.423,False
2026-07-31T08:25:51.477418459Z,61,GET /api/v1/scans,GET,200,54.294,True
2026-07-31T08:25:51.481212437Z,39,POST /api/v1/scans,POST,409,120.042,False
2026-07-31T08:25:51.507662392Z,98,GET /api/v1/scans,GET,200,59.919,True
2026-07-31T08:25:51.508438112Z,6,GET /api/v1/scans,GET,200,48.337,True
2026-07-31T08:25:51.509460954Z,57,GET /api/v1/scans/{id},GET,200,32.393,True
2026-07-31T08:25:51.516327603Z,33,GET /api/v1/scans,GET,200,41.03,True
2026-07-31T08:25:51.517136038Z,55,GET /api/v1/user/profile,GET,200,33.5,True
2026-07-31T08:25:51.521140866Z,86,GET /api/v1/user/profile,GET,200,23.907,True
2026-07-31T08:25:51.529751683Z,36,POST /api/v1/scans,POST,409,138.767,False
2026-07-31T08:25:51.530215481Z,3,GET /api/v1/scans,GET,200,21.664,True
2026-07-31T08:25:51.53224207Z,23,GET /api/v1/scans/{id},GET,200,16.561,True
2026-07-31T08:25:51.532869984Z,20,POST /api/v1/scans,POST,409,270.26,False
2026-07-31T08:25:51.534477759Z,56,GET /api/v1/scans,GET,200,16.046,True
2026-07-31T08:25:51.535437113Z,72,POST /api/v1/auth/login,POST,200,339.102,True
2026-07-31T08:25:51.542167685Z,72,GET /api/v1/scans,GET,200,6.487,True
2026-07-31T08:25:51.57468733Z,16,GET /api/v1/scans,GET,200,24.799,True
2026-07-31T08:25:51.587067871Z,83,GET /api/v1/scans/{id},GET,200,24.792,True
2026-07-31T08:25:51.588046515Z,11,GET /api/v1/scans,GET,200,22.531,True
2026-07-31T08:25:51.60035527Z,77,POST /api/v1/scans,POST,409,55.617,False
2026-07-31T08:25:51.603576634Z,50,GET /api/v1/scans,GET,200,16.329,True
2026-07-31T08:25:51.604625889Z,14,GET /api/v1/user/profile,GET,200,17.274,True
2026-07-31T08:25:51.607794652Z,26,POST /api/v1/scans,POST,201,190.783,True
2026-07-31T08:25:51.634675354Z,88,GET /api/v1/scans,GET,200,11.085,True
2026-07-31T08:25:51.645676668Z,64,GET /api/v1/scans,GET,200,17.67,True
2026-07-31T08:25:51.647805023Z,21,POST /api/v1/scans,POST,409,59.672,False
2026-07-31T08:25:51.651379582Z,97,POST /api/v1/auth/login,POST,200,354.285,True
2026-07-31T08:25:51.652572716Z,41,GET /api/v1/scans,GET,200,11.309,True
2026-07-31T08:25:51.659080326Z,97,GET /api/v1/scans,GET,200,7.428,True
2026-07-31T08:25:51.661655832Z,79,GET /api/v1/scans,GET,200,8.871,True
2026-07-31T08:25:51.698453523Z,38,GET /api/v1/user/profile,GET,200,23.361,True
2026-07-31T08:25:51.70113312Z,42,GET /api/v1/user/profile,GET,200,10.772,True
2026-07-31T08:25:51.702165229Z,15,GET /api/v1/scans,GET,200,17.633,True
2026-07-31T08:25:51.702273233Z,27,GET /api/v1/scans,GET,200,16.349,True
2026-07-31T08:25:51.70513054Z,12,POST /api/v1/scans,POST,409,39.169,False
2026-07-31T08:25:51.72552906Z,40,GET /api/v1/scans,GET,200,10.077,True
2026-07-31T08:25:51.727331124Z,43,GET /api/v1/user/profile,GET,200,6.305,True
2026-07-31T08:25:51.727434194Z,34,GET /api/v1/scans,GET,200,11.987,True
2026-07-31T08:25:51.735469711Z,100,POST /api/v1/auth/login,POST,200,338.153,True
2026-07-31T08:25:51.744911247Z,66,GET /api/v1/scans,GET,200,10.476,True
2026-07-31T08:25:51.745112007Z,100,GET /api/v1/scans,GET,200,9.445,True
2026-07-31T08:25:51.768939759Z,10,POST /api/v1/scans,POST,409,36.09,False
2026-07-31T08:25:51.769741834Z,60,GET /api/v1/user/profile,GET,200,4.388,True
2026-07-31T08:25:51.803657007Z,62,GET /api/v1/scans,GET,200,5.48,True
2026-07-31T08:25:51.827138944Z,74,POST /api/v1/auth/login,POST,200,329.611,True
2026-07-31T08:25:51.834065179Z,74,GET /api/v1/scans,GET,200,6.668,True
2026-07-31T08:25:51.8471772Z,4,GET /api/v1/scans,GET,200,7.57,True
2026-07-31T08:25:51.848308852Z,81,GET /api/v1/user/profile,GET,200,4.336,True
2026-07-31T08:25:51.863990022Z,22,GET /api/v1/user/profile,GET,200,9.07,True
2026-07-31T08:25:51.874606007Z,37,GET /api/v1/scans,GET,200,14.493,True
2026-07-31T08:25:51.885478561Z,45,POST /api/v1/scans,POST,201,31.776,True
2026-07-31T08:25:51.892596292Z,9,GET /api/v1/scans/{id},GET,200,11.526,True
2026-07-31T08:25:51.928044411Z,69,GET /api/v1/scans,GET,200,22.993,True
2026-07-31T08:25:51.930822265Z,99,POST /api/v1/auth/login,POST,200,333.829,True
2026-07-31T08:25:51.936479025Z,73,GET /api/v1/scans/{id},GET,200,11.742,True
2026-07-31T08:25:51.944479503Z,80,POST /api/v1/scans,POST,201,61.134,True
2026-07-31T08:25:51.951433085Z,99,GET /api/v1/scans,GET,200,20.338,True
2026-07-31T08:25:51.968848485Z,19,POST /api/v1/scans,POST,409,59.274,False
2026-07-31T08:25:51.986134558Z,90,POST /api/v1/scans,POST,201,42.516,True
2026-07-31T08:25:51.987209717Z,93,GET /api/v1/scans,GET,200,7.907,True
2026-07-31T08:25:51.99579249Z,78,POST /api/v1/auth/login,POST,200,298.263,True
2026-07-31T08:25:52.001758712Z,87,GET /api/v1/scans,GET,200,10.199,True
2026-07-31T08:25:52.00249707Z,78,GET /api/v1/scans,GET,200,6.347,True
2026-07-31T08:25:52.040341935Z,29,GET /api/v1/user/profile,GET,200,6.3,True
2026-07-31T08:25:52.045646294Z,46,POST /api/v1/scans,POST,201,23.703,True
2026-07-31T08:25:52.118583225Z,67,POST /api/v1/scans,POST,409,30.431,False
2026-07-31T08:25:52.130923725Z,71,GET /api/v1/scans,GET,200,7.03,True
2026-07-31T08:25:52.131143736Z,51,GET /api/v1/scans,GET,200,7.25,True
2026-07-31T08:25:52.144801298Z,53,GET /api/v1/scans,GET,200,5.783,True
2026-07-31T08:25:52.145100879Z,65,GET /api/v1/scans,GET,200,5.951,True
2026-07-31T08:25:52.206697506Z,68,GET /api/v1/scans/{id},GET,200,41.573,True
2026-07-31T08:25:52.213606008Z,91,GET /api/v1/scans,GET,200,41.153,True
2026-07-31T08:25:52.214572447Z,59,GET /api/v1/user/profile,GET,200,30.082,True
2026-07-31T08:25:52.215424626Z,94,GET /api/v1/scans,GET,200,35.433,True
2026-07-31T08:25:52.218131766Z,1,GET /api/v1/scans/{id},GET,200,15.658,True
2026-07-31T08:25:52.218563193Z,97,GET /api/v1/scans,GET,200,20.704,True
2026-07-31T08:25:52.220385723Z,44,GET /api/v1/scans,GET,200,11.29,True
2026-07-31T08:25:52.220476821Z,85,GET /api/v1/scans,GET,200,10.137,True
2026-07-31T08:25:52.220512294Z,26,POST /api/v1/scans,POST,409,64.144,False
2026-07-31T08:25:52.221311596Z,17,POST /api/v1/scans,POST,409,62.616,False
2026-07-31T08:25:52.234110638Z,24,GET /api/v1/scans,GET,200,4.54,True
2026-07-31T08:25:52.240780382Z,48,GET /api/v1/scans,GET,200,4.336,True
2026-07-31T08:25:52.244961056Z,86,GET /api/v1/scans,GET,200,4.096,True
2026-07-31T08:25:52.251776284Z,40,GET /api/v1/user/profile,GET,200,4.595,True
2026-07-31T08:25:52.2518087Z,34,GET /api/v1/user/profile,GET,200,4.515,True
2026-07-31T08:25:52.268845046Z,76,GET /api/v1/scans,GET,200,4.651,True
2026-07-31T08:25:52.286680769Z,25,GET /api/v1/scans/{id},GET,200,5.397,True
2026-07-31T08:25:52.287224453Z,89,GET /api/v1/scans,GET,200,4.791,True
2026-07-31T08:25:52.290823284Z,63,GET /api/v1/scans,GET,200,4.033,True
2026-07-31T08:25:52.327624992Z,82,GET /api/v1/scans,GET,200,23.986,True
2026-07-31T08:25:52.331389169Z,75,GET /api/v1/scans,GET,200,24.277,True
2026-07-31T08:25:52.381092729Z,54,GET /api/v1/user/profile,GET,200,58.433,True
2026-07-31T08:25:52.381201832Z,31,POST /api/v1/scans,POST,409,89.053,False
2026-07-31T08:25:52.391294194Z,52,GET /api/v1/user/profile,GET,200,68.626,True
2026-07-31T08:25:52.453449293Z,58,GET /api/v1/scans,GET,200,118.307,True
2026-07-31T08:25:52.490689162Z,20,GET /api/v1/scans,GET,200,139.194,True
2026-07-31T08:25:52.490790045Z,18,GET /api/v1/scans,GET,200,146.289,True
2026-07-31T08:25:52.490918771Z,13,GET /api/v1/user/profile,GET,200,125.437,True
2026-07-31T08:25:52.524294556Z,30,GET /api/v1/scans,GET,200,162.387,True
2026-07-31T08:25:52.583731596Z,50,POST /api/v1/scans,POST,409,274.426,False
2026-07-31T08:25:52.683043981Z,28,GET /api/v1/scans/{id},GET,200,234.129,True
2026-07-31T08:25:52.683229192Z,77,GET /api/v1/user/profile,GET,200,202.62,True
2026-07-31T08:25:52.736595595Z,7,GET /api/v1/user/profile,GET,200,275.261,True
2026-07-31T08:25:52.792772742Z,69,GET /api/v1/user/profile,GET,200,312.164,True
2026-07-31T08:25:52.883970564Z,14,GET /api/v1/scans,GET,200,286.289,True
2026-07-31T08:25:52.939019422Z,92,POST /api/v1/scans,POST,201,612.905,True
2026-07-31T08:25:52.984094099Z,11,POST /api/v1/scans,POST,409,681.637,False
2026-07-31T08:25:52.984203332Z,79,GET /api/v1/user/profile,GET,200,370.303,True
2026-07-31T08:25:53.123945983Z,47,POST /api/v1/scans,POST,409,816.941,False
2026-07-31T08:25:53.139868502Z,16,GET /api/v1/scans,GET,200,452.972,True
2026-07-31T08:25:53.14541735Z,1,GET /api/v1/user/profile,GET,200,361.985,True
2026-07-31T08:25:53.203595578Z,70,GET /api/v1/scans,GET,200,389.841,True
2026-07-31T08:25:53.271351315Z,42,GET /api/v1/scans,GET,200,455.272,True
2026-07-31T08:25:53.363957973Z,3,GET /api/v1/user/profile,GET,200,531.161,True
2026-07-31T08:25:53.458716654Z,87,GET /api/v1/scans,GET,200,641.426,True
2026-07-31T08:25:53.533652231Z,84,POST /api/v1/scans,POST,409,1119.453,False
2026-07-31T08:25:53.579832982Z,10,GET /api/v1/scans,GET,200,448.553,True
2026-07-31T08:25:53.5965408Z,15,GET /api/v1/user/profile,GET,200,832.366,True
2026-07-31T08:25:53.637994228Z,8,GET /api/v1/scans,GET,200,943.727,True
2026-07-31T08:25:53.652847889Z,100,GET /api/v1/user/profile,GET,200,1127.198,True
2026-07-31T08:25:53.670676114Z,29,GET /api/v1/scans,GET,200,397.885,True
2026-07-31T08:25:53.696389422Z,58,GET /api/v1/user/profile,GET,200,497.35,True
2026-07-31T08:25:53.718212532Z,32,POST /api/v1/scans,POST,201,1369.213,True
2026-07-31T08:25:53.718421925Z,49,GET /api/v1/scans,GET,200,1229.125,True
2026-07-31T08:25:53.726482069Z,45,GET /api/v1/scans,GET,200,484.279,True
2026-07-31T08:25:53.737561618Z,89,GET /api/v1/user/profile,GET,200,461.597,True
2026-07-31T08:25:53.747597528Z,25,GET /api/v1/scans,GET,200,570.312,True
2026-07-31T08:25:53.747919482Z,66,GET /api/v1/user/profile,GET,200,965.759,True
2026-07-31T08:25:53.748102104Z,72,GET /api/v1/scans,GET,200,1238.636,True
2026-07-31T08:25:53.755282363Z,39,GET /api/v1/scans,GET,200,1188.749,True
2026-07-31T08:25:53.76231257Z,36,GET /api/v1/scans,GET,200,1262.05,True
2026-07-31T08:25:53.76259455Z,95,GET /api/v1/scans,GET,200,1241.742,True
2026-07-31T08:25:53.762798721Z,81,GET /api/v1/scans/{id},GET,200,1208.619,True
2026-07-31T08:25:53.763170051Z,57,GET /api/v1/scans/{id},GET,200,1146.737,True
2026-07-31T08:25:53.780086738Z,92,GET /api/v1/scans,GET,200,156.622,True
2026-07-31T08:25:53.780162106Z,19,GET /api/v1/scans/{id},GET,200,498.483,True
2026-07-31T08:25:53.788095826Z,52,GET /api/v1/scans,GET,200,136.599,True
2026-07-31T08:25:53.788293066Z,12,GET /api/v1/scans,GET,200,1221.689,True
2026-07-31T08:25:53.796331096Z,35,GET /api/v1/scans,GET,200,1122.768,True
2026-07-31T08:25:53.796341942Z,40,GET /api/v1/user/profile,GET,200,444.793,True
2026-07-31T08:25:53.796560035Z,78,GET /api/v1/scans,GET,200,480.478,True
2026-07-31T08:25:53.804398954Z,34,GET /api/v1/user/profile,GET,200,475.983,True
2026-07-31T08:25:53.8100089Z,68,GET /api/v1/scans,GET,200,239.826,True
2026-07-31T08:25:53.81007785Z,73,GET /api/v1/user/profile,GET,200,1056.048,True
2026-07-31T08:25:53.810105735Z,41,GET /api/v1/user/profile,GET,200,919.21,True
2026-07-31T08:25:53.817145527Z,98,GET /api/v1/scans,GET,200,1181.418,True
2026-07-31T08:25:53.823511153Z,43,GET /api/v1/user/profile,GET,200,629.027,True
2026-07-31T08:25:53.829288691Z,51,GET /api/v1/scans,GET,200,1117.86,True
2026-07-31T08:25:53.82985041Z,59,GET /api/v1/scans,GET,200,1106.701,True
2026-07-31T08:25:53.849032489Z,30,GET /api/v1/scans,GET,200,114.308,True
2026-07-31T08:25:53.849036318Z,86,GET /api/v1/scans,GET,200,117.758,True
2026-07-31T08:25:53.849620861Z,64,GET /api/v1/user/profile,GET,200,762.542,True
2026-07-31T08:25:53.849672833Z,27,GET /api/v1/scans/{id},GET,200,1007.818,True
2026-07-31T08:25:53.849775575Z,82,GET /api/v1/scans,GET,200,338.075,True
2026-07-31T08:25:53.849905508Z,88,GET /api/v1/scans,GET,200,1134.143,True
2026-07-31T08:25:53.86050603Z,38,GET /api/v1/user/profile,GET,200,826.088,True
2026-07-31T08:25:53.878476351Z,97,GET /api/v1/scans,GET,200,272.036,True
2026-07-31T08:25:53.878539444Z,26,GET /api/v1/scans,GET,200,494.617,True
2026-07-31T08:25:53.878633682Z,69,GET /api/v1/scans,GET,200,349.144,True
2026-07-31T08:25:53.878741689Z,33,POST /api/v1/scans,POST,409,1421.83,False
2026-07-31T08:25:53.883983815Z,74,POST /api/v1/scans,POST,201,1303.996,True
2026-07-31T08:25:53.883985076Z,94,GET /api/v1/scans,GET,200,551.36,True
2026-07-31T08:25:53.890293933Z,83,GET /api/v1/scans/{id},GET,200,819.821,True
2026-07-31T08:25:53.890505207Z,23,GET /api/v1/scans/{id},GET,200,875.543,True
2026-07-31T08:25:53.890535857Z,62,GET /api/v1/scans,GET,200,628.951,True
2026-07-31T08:25:53.89069705Z,37,GET /api/v1/scans,GET,200,1223.464,True
2026-07-31T08:25:53.891052703Z,22,GET /api/v1/scans,GET,200,613.591,True
2026-07-31T08:25:53.913942656Z,65,GET /api/v1/user/profile,GET,200,814.344,True
2026-07-31T08:25:53.914131513Z,99,GET /api/v1/user/profile,GET,200,1023.253,True
2026-07-31T08:25:53.943293408Z,55,GET /api/v1/scans,GET,200,982.175,True
2026-07-31T08:25:53.943468603Z,17,GET /api/v1/scans,GET,200,1164.805,True
2026-07-31T08:25:53.950337242Z,56,GET /api/v1/scans,GET,200,1183.009,True
2026-07-31T08:25:53.950435013Z,63,GET /api/v1/scans,GET,200,167.734,True
2026-07-31T08:25:53.950761496Z,7,GET /api/v1/user/profile,GET,200,164.292,True
2026-07-31T08:25:53.950829328Z,44,GET /api/v1/scans,GET,200,648.213,True
2026-07-31T08:25:53.955507551Z,93,GET /api/v1/scans,GET,200,876.495,True
2026-07-31T08:25:53.955799129Z,90,POST /api/v1/scans,POST,409,1019.217,False
2026-07-31T08:25:53.955820454Z,71,GET /api/v1/scans,GET,200,330.92,True
2026-07-31T08:25:53.958027553Z,6,POST /api/v1/scans,POST,409,1584.073,False
2026-07-31T08:25:53.958111828Z,5,GET /api/v1/scans,GET,200,1236.201,True
2026-07-31T08:25:53.958147948Z,79,GET /api/v1/scans,GET,200,220.338,True
2026-07-31T08:25:53.958148941Z,13,GET /api/v1/scans/{id},GET,200,445.275,True
2026-07-31T08:25:53.958263998Z,61,POST /api/v1/scans,POST,201,1040.215,True
2026-07-31T08:25:53.979536917Z,24,GET /api/v1/user/profile,GET,200,681.257,True
2026-07-31T08:25:53.979642635Z,53,POST /api/v1/scans,POST,201,964.649,True
2026-07-31T08:25:53.98353467Z,28,GET /api/v1/scans,GET,200,630.957,True
2026-07-31T08:25:53.983571728Z,20,GET /api/v1/scans,GET,200,358.235,True
2026-07-31T08:25:53.992552441Z,76,GET /api/v1/scans,GET,200,254.847,True
2026-07-31T08:25:53.992685398Z,31,GET /api/v1/scans,GET,200,892.967,True
2026-07-31T08:25:53.992691401Z,80,POST /api/v1/scans,POST,409,913.963,False
2026-07-31T08:25:54.00931577Z,60,GET /api/v1/scans,GET,200,1108.986,True
2026-07-31T08:25:54.009483467Z,9,GET /api/v1/scans,GET,200,766.237,True
2026-07-31T08:25:54.018073722Z,11,GET /api/v1/scans,GET,200,169.208,True
2026-07-31T08:25:54.035276Z,21,GET /api/v1/scans,GET,200,970.988,True
2026-07-31T08:25:54.042723613Z,75,POST /api/v1/scans,POST,201,1004.764,True
2026-07-31T08:25:54.04296505Z,2,POST /api/v1/scans,POST,409,1649.08,False
2026-07-31T08:25:54.059630835Z,46,POST /api/v1/scans,POST,409,694.149,False
2026-07-31T08:25:54.059806626Z,18,POST /api/v1/scans,POST,409,715.476,False
2026-07-31T08:25:54.077790676Z,1,GET /api/v1/scans,GET,200,79.108,True
2026-07-31T08:25:54.077944614Z,85,GET /api/v1/scans,GET,200,533.612,True
2026-07-31T08:25:54.082931112Z,50,GET /api/v1/user/profile,GET,200,48.257,True
2026-07-31T08:25:54.098345069Z,14,POST /api/v1/scans,POST,409,474.89,False
2026-07-31T08:25:54.098503472Z,48,POST /api/v1/scans,POST,409,738.601,False
2026-07-31T08:25:54.10144222Z,77,GET /api/v1/scans,GET,200,107.443,True
2026-07-31T08:25:54.125233475Z,54,POST /api/v1/scans,POST,409,855.18,False
2026-07-31T08:25:54.131514185Z,4,POST /api/v1/scans,POST,409,923.185,False
2026-07-31T08:25:54.132071573Z,91,POST /api/v1/scans,POST,201,746.646,True
2026-07-31T08:25:54.135323748Z,87,GET /api/v1/user/profile,GET,200,30.192,True
2026-07-31T08:25:54.15039093Z,47,GET /api/v1/scans,GET,200,45.3,True
2026-07-31T08:25:54.150413453Z,96,POST /api/v1/scans,POST,201,1340.938,True
2026-07-31T08:25:54.152248947Z,67,POST /api/v1/scans,POST,409,847.235,False
2026-07-31T08:25:54.159525394Z,42,POST /api/v1/scans,POST,409,201.159,False
2026-07-31T08:25:54.336263979Z,35,GET /api/v1/user/profile,GET,200,7.175,True
2026-07-31T08:25:54.349153629Z,68,POST /api/v1/scans,POST,409,36.292,False
2026-07-31T08:25:54.351046467Z,10,GET /api/v1/scans,GET,200,4.515,True
2026-07-31T08:25:54.408676201Z,92,GET /api/v1/user/profile,GET,200,7.014,True
2026-07-31T08:25:54.429540669Z,73,POST /api/v1/scans,POST,409,27.767,False
2026-07-31T08:25:54.493532426Z,74,GET /api/v1/user/profile,GET,200,6.858,True
2026-07-31T08:25:54.511345825Z,29,GET /api/v1/scans,GET,200,12.416,True
2026-07-31T08:25:54.526422668Z,94,POST /api/v1/scans,POST,201,45.185,True
2026-07-31T08:25:54.56900298Z,3,GET /api/v1/user/profile,GET,200,25.613,True
2026-07-31T08:25:54.577910116Z,57,GET /api/v1/scans,GET,200,34.585,True
2026-07-31T08:25:54.581930618Z,23,GET /api/v1/scans,GET,200,30.271,True
2026-07-31T08:25:54.58205934Z,44,GET /api/v1/scans,GET,200,21.13,True
2026-07-31T08:25:54.583628269Z,78,GET /api/v1/user/profile,GET,200,11.226,True
2026-07-31T08:25:54.596650917Z,49,POST /api/v1/scans,POST,201,57.492,True
2026-07-31T08:25:54.607542806Z,7,GET /api/v1/user/profile,GET,200,7.559,True
2026-07-31T08:25:54.618081318Z,16,GET /api/v1/user/profile,GET,200,5.998,True
2026-07-31T08:25:54.634374809Z,70,GET /api/v1/scans,GET,200,9.95,True
2026-07-31T08:25:54.63969231Z,80,GET /api/v1/scans,GET,200,5.213,True
2026-07-31T08:25:54.643608139Z,11,POST /api/v1/scans,POST,409,50.362,False
2026-07-31T08:25:54.645098484Z,30,GET /api/v1/scans,GET,200,6.073,True
2026-07-31T08:25:54.662880971Z,76,GET /api/v1/scans,GET,200,8.332,True
2026-07-31T08:25:54.664629842Z,50,GET /api/v1/user/profile,GET,200,6.458,True
2026-07-31T08:25:54.665147686Z,60,GET /api/v1/scans,GET,200,9.164,True
2026-07-31T08:25:54.706891988Z,53,GET /api/v1/scans/{id},GET,200,7.542,True
2026-07-31T08:25:54.722063587Z,82,POST /api/v1/scans,POST,201,38.397,True
2026-07-31T08:25:54.726060933Z,93,GET /api/v1/user/profile,GET,200,9.811,True
2026-07-31T08:25:54.72856671Z,65,GET /api/v1/scans/{id},GET,200,11.163,True
2026-07-31T08:25:54.72906697Z,40,GET /api/v1/user/profile,GET,200,10.543,True
2026-07-31T08:25:54.746139711Z,87,GET /api/v1/user/profile,GET,200,12.726,True
2026-07-31T08:25:54.753187714Z,4,GET /api/v1/user/profile,GET,200,12.412,True
2026-07-31T08:25:54.756183304Z,2,GET /api/v1/scans/{id},GET,200,10.938,True
2026-07-31T08:25:54.771460274Z,75,GET /api/v1/scans,GET,200,16.701,True
2026-07-31T08:25:54.786105677Z,39,GET /api/v1/scans/{id},GET,200,18.453,True
2026-07-31T08:25:54.786968803Z,95,GET /api/v1/scans,GET,200,15.704,True
2026-07-31T08:25:54.789486676Z,46,GET /api/v1/scans/{id},GET,200,12.82,True
2026-07-31T08:25:54.789540411Z,43,GET /api/v1/scans/{id},GET,200,10.634,True
2026-07-31T08:25:54.793605575Z,1,POST /api/v1/scans,POST,409,49.397,False
2026-07-31T08:25:54.795338032Z,61,GET /api/v1/scans,GET,200,5.732,True
2026-07-31T08:25:54.805931755Z,32,GET /api/v1/user/profile,GET,200,4.1,True
2026-07-31T08:25:54.813119539Z,21,GET /api/v1/user/profile,GET,200,4.926,True
2026-07-31T08:25:54.828949422Z,71,GET /api/v1/scans,GET,200,10.527,True
2026-07-31T08:25:54.830616816Z,69,GET /api/v1/user/profile,GET,200,8.823,True
2026-07-31T08:25:54.848824563Z,83,GET /api/v1/scans,GET,200,18.76,True
2026-07-31T08:25:54.853614585Z,28,GET /api/v1/scans/{id},GET,200,17.423,True
2026-07-31T08:25:54.856769025Z,34,GET /api/v1/scans,GET,200,17.238,True
2026-07-31T08:25:54.872084742Z,84,GET /api/v1/user/profile,GET,200,18.164,True
2026-07-31T08:25:54.875794083Z,48,POST /api/v1/scans,POST,409,57.312,False
2026-07-31T08:25:54.877022995Z,55,GET /api/v1/scans,GET,200,17.79,True
2026-07-31T08:25:54.87703357Z,13,GET /api/v1/scans,GET,200,15.644,True
2026-07-31T08:25:54.883376931Z,27,POST /api/v1/scans,POST,409,47.155,False
2026-07-31T08:25:54.883411886Z,88,GET /api/v1/scans,GET,200,4.998,True
2026-07-31T08:25:54.892347735Z,38,GET /api/v1/user/profile,GET,200,5.405,True
2026-07-31T08:25:54.892385186Z,47,GET /api/v1/user/profile,GET,200,5.307,True
2026-07-31T08:25:54.910130082Z,72,GET /api/v1/scans,GET,200,7.133,True
2026-07-31T08:25:54.938309781Z,58,GET /api/v1/scans,GET,200,24.849,True
2026-07-31T08:25:54.942078844Z,91,GET /api/v1/scans,GET,200,21.42,True
2026-07-31T08:25:54.942434041Z,51,GET /api/v1/scans/{id},GET,200,19.242,True
2026-07-31T08:25:54.942686693Z,100,GET /api/v1/scans,GET,200,19.614,True
2026-07-31T08:25:54.94350979Z,37,GET /api/v1/user/profile,GET,200,11.075,True
2026-07-31T08:25:54.950021384Z,86,POST /api/v1/scans,POST,201,49.236,True
2026-07-31T08:25:54.965814889Z,85,GET /api/v1/user/profile,GET,200,15.579,True
2026-07-31T08:25:54.969688101Z,67,GET /api/v1/user/profile,GET,200,7.143,True
2026-07-31T08:25:54.984026325Z,99,POST /api/v1/scans,POST,201,41.08,True
2026-07-31T08:25:54.995651997Z,36,GET /api/v1/scans,GET,200,18.65,True
2026-07-31T08:25:55.000538283Z,15,GET /api/v1/scans,GET,200,20.058,True
2026-07-31T08:25:55.036628532Z,79,GET /api/v1/user/profile,GET,200,26.571,True
2026-07-31T08:25:55.039364502Z,52,GET /api/v1/scans,GET,200,25.955,True
2026-07-31T08:25:55.04018314Z,41,POST /api/v1/scans,POST,409,62.99,False
2026-07-31T08:25:55.040225019Z,22,GET /api/v1/scans,GET,200,21.493,True
2026-07-31T08:25:55.047582504Z,31,GET /api/v1/scans,GET,200,6.352,True
2026-07-31T08:25:55.050554873Z,12,POST /api/v1/scans,POST,409,61.021,False
2026-07-31T08:25:55.051290132Z,54,GET /api/v1/scans,GET,200,8.741,True
2026-07-31T08:25:55.051926306Z,42,GET /api/v1/user/profile,GET,200,4.821,True
2026-07-31T08:25:55.064877068Z,29,GET /api/v1/user/profile,GET,200,5.579,True
2026-07-31T08:25:55.064877194Z,89,GET /api/v1/user/profile,GET,200,4.537,True
2026-07-31T08:25:55.071612851Z,97,GET /api/v1/scans,GET,200,4.428,True
2026-07-31T08:25:55.079674805Z,8,GET /api/v1/scans,GET,200,5.522,True
2026-07-31T08:25:55.084196002Z,25,GET /api/v1/user/profile,GET,200,3.366,True
2026-07-31T08:25:55.099312731Z,66,GET /api/v1/scans,GET,200,5.534,True
2026-07-31T08:25:55.110037971Z,45,GET /api/v1/user/profile,GET,200,4.5,True
2026-07-31T08:25:55.116011296Z,6,GET /api/v1/user/profile,GET,200,4.617,True
2026-07-31T08:25:55.129045842Z,17,GET /api/v1/scans,GET,200,5.777,True
2026-07-31T08:25:55.144477617Z,5,GET /api/v1/user/profile,GET,200,8.868,True
2026-07-31T08:25:55.165340088Z,26,GET /api/v1/scans,GET,200,24.384,True
2026-07-31T08:25:55.169066418Z,14,GET /api/v1/scans/{id},GET,200,18.227,True
2026-07-31T08:25:55.169630801Z,3,GET /api/v1/scans,GET,200,16.481,True
2026-07-31T08:25:55.180269959Z,18,POST /api/v1/scans,POST,409,47.937,False
2026-07-31T08:25:55.197895305Z,7,GET /api/v1/scans,GET,200,6.143,True
2026-07-31T08:25:55.198070489Z,33,POST /api/v1/scans,POST,409,43.795,False
2026-07-31T08:25:55.204378162Z,49,GET /api/v1/user/profile,GET,200,4.069,True
2026-07-31T08:25:55.232946025Z,56,GET /api/v1/scans,GET,200,8.298,True
2026-07-31T08:25:55.234718691Z,81,GET /api/v1/scans,GET,200,6.766,True
2026-07-31T08:25:55.249223894Z,98,GET /api/v1/user/profile,GET,200,9.38,True
2026-07-31T08:25:55.250198554Z,35,GET /api/v1/scans,GET,200,7.956,True
2026-07-31T08:25:55.25032675Z,90,GET /api/v1/user/profile,GET,200,6.857,True
2026-07-31T08:25:55.263166355Z,19,GET /api/v1/scans,GET,200,7.626,True
2026-07-31T08:25:55.263220084Z,82,GET /api/v1/user/profile,GET,200,6.395,True
2026-07-31T08:25:55.269817677Z,59,GET /api/v1/user/profile,GET,200,4.18,True
2026-07-31T08:25:55.309664296Z,24,GET /api/v1/scans,GET,200,16.69,True
2026-07-31T08:25:55.312560894Z,64,POST /api/v1/scans,POST,201,39.404,True
2026-07-31T08:25:55.320698973Z,20,GET /api/v1/scans,GET,200,6.924,True
2026-07-31T08:25:55.326607681Z,23,POST /api/v1/scans,POST,409,40.913,False
2026-07-31T08:25:55.333428539Z,80,GET /api/v1/scans/{id},GET,200,11.589,True
2026-07-31T08:25:55.348369555Z,75,GET /api/v1/scans/{id},GET,200,4.355,True
2026-07-31T08:25:55.359093682Z,63,GET /api/v1/scans,GET,200,4.466,True
2026-07-31T08:25:55.384094529Z,9,GET /api/v1/user/profile,GET,200,5.725,True
2026-07-31T08:25:55.388563145Z,10,GET /api/v1/scans,GET,200,7.044,True
2026-07-31T08:25:55.389984605Z,62,GET /api/v1/scans,GET,200,5.77,True
2026-07-31T08:25:55.42902977Z,48,GET /api/v1/scans,GET,200,5.748,True
2026-07-31T08:25:55.430043751Z,16,GET /api/v1/user/profile,GET,200,3.554,True
2026-07-31T08:25:55.45411776Z,92,GET /api/v1/user/profile,GET,200,13.328,True
2026-07-31T08:25:55.455118658Z,77,GET /api/v1/scans,GET,200,13.093,True
2026-07-31T08:25:55.455556759Z,72,GET /api/v1/scans/{id},GET,200,8.205,True
2026-07-31T08:25:55.467379013Z,30,POST /api/v1/scans,POST,201,30.849,True
2026-07-31T08:25:55.472907264Z,70,GET /api/v1/scans/{id},GET,200,3.382,True
2026-07-31T08:25:55.500702048Z,88,GET /api/v1/scans,GET,200,25.393,True
2026-07-31T08:25:55.503486911Z,43,GET /api/v1/user/profile,GET,200,25.9,True
2026-07-31T08:25:55.505197401Z,94,GET /api/v1/scans,GET,200,23.141,True
2026-07-31T08:25:55.506133985Z,65,GET /api/v1/user/profile,GET,200,10.305,True
2026-07-31T08:25:55.511720102Z,71,POST /api/v1/scans,POST,201,38.785,True
2026-07-31T08:25:55.51950004Z,37,GET /api/v1/scans,GET,200,5.528,True
2026-07-31T08:25:55.546360003Z,34,GET /api/v1/scans,GET,200,4.385,True
2026-07-31T08:25:55.58654118Z,27,GET /api/v1/scans,GET,200,3.891,True
2026-07-31T08:25:55.605072272Z,36,GET /api/v1/scans,GET,200,3.323,True
2026-07-31T08:25:55.617208949Z,42,GET /api/v1/scans,GET,200,4.815,True
2026-07-31T08:25:55.617850297Z,93,GET /api/v1/scans,GET,200,4.216,True
2026-07-31T08:25:55.625042233Z,68,GET /api/v1/scans/{id},GET,200,4.569,True
2026-07-31T08:25:55.625514646Z,96,GET /api/v1/scans,GET,200,4.91,True
2026-07-31T08:25:55.669180768Z,53,GET /api/v1/scans,GET,200,3.656,True
2026-07-31T08:25:55.683233517Z,54,GET /api/v1/user/profile,GET,200,3.564,True
2026-07-31T08:25:55.70096992Z,11,GET /api/v1/scans,GET,200,4.227,True
2026-07-31T08:25:55.745213538Z,4,GET /api/v1/scans/{id},GET,200,3.747,True
2026-07-31T08:25:55.764244897Z,49,GET /api/v1/scans,GET,200,6.402,True
2026-07-31T08:25:55.775349Z,87,GET /api/v1/scans,GET,200,11.438,True
2026-07-31T08:25:55.779497567Z,57,GET /api/v1/user/profile,GET,200,2.847,True
2026-07-31T08:25:55.792479631Z,33,POST /api/v1/scans,POST,409,36.874,False
2026-07-31T08:25:55.802070466Z,84,GET /api/v1/scans/{id},GET,200,7.178,True
2026-07-31T08:25:55.811450266Z,56,GET /api/v1/scans/{id},GET,200,3.048,True
2026-07-31T08:25:55.812157744Z,76,POST /api/v1/scans,POST,409,22.115,False
2026-07-31T08:25:55.858826144Z,91,GET /api/v1/user/profile,GET,200,12.341,True
2026-07-31T08:25:55.859762967Z,73,GET /api/v1/user/profile,GET,200,10.822,True
2026-07-31T08:25:55.861839112Z,18,GET /api/v1/scans,GET,200,7.392,True
2026-07-31T08:25:55.862104122Z,60,GET /api/v1/scans,GET,200,6.37,True
2026-07-31T08:25:55.864696336Z,31,POST /api/v1/scans,POST,409,26.486,False
2026-07-31T08:25:55.903852866Z,67,GET /api/v1/scans/{id},GET,200,13.014,True
2026-07-31T08:25:55.903960126Z,74,GET /api/v1/user/profile,GET,200,13.073,True
2026-07-31T08:25:55.90426229Z,22,GET /api/v1/user/profile,GET,200,6.953,True
2026-07-31T08:25:55.909563041Z,41,POST /api/v1/scans,POST,409,29.526,False
2026-07-31T08:25:55.927201923Z,15,GET /api/v1/scans,GET,200,6.386,True
2026-07-31T08:25:55.927843455Z,95,GET /api/v1/user/profile,GET,200,5.883,True
2026-07-31T08:25:55.928860987Z,35,GET /api/v1/scans,GET,200,4.64,True
2026-07-31T08:25:55.952296629Z,40,POST /api/v1/scans,POST,201,18.994,True
2026-07-31T08:25:55.953325546Z,46,GET /api/v1/user/profile,GET,200,5.319,True
2026-07-31T08:25:55.967729471Z,16,GET /api/v1/user/profile,GET,200,13.184,True
2026-07-31T08:25:55.980320314Z,44,GET /api/v1/scans,GET,200,23.551,True
2026-07-31T08:25:56.001866407Z,98,GET /api/v1/scans,GET,200,31.565,True
2026-07-31T08:25:56.001935692Z,50,GET /api/v1/scans,GET,200,32.886,True
2026-07-31T08:25:56.004792756Z,21,GET /api/v1/scans,GET,200,23.197,True
2026-07-31T08:25:56.004817075Z,83,GET /api/v1/scans,GET,200,24.774,True
2026-07-31T08:25:56.005560121Z,38,GET /api/v1/user/profile,GET,200,24.042,True
2026-07-31T08:25:56.007101321Z,32,POST /api/v1/scans,POST,409,58.031,False
2026-07-31T08:25:56.009033522Z,45,GET /api/v1/scans/{id},GET,200,23.144,True
2026-07-31T08:25:56.022799418Z,78,GET /api/v1/scans/{id},GET,200,21.488,True
2026-07-31T08:25:56.038892916Z,59,GET /api/v1/scans/{id},GET,200,21.444,True
2026-07-31T08:25:56.044069676Z,94,GET /api/v1/scans,GET,200,23.109,True
2026-07-31T08:25:56.045793232Z,17,GET /api/v1/user/profile,GET,200,21.597,True
2026-07-31T08:25:56.058642378Z,48,POST /api/v1/scans,POST,409,81.027,False
2026-07-31T08:25:56.062162526Z,23,GET /api/v1/user/profile,GET,200,28.386,True
2026-07-31T08:25:56.067883417Z,100,GET /api/v1/user/profile,GET,200,27.835,True
2026-07-31T08:25:56.070880636Z,37,GET /api/v1/scans,GET,200,19.497,True
2026-07-31T08:25:56.073311974Z,51,POST /api/v1/scans,POST,409,66.29,False
2026-07-31T08:25:56.074418687Z,69,POST /api/v1/scans,POST,409,65.241,False
2026-07-31T08:25:56.079458269Z,8,POST /api/v1/scans,POST,409,51.981,False
2026-07-31T08:25:56.07989998Z,58,GET /api/v1/user/profile,GET,200,3.231,True
2026-07-31T08:25:56.083616195Z,39,GET /api/v1/scans/{id},GET,200,3.63,True
2026-07-31T08:25:56.086817608Z,2,GET /api/v1/scans,GET,200,4.396,True
2026-07-31T08:25:56.116907131Z,26,GET /api/v1/scans,GET,200,5.807,True
2026-07-31T08:25:56.118954298Z,27,GET /api/v1/scans,GET,200,4.73,True
2026-07-31T08:25:56.126279273Z,99,GET /api/v1/scans,GET,200,3.12,True
2026-07-31T08:25:56.148899213Z,25,GET /api/v1/scans,GET,200,5.958,True
2026-07-31T08:25:56.152761993Z,70,POST /api/v1/scans,POST,409,26.386,False
2026-07-31T08:25:56.165280127Z,10,GET /api/v1/user/profile,GET,200,3.336,True
2026-07-31T08:25:56.186795514Z,90,GET /api/v1/user/profile,GET,200,3.289,True
2026-07-31T08:25:56.208178043Z,28,GET /api/v1/scans/{id},GET,200,3.177,True
2026-07-31T08:25:56.21848317Z,79,GET /api/v1/scans,GET,200,7.096,True
2026-07-31T08:25:56.223002538Z,88,GET /api/v1/scans,GET,200,9.36,True
2026-07-31T08:25:56.223954834Z,13,GET /api/v1/scans,GET,200,9.12,True
2026-07-31T08:25:56.225116853Z,61,GET /api/v1/scans,GET,200,6.581,True
2026-07-31T08:25:56.227624437Z,47,GET /api/v1/scans,GET,200,3.645,True
2026-07-31T08:25:56.247972534Z,1,GET /api/v1/scans/{id},GET,200,4.804,True
2026-07-31T08:25:56.248532345Z,55,GET /api/v1/scans,GET,200,4.284,True
2026-07-31T08:25:56.276785364Z,4,GET /api/v1/scans,GET,200,15.555,True
2026-07-31T08:25:56.297113553Z,71,POST /api/v1/scans,POST,409,40.291,False
2026-07-31T08:25:56.312953585Z,75,GET /api/v1/scans,GET,200,5.394,True
2026-07-31T08:25:56.313889137Z,43,POST /api/v1/scans,POST,409,47.27,False
2026-07-31T08:25:56.338742313Z,33,GET /api/v1/scans,GET,200,14.501,True
2026-07-31T08:25:56.341739739Z,5,GET /api/v1/user/profile,GET,200,14.344,True
2026-07-31T08:25:56.343356505Z,7,GET /api/v1/user/profile,GET,200,12.437,True
2026-07-31T08:25:56.343499329Z,86,GET /api/v1/scans,GET,200,13.833,True
2026-07-31T08:25:56.344190112Z,30,GET /api/v1/scans/{id},GET,200,10.945,True
2026-07-31T08:25:56.344248045Z,12,GET /api/v1/user/profile,GET,200,9.936,True
2026-07-31T08:25:56.35873854Z,19,GET /api/v1/user/profile,GET,200,3.228,True
2026-07-31T08:25:56.367157403Z,42,GET /api/v1/user/profile,GET,200,3.19,True
2026-07-31T08:25:56.382293729Z,89,GET /api/v1/scans,GET,200,3.649,True
2026-07-31T08:25:56.395412256Z,81,GET /api/v1/scans/{id},GET,200,6.305,True
2026-07-31T08:25:56.396667323Z,18,GET /api/v1/scans,GET,200,7.573,True
2026-07-31T08:25:56.39777842Z,29,GET /api/v1/user/profile,GET,200,5.358,True
2026-07-31T08:25:56.398387084Z,9,GET /api/v1/user/profile,GET,200,3.631,True
2026-07-31T08:25:56.405047375Z,64,GET /api/v1/user/profile,GET,200,2.407,True
2026-07-31T08:25:56.430645756Z,41,GET /api/v1/user/profile,GET,200,10.802,True
2026-07-31T08:25:56.431342482Z,65,GET /api/v1/user/profile,GET,200,10.288,True
2026-07-31T08:25:56.431655319Z,87,GET /api/v1/scans,GET,200,13.009,True
2026-07-31T08:25:56.438394389Z,66,GET /api/v1/user/profile,GET,200,6.523,True
2026-07-31T08:25:56.456491074Z,63,GET /api/v1/scans,GET,200,5.733,True
2026-07-31T08:25:56.460684541Z,85,GET /api/v1/scans/{id},GET,200,4.202,True
2026-07-31T08:25:56.460777688Z,52,GET /api/v1/scans,GET,200,5.636,True
2026-07-31T08:25:56.465915904Z,54,GET /api/v1/scans,GET,200,3.789,True
2026-07-31T08:25:56.491144282Z,60,GET /api/v1/user/profile,GET,200,3.382,True
2026-07-31T08:25:56.520376224Z,76,GET /api/v1/user/profile,GET,200,3.904,True
2026-07-31T08:25:56.5325131Z,6,GET /api/v1/scans,GET,200,5.908,True
2026-07-31T08:25:56.532825032Z,97,GET /api/v1/user/profile,GET,200,5.008,True
2026-07-31T08:25:56.584041051Z,45,GET /api/v1/scans,GET,200,4.802,True
2026-07-31T08:25:56.593409741Z,62,GET /api/v1/user/profile,GET,200,3.114,True
2026-07-31T08:25:56.597954981Z,35,GET /api/v1/user/profile,GET,200,3.42,True
2026-07-31T08:25:56.602637719Z,11,GET /api/v1/scans,GET,200,4.817,True
2026-07-31T08:25:56.615961953Z,49,GET /api/v1/user/profile,GET,200,4.088,True
2026-07-31T08:25:56.616505769Z,80,GET /api/v1/user/profile,GET,200,3.417,True
2026-07-31T08:25:56.646980186Z,14,GET /api/v1/user/profile,GET,200,3.748,True
2026-07-31T08:25:56.649527301Z,56,POST /api/v1/scans,POST,409,31.812,False
2026-07-31T08:25:56.660578935Z,99,GET /api/v1/scans,GET,200,5.754,True
2026-07-31T08:25:56.660931082Z,3,GET /api/v1/scans/{id},GET,200,4.827,True
2026-07-31T08:25:56.667914733Z,83,GET /api/v1/user/profile,GET,200,2.718,True
2026-07-31T08:25:56.6745085Z,34,GET /api/v1/scans,GET,200,4.352,True
2026-07-31T08:25:56.675542161Z,51,GET /api/v1/user/profile,GET,200,4.125,True
2026-07-31T08:25:56.677450326Z,82,GET /api/v1/scans/{id},GET,200,3.001,True
2026-07-31T08:25:56.710218248Z,20,GET /api/v1/user/profile,GET,200,5.862,True
2026-07-31T08:25:56.710595587Z,93,GET /api/v1/scans,GET,200,5.026,True
2026-07-31T08:25:56.71723101Z,24,GET /api/v1/scans,GET,200,4.426,True
2026-07-31T08:25:56.72799119Z,22,GET /api/v1/scans,GET,200,3.525,True
2026-07-31T08:25:56.735278971Z,32,GET /api/v1/user/profile,GET,200,4.05,True
2026-07-31T08:25:56.738281948Z,77,GET /api/v1/user/profile,GET,200,4.9,True
2026-07-31T08:25:56.739395308Z,17,GET /api/v1/user/profile,GET,200,4.829,True
2026-07-31T08:25:56.743964581Z,47,GET /api/v1/scans/{id},GET,200,3.423,True
2026-07-31T08:25:56.753005666Z,40,GET /api/v1/scans/{id},GET,200,2.832,True
2026-07-31T08:25:56.791735258Z,100,GET /api/v1/scans,GET,200,5.025,True
2026-07-31T08:25:56.798086443Z,72,GET /api/v1/scans,GET,200,5.16,True
2026-07-31T08:25:56.798650235Z,74,GET /api/v1/scans/{id},GET,200,3.632,True
2026-07-31T08:25:56.802628142Z,59,GET /api/v1/user/profile,GET,200,2.824,True
2026-07-31T08:25:56.809667374Z,67,GET /api/v1/scans,GET,200,3.726,True
2026-07-31T08:25:56.860339644Z,84,GET /api/v1/scans/{id},GET,200,3.763,True
2026-07-31T08:25:56.860355892Z,96,GET /api/v1/scans/{id},GET,200,5.007,True
2026-07-31T08:25:56.920592779Z,92,GET /api/v1/user/profile,GET,200,10.712,True
2026-07-31T08:25:56.920952974Z,48,GET /api/v1/scans/{id},GET,200,11.072,True
2026-07-31T08:25:56.922722498Z,30,GET /api/v1/scans/{id},GET,200,11.596,True
2026-07-31T08:25:56.924291637Z,81,GET /api/v1/scans,GET,200,8.815,True
2026-07-31T08:25:56.925241103Z,38,GET /api/v1/scans/{id},GET,200,5.292,True
2026-07-31T08:25:56.934566463Z,5,GET /api/v1/scans,GET,200,5.94,True
2026-07-31T08:25:56.966007847Z,86,GET /api/v1/user/profile,GET,200,17.112,True
2026-07-31T08:25:56.969817956Z,10,GET /api/v1/scans,GET,200,19.864,True
2026-07-31T08:25:56.971713625Z,43,GET /api/v1/scans,GET,200,20.57,True
2026-07-31T08:25:56.971757461Z,33,GET /api/v1/user/profile,GET,200,16.299,True
2026-07-31T08:25:56.974467884Z,66,GET /api/v1/scans,GET,200,17.92,True
2026-07-31T08:25:56.974519705Z,29,GET /api/v1/scans,GET,200,16.889,True
2026-07-31T08:25:56.980259194Z,25,GET /api/v1/scans,GET,200,16.253,True
2026-07-31T08:25:57.000226053Z,68,GET /api/v1/scans,GET,200,5.265,True
2026-07-31T08:25:57.002569616Z,95,POST /api/v1/scans,POST,409,53.441,False
2026-07-31T08:25:57.005488046Z,2,GET /api/v1/user/profile,GET,200,2.829,True
2026-07-31T08:25:57.018627695Z,78,GET /api/v1/user/profile,GET,200,2.644,True
2026-07-31T08:25:57.024744859Z,57,GET /api/v1/user/profile,GET,200,2.546,True
2026-07-31T08:25:57.03004249Z,26,GET /api/v1/scans,GET,200,2.994,True
2026-07-31T08:25:57.044259488Z,97,GET /api/v1/user/profile,GET,200,4.186,True
2026-07-31T08:25:57.054856233Z,6,GET /api/v1/scans/{id},GET,200,6.073,True
2026-07-31T08:25:57.073482624Z,16,GET /api/v1/user/profile,GET,200,3.184,True
2026-07-31T08:25:57.074326922Z,94,POST /api/v1/scans,POST,409,25.66,False
2026-07-31T08:25:57.077307277Z,63,GET /api/v1/scans,GET,200,2.91,True
2026-07-31T08:25:57.085495442Z,61,GET /api/v1/scans,GET,200,2.921,True
2026-07-31T08:25:57.091706024Z,53,GET /api/v1/user/profile,GET,200,4.9,True
2026-07-31T08:25:57.092151217Z,36,GET /api/v1/user/profile,GET,200,4.069,True
2026-07-31T08:25:57.101226322Z,8,GET /api/v1/user/profile,GET,200,2.931,True
2026-07-31T08:25:57.115303287Z,55,GET /api/v1/user/profile,GET,200,4.821,True
2026-07-31T08:25:57.115898521Z,75,GET /api/v1/scans,GET,200,4.343,True
2026-07-31T08:25:57.123974056Z,15,GET /api/v1/user/profile,GET,200,8.045,True
2026-07-31T08:25:57.12657721Z,98,GET /api/v1/scans,GET,200,9.449,True
2026-07-31T08:25:57.140337415Z,31,GET /api/v1/scans/{id},GET,200,13.582,True
2026-07-31T08:25:57.146721515Z,89,GET /api/v1/user/profile,GET,200,7.0,True
2026-07-31T08:25:57.147236183Z,27,GET /api/v1/scans/{id},GET,200,8.703,True
2026-07-31T08:25:57.151744438Z,44,POST /api/v1/scans,POST,409,34.571,False
2026-07-31T08:25:57.160276177Z,37,GET /api/v1/user/profile,GET,200,3.223,True
2026-07-31T08:25:57.188806731Z,79,GET /api/v1/scans,GET,200,7.167,True
2026-07-31T08:25:57.200089299Z,73,GET /api/v1/scans,GET,200,11.86,True
2026-07-31T08:25:57.211697582Z,21,GET /api/v1/scans/{id},GET,200,16.651,True
2026-07-31T08:25:57.215162346Z,50,GET /api/v1/scans,GET,200,7.679,True
2026-07-31T08:25:57.218284338Z,13,POST /api/v1/scans,POST,409,34.416,False
2026-07-31T08:25:57.22508168Z,14,GET /api/v1/scans,GET,200,4.592,True
2026-07-31T08:25:57.230766561Z,28,GET /api/v1/scans,GET,200,6.99,True
2026-07-31T08:25:57.235294399Z,87,GET /api/v1/scans,GET,200,8.769,True
2026-07-31T08:25:57.235390007Z,91,GET /api/v1/scans/{id},GET,200,8.914,True
2026-07-31T08:25:57.236914901Z,18,GET /api/v1/user/profile,GET,200,6.47,True
2026-07-31T08:25:57.238349117Z,39,GET /api/v1/scans,GET,200,7.911,True
2026-07-31T08:25:57.239804592Z,56,GET /api/v1/scans,GET,200,4.337,True
2026-07-31T08:25:57.24613838Z,49,GET /api/v1/user/profile,GET,200,4.079,True
2026-07-31T08:25:57.246223202Z,17,GET /api/v1/user/profile,GET,200,4.197,True
2026-07-31T08:25:57.261364942Z,40,GET /api/v1/user/profile,GET,200,3.686,True
2026-07-31T08:25:57.279983992Z,46,GET /api/v1/scans,GET,200,4.4,True
2026-07-31T08:25:57.323616632Z,60,GET /api/v1/scans,GET,200,4.127,True
2026-07-31T08:25:57.340929311Z,9,GET /api/v1/user/profile,GET,200,3.916,True
2026-07-31T08:25:57.396047045Z,58,GET /api/v1/scans,GET,200,4.657,True
2026-07-31T08:25:57.422458738Z,88,GET /api/v1/user/profile,GET,200,4.173,True
2026-07-31T08:25:57.430830457Z,70,GET /api/v1/scans,GET,200,4.094,True
2026-07-31T08:25:57.441819082Z,23,GET /api/v1/scans/{id},GET,200,4.464,True
2026-07-31T08:25:57.487775062Z,52,GET /api/v1/user/profile,GET,200,4.481,True
2026-07-31T08:25:57.509853458Z,19,GET /api/v1/scans/{id},GET,200,4.777,True
2026-07-31T08:25:57.516005497Z,32,GET /api/v1/user/profile,GET,200,6.084,True
2026-07-31T08:25:57.518828131Z,90,GET /api/v1/scans,GET,200,6.704,True
2026-07-31T08:25:57.537036642Z,65,GET /api/v1/user/profile,GET,200,4.689,True
2026-07-31T08:25:57.552854674Z,42,GET /api/v1/scans/{id},GET,200,12.512,True
2026-07-31T08:25:57.553136179Z,41,GET /api/v1/scans,GET,200,13.358,True
2026-07-31T08:25:57.557969421Z,57,GET /api/v1/scans/{id},GET,200,13.237,True
2026-07-31T08:25:57.571521775Z,69,GET /api/v1/scans,GET,200,19.301,True
2026-07-31T08:25:57.572419975Z,45,GET /api/v1/scans/{id},GET,200,18.06,True
2026-07-31T08:25:57.57332317Z,76,GET /api/v1/user/profile,GET,200,10.636,True
2026-07-31T08:25:57.573589937Z,93,GET /api/v1/scans,GET,200,13.093,True
2026-07-31T08:25:57.573636255Z,1,GET /api/v1/scans,GET,200,10.918,True
2026-07-31T08:25:57.580086074Z,68,GET /api/v1/user/profile,GET,200,3.142,True
2026-07-31T08:25:57.586996559Z,92,POST /api/v1/scans,POST,409,48.76,False
2026-07-31T08:25:57.602976834Z,12,GET /api/v1/scans/{id},GET,200,8.397,True
2026-07-31T08:25:57.611849269Z,95,GET /api/v1/scans,GET,200,7.614,True
2026-07-31T08:25:57.617628156Z,67,POST /api/v1/scans,POST,409,25.292,False
2026-07-31T08:25:57.653810145Z,5,GET /api/v1/user/profile,GET,200,3.467,True
2026-07-31T08:25:57.674219705Z,2,GET /api/v1/scans,GET,200,5.88,True
2026-07-31T08:25:57.684403057Z,10,GET /api/v1/scans,GET,200,5.864,True
2026-07-31T08:25:57.685829721Z,7,GET /api/v1/scans/{id},GET,200,4.121,True
2026-07-31T08:25:57.705759346Z,72,GET /api/v1/scans,GET,200,16.615,True
2026-07-31T08:25:57.715901717Z,4,GET /api/v1/scans,GET,200,21.394,True
2026-07-31T08:25:57.716829403Z,79,GET /api/v1/scans,GET,200,19.942,True
2026-07-31T08:25:57.7197518Z,8,GET /api/v1/scans,GET,200,22.898,True
2026-07-31T08:25:57.735229494Z,20,POST /api/v1/scans,POST,409,45.934,False
2026-07-31T08:25:57.737563441Z,89,GET /api/v1/scans,GET,200,8.46,True
2026-07-31T08:25:57.743354585Z,29,POST /api/v1/scans,POST,409,50.975,False
2026-07-31T08:25:57.74420451Z,71,GET /api/v1/user/profile,GET,200,6.947,True
2026-07-31T08:25:57.757929962Z,64,GET /api/v1/scans/{id},GET,200,12.426,True
2026-07-31T08:25:57.757973705Z,56,GET /api/v1/scans,GET,200,12.394,True
2026-07-31T08:25:57.763375765Z,25,POST /api/v1/scans,POST,409,29.999,False
2026-07-31T08:25:57.78767341Z,61,GET /api/v1/scans,GET,200,11.086,True
2026-07-31T08:25:57.789444418Z,85,GET /api/v1/scans,GET,200,10.169,True
2026-07-31T08:25:57.789536142Z,24,GET /api/v1/scans,GET,200,10.273,True
2026-07-31T08:25:57.793530031Z,43,GET /api/v1/scans/{id},GET,200,4.06,True
2026-07-31T08:25:57.81506572Z,82,GET /api/v1/scans,GET,200,8.276,True
2026-07-31T08:25:57.818030769Z,91,GET /api/v1/scans,GET,200,9.109,True
2026-07-31T08:25:57.820482632Z,54,GET /api/v1/user/profile,GET,200,8.373,True
2026-07-31T08:25:57.83234701Z,99,GET /api/v1/scans/{id},GET,200,12.36,True
2026-07-31T08:25:57.832416146Z,62,GET /api/v1/user/profile,GET,200,11.864,True
2026-07-31T08:25:57.832440908Z,97,GET /api/v1/user/profile,GET,200,11.872,True
2026-07-31T08:25:57.849645282Z,16,POST /api/v1/scans,POST,409,35.271,False
2026-07-31T08:25:57.854509667Z,30,GET /api/v1/scans,GET,200,4.715,True
2026-07-31T08:25:57.855261211Z,11,GET /api/v1/user/profile,GET,200,3.312,True
2026-07-31T08:25:57.862356865Z,15,GET /api/v1/user/profile,GET,200,4.558,True
2026-07-31T08:25:57.864867356Z,3,GET /api/v1/scans/{id},GET,200,4.871,True
2026-07-31T08:25:57.86581245Z,98,GET /api/v1/scans,GET,200,3.997,True
2026-07-31T08:25:57.876655396Z,50,GET /api/v1/scans/{id},GET,200,2.461,True
2026-07-31T08:25:57.893840373Z,46,GET /api/v1/scans/{id},GET,200,3.522,True
2026-07-31T08:25:57.923288681Z,77,GET /api/v1/user/profile,GET,200,3.118,True
2026-07-31T08:25:57.932107984Z,94,GET /api/v1/user/profile,GET,200,2.625,True
2026-07-31T08:25:57.937608127Z,81,GET /api/v1/scans,GET,200,3.325,True
2026-07-31T08:25:57.946099227Z,27,GET /api/v1/scans,GET,200,3.303,True
2026-07-31T08:25:57.972439857Z,34,GET /api/v1/scans,GET,200,3.145,True
2026-07-31T08:25:57.997545489Z,80,GET /api/v1/user/profile,GET,200,12.035,True
2026-07-31T08:25:58.025428839Z,9,GET /api/v1/user/profile,GET,200,27.661,True
2026-07-31T08:25:58.027614781Z,63,POST /api/v1/scans,POST,201,48.673,True
2026-07-31T08:25:58.029179277Z,96,GET /api/v1/scans,GET,200,21.891,True
2026-07-31T08:25:58.031307844Z,39,GET /api/v1/user/profile,GET,200,10.558,True
2026-07-31T08:25:58.032759121Z,35,POST /api/v1/scans,POST,409,49.669,False
2026-07-31T08:25:58.033438667Z,83,GET /api/v1/user/profile,GET,200,4.745,True
2026-07-31T08:25:58.038449252Z,33,POST /api/v1/scans,POST,409,49.426,False
2026-07-31T08:25:58.096080616Z,78,GET /api/v1/user/profile,GET,200,30.472,True
2026-07-31T08:25:58.118610075Z,41,GET /api/v1/user/profile,GET,200,43.425,True
2026-07-31T08:25:58.125851387Z,75,GET /api/v1/scans,GET,200,47.127,True
2026-07-31T08:25:58.143065375Z,74,POST /api/v1/scans,POST,409,83.138,False
2026-07-31T08:25:58.14539554Z,47,GET /api/v1/user/profile,GET,200,42.623,True
2026-07-31T08:25:58.147195791Z,40,GET /api/v1/scans,GET,200,47.802,True
2026-07-31T08:25:58.147647427Z,59,GET /api/v1/scans,GET,200,47.142,True
2026-07-31T08:25:58.147853897Z,73,GET /api/v1/scans,GET,200,41.771,True
2026-07-31T08:25:58.149755922Z,44,POST /api/v1/scans,POST,409,86.669,False
2026-07-31T08:25:58.149811954Z,1,GET /api/v1/scans,GET,200,39.337,True
2026-07-31T08:25:58.162600511Z,32,POST /api/v1/scans,POST,409,95.8,False
2026-07-31T08:25:58.166746363Z,84,GET /api/v1/user/profile,GET,200,10.523,True
2026-07-31T08:25:58.167569948Z,51,GET /api/v1/scans/{id},GET,200,7.013,True
2026-07-31T08:25:58.175005627Z,13,GET /api/v1/user/profile,GET,200,9.059,True
2026-07-31T08:25:58.175254171Z,49,GET /api/v1/user/profile,GET,200,8.939,True
2026-07-31T08:25:58.176016107Z,36,POST /api/v1/scans,POST,409,52.044,False
2026-07-31T08:25:58.176377305Z,90,GET /api/v1/scans/{id},GET,200,6.54,True
2026-07-31T08:25:58.210435602Z,58,GET /api/v1/scans,GET,200,4.366,True
2026-07-31T08:25:58.225264285Z,92,GET /api/v1/user/profile,GET,200,2.592,True
2026-07-31T08:25:58.232602966Z,68,GET /api/v1/scans/{id},GET,200,5.869,True
2026-07-31T08:25:58.233057371Z,22,GET /api/v1/scans,GET,200,6.25,True
2026-07-31T08:25:58.233369864Z,100,GET /api/v1/scans,GET,200,5.445,True
2026-07-31T08:25:58.248356551Z,26,GET /api/v1/user/profile,GET,200,2.33,True
2026-07-31T08:25:58.254398571Z,87,GET /api/v1/user/profile,GET,200,2.67,True
2026-07-31T08:25:58.285600359Z,38,GET /api/v1/user/profile,GET,200,3.366,True
2026-07-31T08:25:58.313536944Z,6,GET /api/v1/scans,GET,200,13.372,True
2026-07-31T08:25:58.313696804Z,60,GET /api/v1/scans,GET,200,13.431,True
2026-07-31T08:25:58.318443755Z,55,GET /api/v1/scans,GET,200,8.016,True
2026-07-31T08:25:58.323885539Z,86,GET /api/v1/user/profile,GET,200,5.938,True
2026-07-31T08:25:58.32536545Z,48,GET /api/v1/scans,GET,200,5.655,True
2026-07-31T08:25:58.336870808Z,66,POST /api/v1/scans,POST,201,40.794,True
2026-07-31T08:25:58.345072124Z,61,GET /api/v1/user/profile,GET,200,4.932,True
2026-07-31T08:25:58.360925689Z,28,GET /api/v1/user/profile,GET,200,10.563,True
2026-07-31T08:25:58.365471828Z,56,GET /api/v1/scans,GET,200,10.845,True
2026-07-31T08:25:58.366040786Z,53,GET /api/v1/user/profile,GET,200,8.155,True
2026-07-31T08:25:58.366334718Z,43,GET /api/v1/scans/{id},GET,200,5.952,True
2026-07-31T08:25:58.38792614Z,4,GET /api/v1/scans/{id},GET,200,4.289,True
2026-07-31T08:25:58.406644862Z,69,GET /api/v1/scans,GET,200,4.649,True
2026-07-31T08:25:58.412286486Z,31,GET /api/v1/scans/{id},GET,200,3.381,True
2026-07-31T08:25:58.439254802Z,10,GET /api/v1/user/profile,GET,200,2.547,True
2026-07-31T08:25:58.480328484Z,37,GET /api/v1/scans,GET,200,3.742,True
2026-07-31T08:25:58.537983838Z,52,GET /api/v1/user/profile,GET,200,5.569,True
2026-07-31T08:25:58.538395329Z,5,GET /api/v1/scans,GET,200,6.148,True
2026-07-31T08:25:58.544549372Z,25,GET /api/v1/scans,GET,200,4.85,True
2026-07-31T08:25:58.589121377Z,24,GET /api/v1/scans,GET,200,6.058,True
2026-07-31T08:25:58.608412978Z,85,GET /api/v1/scans,GET,200,8.059,True
2026-07-31T08:25:58.625576478Z,18,POST /api/v1/scans,POST,409,36.56,False
2026-07-31T08:25:58.626139251Z,70,GET /api/v1/scans/{id},GET,200,3.128,True
2026-07-31T08:25:58.63637178Z,82,GET /api/v1/scans,GET,200,2.972,True
2026-07-31T08:25:58.645371575Z,9,GET /api/v1/scans,GET,200,3.606,True
2026-07-31T08:25:58.649254256Z,77,GET /api/v1/user/profile,GET,200,3.655,True
2026-07-31T08:25:58.650179179Z,3,GET /api/v1/user/profile,GET,200,3.447,True
2026-07-31T08:25:58.65570031Z,71,GET /api/v1/user/profile,GET,200,2.168,True
2026-07-31T08:25:58.665708282Z,47,GET /api/v1/scans/{id},GET,200,5.701,True
2026-07-31T08:25:58.666192882Z,29,GET /api/v1/scans,GET,200,6.071,True
2026-07-31T08:25:58.666343041Z,2,GET /api/v1/scans/{id},GET,200,3.843,True
2026-07-31T08:25:58.672511252Z,98,GET /api/v1/user/profile,GET,200,4.909,True
2026-07-31T08:25:58.673685129Z,21,GET /api/v1/scans,GET,200,5.953,True
2026-07-31T08:25:58.711062506Z,14,GET /api/v1/scans/{id},GET,200,28.7,True
2026-07-31T08:25:58.712636562Z,95,GET /api/v1/scans,GET,200,25.521,True
2026-07-31T08:25:58.713625989Z,13,GET /api/v1/scans,GET,200,31.129,True
2026-07-31T08:25:58.713676454Z,41,GET /api/v1/scans,GET,200,26.526,True
2026-07-31T08:25:58.726925947Z,17,POST /api/v1/scans,POST,409,56.713,False
2026-07-31T08:25:58.733865231Z,42,POST /api/v1/scans,POST,409,55.854,False
2026-07-31T08:25:58.748793434Z,97,GET /api/v1/user/profile,GET,200,3.556,True
2026-07-31T08:25:58.761776475Z,20,GET /api/v1/scans,GET,200,8.754,True
2026-07-31T08:25:58.762501495Z,91,GET /api/v1/scans,GET,200,8.256,True
2026-07-31T08:25:58.763318054Z,63,GET /api/v1/scans,GET,200,6.897,True
2026-07-31T08:25:58.775696947Z,93,GET /api/v1/scans,GET,200,3.6,True
2026-07-31T08:25:58.81639493Z,64,GET /api/v1/user/profile,GET,200,16.621,True
2026-07-31T08:25:58.817746845Z,90,GET /api/v1/scans,GET,200,19.258,True
2026-07-31T08:25:58.81958476Z,96,GET /api/v1/scans/{id},GET,200,14.86,True
2026-07-31T08:25:58.819996869Z,92,GET /api/v1/scans/{id},GET,200,16.466,True
2026-07-31T08:25:58.826935007Z,54,GET /api/v1/scans,GET,200,10.769,True
2026-07-31T08:25:58.831246016Z,11,POST /api/v1/scans,POST,409,37.041,False
2026-07-31T08:25:58.832061926Z,65,GET /api/v1/scans/{id},GET,200,10.769,True
2026-07-31T08:25:58.838078942Z,19,POST /api/v1/scans,POST,409,35.838,False
2026-07-31T08:25:58.860256592Z,94,GET /api/v1/scans/{id},GET,200,2.675,True
2026-07-31T08:25:58.866885407Z,33,GET /api/v1/scans/{id},GET,200,5.332,True
2026-07-31T08:25:58.867290646Z,45,GET /api/v1/user/profile,GET,200,4.465,True
2026-07-31T08:25:58.867321447Z,88,GET /api/v1/scans,GET,200,5.682,True
2026-07-31T08:25:58.876312421Z,23,GET /api/v1/user/profile,GET,200,5.543,True
2026-07-31T08:25:58.884350397Z,53,GET /api/v1/scans,GET,200,10.164,True
2026-07-31T08:25:58.897353193Z,86,POST /api/v1/scans,POST,409,26.571,False
2026-07-31T08:25:58.903314725Z,16,GET /api/v1/user/profile,GET,200,4.674,True
2026-07-31T08:25:58.922529428Z,76,POST /api/v1/scans,POST,409,26.258,False
2026-07-31T08:25:58.93951798Z,44,GET /api/v1/scans/{id},GET,200,4.694,True
2026-07-31T08:25:58.941299227Z,35,POST /api/v1/scans,POST,409,21.591,False
2026-07-31T08:25:58.941573995Z,57,GET /api/v1/scans,GET,200,4.436,True
2026-07-31T08:25:58.94866078Z,8,GET /api/v1/scans,GET,200,3.88,True
2026-07-31T08:25:58.959842232Z,89,GET /api/v1/user/profile,GET,200,2.728,True
2026-07-31T08:25:58.986595827Z,67,GET /api/v1/scans,GET,200,4.486,True
2026-07-31T08:25:59.008947771Z,40,GET /api/v1/scans,GET,200,4.065,True
2026-07-31T08:25:59.022817029Z,12,GET /api/v1/scans,GET,200,5.533,True
2026-07-31T08:25:59.022895745Z,34,GET /api/v1/scans,GET,200,5.558,True
2026-07-31T08:25:59.025866787Z,37,GET /api/v1/scans,GET,200,2.861,True
2026-07-31T08:25:59.060210525Z,28,GET /api/v1/scans,GET,200,3.794,True
2026-07-31T08:25:59.080665117Z,84,GET /api/v1/scans,GET,200,4.217,True
2026-07-31T08:25:59.080948756Z,56,GET /api/v1/user/profile,GET,200,3.264,True
2026-07-31T08:25:59.088231123Z,38,GET /api/v1/scans/{id},GET,200,2.914,True
2026-07-31T08:25:59.10126422Z,50,GET /api/v1/scans,GET,200,3.802,True
2026-07-31T08:25:59.112350156Z,15,GET /api/v1/scans,GET,200,3.734,True
2026-07-31T08:25:59.121972646Z,78,GET /api/v1/scans,GET,200,4.412,True
2026-07-31T08:25:59.134576184Z,99,GET /api/v1/user/profile,GET,200,5.32,True
2026-07-31T08:25:59.154443558Z,7,GET /api/v1/scans,GET,200,6.366,True
2026-07-31T08:25:59.155069299Z,100,POST /api/v1/scans,POST,201,35.162,True
2026-07-31T08:25:59.155716776Z,22,GET /api/v1/scans,GET,200,5.471,True
2026-07-31T08:25:59.190366913Z,72,GET /api/v1/user/profile,GET,200,9.275,True
2026-07-31T08:25:59.191648483Z,79,GET /api/v1/scans,GET,200,10.555,True
2026-07-31T08:25:59.191780276Z,1,GET /api/v1/scans,GET,200,9.507,True
2026-07-31T08:25:59.192141628Z,18,GET /api/v1/scans,GET,200,6.567,True
2026-07-31T08:25:59.204525418Z,59,GET /api/v1/scans,GET,200,9.104,True
2026-07-31T08:25:59.208689599Z,62,GET /api/v1/scans,GET,200,7.053,True
2026-07-31T08:25:59.215633477Z,58,POST /api/v1/scans,POST,201,23.136,True
2026-07-31T08:25:59.217728072Z,2,GET /api/v1/scans/{id},GET,200,4.624,True
2026-07-31T08:25:59.259146253Z,3,GET /api/v1/user/profile,GET,200,6.736,True
2026-07-31T08:25:59.280638489Z,83,GET /api/v1/scans/{id},GET,200,6.108,True
2026-07-31T08:25:59.292027588Z,80,POST /api/v1/scans,POST,409,38.546,False
2026-07-31T08:25:59.29214735Z,14,GET /api/v1/user/profile,GET,200,9.247,True
2026-07-31T08:25:59.292164324Z,36,POST /api/v1/scans,POST,409,37.381,False
2026-07-31T08:25:59.292506248Z,27,GET /api/v1/user/profile,GET,200,8.403,True
2026-07-31T08:25:59.329507264Z,25,GET /api/v1/scans,GET,200,20.398,True
2026-07-31T08:25:59.330186139Z,55,GET /api/v1/user/profile,GET,200,12.549,True
2026-07-31T08:25:59.330212731Z,30,GET /api/v1/scans,GET,200,15.016,True
2026-07-31T08:25:59.332463762Z,46,POST /api/v1/scans,POST,409,38.778,False
2026-07-31T08:25:59.336276402Z,75,GET /api/v1/scans/{id},GET,200,3.677,True
2026-07-31T08:25:59.372244521Z,74,GET /api/v1/scans,GET,200,7.561,True
2026-07-31T08:25:59.372975143Z,81,GET /api/v1/scans,GET,200,6.238,True
2026-07-31T08:25:59.411261579Z,53,GET /api/v1/user/profile,GET,200,12.245,True
2026-07-31T08:25:59.411715363Z,32,GET /api/v1/scans,GET,200,9.372,True
2026-07-31T08:25:59.418174834Z,69,POST /api/v1/scans,POST,409,24.497,False
2026-07-31T08:25:59.437813042Z,60,GET /api/v1/scans,GET,200,3.459,True
2026-07-31T08:25:59.456095604Z,13,GET /api/v1/scans,GET,200,3.916,True
2026-07-31T08:25:59.459952201Z,47,GET /api/v1/user/profile,GET,200,2.559,True
2026-07-31T08:25:59.464134015Z,26,GET /api/v1/user/profile,GET,200,2.887,True
2026-07-31T08:25:59.469918741Z,23,GET /api/v1/scans/{id},GET,200,2.4,True
2026-07-31T08:25:59.498564031Z,92,GET /api/v1/scans,GET,200,6.474,True
2026-07-31T08:25:59.519878619Z,39,GET /api/v1/scans,GET,200,4.927,True
2026-07-31T08:25:59.519918695Z,90,GET /api/v1/user/profile,GET,200,4.935,True
2026-07-31T08:25:59.523842372Z,54,POST /api/v1/scans,POST,409,31.798,False
2026-07-31T08:25:59.52751706Z,45,GET /api/v1/scans,GET,200,6.306,True
2026-07-31T08:25:59.528320005Z,66,GET /api/v1/scans/{id},GET,200,4.563,True
2026-07-31T08:25:59.552991523Z,87,GET /api/v1/scans,GET,200,4.528,True
2026-07-31T08:25:59.55851943Z,63,GET /api/v1/user/profile,GET,200,3.328,True
2026-07-31T08:25:59.581586174Z,68,GET /api/v1/scans/{id},GET,200,4.697,True
2026-07-31T08:25:59.608097764Z,76,GET /api/v1/user/profile,GET,200,4.86,True
2026-07-31T08:25:59.619805562Z,4,GET /api/v1/user/profile,GET,200,6.389,True
2026-07-31T08:25:59.621262901Z,31,GET /api/v1/user/profile,GET,200,4.656,True
2026-07-31T08:25:59.64089761Z,51,GET /api/v1/user/profile,GET,200,11.394,True
2026-07-31T08:25:59.642820045Z,41,GET /api/v1/scans,GET,200,12.256,True
2026-07-31T08:25:59.643823188Z,67,GET /api/v1/scans/{id},GET,200,10.927,True
2026-07-31T08:25:59.644794806Z,73,GET /api/v1/user/profile,GET,200,9.585,True
2026-07-31T08:25:59.645233085Z,6,GET /api/v1/scans/{id},GET,200,5.695,True
2026-07-31T08:25:59.649973632Z,49,GET /api/v1/scans/{id},GET,200,3.348,True
2026-07-31T08:25:59.673021805Z,10,GET /api/v1/scans/{id},GET,200,4.702,True
2026-07-31T08:25:59.72116639Z,43,POST /api/v1/scans,POST,409,35.552,False
2026-07-31T08:25:59.745668142Z,17,GET /api/v1/scans/{id},GET,200,14.23,True
2026-07-31T08:25:59.753871843Z,9,GET /api/v1/scans,GET,200,20.122,True
2026-07-31T08:25:59.753939189Z,57,GET /api/v1/user/profile,GET,200,17.676,True
2026-07-31T08:25:59.757329468Z,61,GET /api/v1/scans/{id},GET,200,18.725,True
2026-07-31T08:25:59.764080614Z,77,GET /api/v1/scans,GET,200,18.841,True
2026-07-31T08:25:59.765526271Z,65,GET /api/v1/scans,GET,200,16.542,True
2026-07-31T08:25:59.782149575Z,34,POST /api/v1/scans,POST,201,45.989,True
2026-07-31T08:25:59.79798256Z,48,GET /api/v1/scans,GET,200,10.249,True
2026-07-31T08:25:59.798664321Z,29,GET /api/v1/scans/{id},GET,200,6.616,True
2026-07-31T08:25:59.807880198Z,72,POST /api/v1/scans,POST,409,40.079,False
2026-07-31T08:25:59.810717909Z,89,GET /api/v1/user/profile,GET,200,8.685,True
2026-07-31T08:25:59.841419305Z,71,GET /api/v1/scans,GET,200,25.987,True
2026-07-31T08:25:59.858721267Z,97,GET /api/v1/user/profile,GET,200,37.932,True
2026-07-31T08:25:59.869242653Z,88,GET /api/v1/scans,GET,200,33.435,True
2026-07-31T08:25:59.877559943Z,99,GET /api/v1/user/profile,GET,200,37.303,True
2026-07-31T08:25:59.881469336Z,98,GET /api/v1/user/profile,GET,200,34.633,True
2026-07-31T08:25:59.898409515Z,24,GET /api/v1/scans/{id},GET,200,35.208,True
2026-07-31T08:25:59.900124452Z,85,POST /api/v1/scans,POST,409,86.948,False
2026-07-31T08:25:59.913777279Z,1,GET /api/v1/scans/{id},GET,200,25.61,True
2026-07-31T08:25:59.918318118Z,28,GET /api/v1/user/profile,GET,200,23.937,True
2026-07-31T08:25:59.920732759Z,14,POST /api/v1/scans,POST,409,95.313,False
2026-07-31T08:25:59.922699794Z,5,POST /api/v1/scans,POST,409,97.277,False
2026-07-31T08:25:59.936475626Z,91,POST /api/v1/scans,POST,409,84.332,False
2026-07-31T08:25:59.940163923Z,46,GET /api/v1/user/profile,GET,200,13.135,True
2026-07-31T08:25:59.945728079Z,80,POST /api/v1/scans,POST,409,37.083,False
2026-07-31T08:25:59.953989148Z,100,GET /api/v1/scans/{id},GET,200,4.09,True
2026-07-31T08:25:59.964977955Z,16,GET /api/v1/user/profile,GET,200,3.77,True
2026-07-31T08:25:59.9741641Z,21,GET /api/v1/scans/{id},GET,200,8.042,True
2026-07-31T08:25:59.976674914Z,96,GET /api/v1/scans,GET,200,8.385,True
2026-07-31T08:25:59.97721483Z,33,GET /api/v1/scans,GET,200,7.713,True
2026-07-31T08:26:00.053333494Z,20,GET /api/v1/user/profile,GET,200,24.434,True
2026-07-31T08:26:00.053376875Z,64,GET /api/v1/scans,GET,200,60.991,True
2026-07-31T08:26:00.059660606Z,52,GET /api/v1/user/profile,GET,200,23.115,True
2026-07-31T08:26:00.070622436Z,83,POST /api/v1/scans,POST,409,90.886,False
2026-07-31T08:26:00.074254148Z,22,GET /api/v1/user/profile,GET,200,10.109,True
2026-07-31T08:26:00.094229021Z,95,POST /api/v1/scans,POST,409,109.169,False
2026-07-31T08:26:00.102418615Z,12,GET /api/v1/scans,GET,200,23.831,True
2026-07-31T08:26:00.103169561Z,37,GET /api/v1/scans,GET,200,15.028,True
2026-07-31T08:26:00.10343342Z,82,GET /api/v1/user/profile,GET,200,10.381,True
2026-07-31T08:26:00.107017367Z,8,POST /api/v1/scans,POST,409,38.71,False
2026-07-31T08:26:00.131841184Z,93,GET /api/v1/scans,GET,200,9.356,True
2026-07-31T08:26:00.133436051Z,70,GET /api/v1/scans,GET,200,8.687,True
2026-07-31T08:26:00.133557928Z,74,GET /api/v1/scans,GET,200,7.687,True
2026-07-31T08:26:00.14254505Z,23,GET /api/v1/user/profile,GET,200,5.527,True
2026-07-31T08:26:00.14462722Z,42,GET /api/v1/scans,GET,200,5.423,True
2026-07-31T08:26:00.201202312Z,81,GET /api/v1/user/profile,GET,200,15.631,True
2026-07-31T08:26:00.201255073Z,19,GET /api/v1/scans/{id},GET,200,11.463,True
2026-07-31T08:26:00.206347285Z,32,POST /api/v1/scans,POST,409,48.991,False
2026-07-31T08:26:00.208411403Z,75,POST /api/v1/scans,POST,409,52.253,False
2026-07-31T08:26:00.225968095Z,35,GET /api/v1/scans/{id},GET,200,5.13,True
2026-07-31T08:26:00.247358911Z,73,GET /api/v1/scans,GET,200,5.879,True
2026-07-31T08:26:00.249537034Z,56,GET /api/v1/scans/{id},GET,200,3.607,True
2026-07-31T08:26:00.279738465Z,69,GET /api/v1/scans/{id},GET,200,15.868,True
2026-07-31T08:26:00.283088903Z,94,GET /api/v1/scans,GET,200,17.907,True
2026-07-31T08:26:00.28500207Z,11,GET /api/v1/user/profile,GET,200,17.586,True
2026-07-31T08:26:00.293671003Z,25,GET /api/v1/scans,GET,200,23.949,True
2026-07-31T08:26:00.29367856Z,65,GET /api/v1/scans,GET,200,21.776,True
2026-07-31T08:26:00.295392768Z,36,GET /api/v1/scans,GET,200,19.102,True
2026-07-31T08:26:00.310292272Z,3,GET /api/v1/scans,GET,200,6.483,True
2026-07-31T08:26:00.312671006Z,63,POST /api/v1/scans,POST,409,48.787,False
2026-07-31T08:26:00.321075925Z,6,GET /api/v1/user/profile,GET,200,7.143,True
2026-07-31T08:26:00.321667323Z,77,GET /api/v1/scans,GET,200,6.492,True
2026-07-31T08:26:00.350576105Z,44,GET /api/v1/scans,GET,200,6.311,True
2026-07-31T08:26:00.369350784Z,86,GET /api/v1/scans/{id},GET,200,10.447,True
2026-07-31T08:26:00.373164521Z,50,GET /api/v1/scans,GET,200,11.99,True
2026-07-31T08:26:00.374035183Z,79,GET /api/v1/user/profile,GET,200,8.201,True
2026-07-31T08:26:00.392173777Z,48,GET /api/v1/scans,GET,200,12.832,True
2026-07-31T08:26:00.392624436Z,68,GET /api/v1/user/profile,GET,200,8.94,True
2026-07-31T08:26:00.400459625Z,40,POST /api/v1/scans,POST,409,38.032,False
2026-07-31T08:26:00.401320466Z,78,GET /api/v1/user/profile,GET,200,4.285,True
2026-07-31T08:26:00.407808959Z,54,GET /api/v1/scans,GET,200,4.204,True
2026-07-31T08:26:00.419856812Z,84,GET /api/v1/user/profile,GET,200,3.637,True
2026-07-31T08:26:00.424542876Z,2,GET /api/v1/scans,GET,200,3.542,True
2026-07-31T08:26:00.437415216Z,24,GET /api/v1/scans,GET,200,3.511,True
2026-07-31T08:26:00.447138993Z,4,GET /api/v1/user/profile,GET,200,2.394,True
2026-07-31T08:26:00.494294308Z,9,GET /api/v1/scans,GET,200,23.626,True
2026-07-31T08:26:00.509298116Z,85,GET /api/v1/scans,GET,200,34.083,True
2026-07-31T08:26:00.509498356Z,62,GET /api/v1/scans,GET,200,34.009,True
2026-07-31T08:26:00.509791057Z,51,GET /api/v1/user/profile,GET,200,33.053,True
2026-07-31T08:26:00.510452843Z,55,GET /api/v1/scans/{id},GET,200,31.366,True
2026-07-31T08:26:00.510794723Z,90,GET /api/v1/user/profile,GET,200,15.162,True
2026-07-31T08:26:00.530683327Z,49,POST /api/v1/scans,POST,409,61.226,False
2026-07-31T08:26:00.534207631Z,39,GET /api/v1/user/profile,GET,200,15.024,True
2026-07-31T08:26:00.534641582Z,15,GET /api/v1/scans,GET,200,12.201,True
2026-07-31T08:26:00.539858838Z,59,POST /api/v1/scans,POST,409,52.643,False
2026-07-31T08:26:00.544254826Z,57,GET /api/v1/scans/{id},GET,200,4.247,True
2026-07-31T08:26:00.566611937Z,30,GET /api/v1/scans/{id},GET,200,5.857,True
2026-07-31T08:26:00.582883843Z,97,POST /api/v1/scans,POST,201,23.268,True
2026-07-31T08:26:00.594212843Z,38,GET /api/v1/scans/{id},GET,200,5.973,True
2026-07-31T08:26:00.612880668Z,18,GET /api/v1/scans/{id},GET,200,20.474,True
2026-07-31T08:26:00.613692061Z,71,GET /api/v1/scans/{id},GET,200,20.206,True
2026-07-31T08:26:00.617321389Z,7,GET /api/v1/scans/{id},GET,200,18.657,True
2026-07-31T08:26:00.618237969Z,58,GET /api/v1/scans,GET,200,22.863,True
2026-07-31T08:26:00.618396063Z,60,GET /api/v1/scans,GET,200,18.531,True
2026-07-31T08:26:00.620013466Z,16,GET /api/v1/scans/{id},GET,200,11.784,True
2026-07-31T08:26:00.620044661Z,76,GET /api/v1/user/profile,GET,200,11.709,True
2026-07-31T08:26:00.63635596Z,26,POST /api/v1/scans,POST,409,25.943,False
2026-07-31T08:26:00.644822337Z,8,GET /api/v1/scans,GET,200,7.136,True
2026-07-31T08:26:00.645601675Z,66,GET /api/v1/scans,GET,200,7.937,True
2026-07-31T08:26:00.646248488Z,33,GET /api/v1/scans,GET,200,5.278,True
2026-07-31T08:26:00.693000529Z,28,GET /api/v1/scans/{id},GET,200,3.891,True
2026-07-31T08:26:00.69849458Z,46,GET /api/v1/user/profile,GET,200,3.24,True
2026-07-31T08:26:00.70644091Z,53,GET /api/v1/scans,GET,200,3.727,True
2026-07-31T08:26:00.73239282Z,27,GET /api/v1/scans/{id},GET,200,3.442,True
2026-07-31T08:26:00.734785168Z,75,POST /api/v1/scans,POST,409,20.11,False
2026-07-31T08:26:00.780999595Z,67,GET /api/v1/scans,GET,200,14.696,True
2026-07-31T08:26:00.792874743Z,74,GET /api/v1/scans,GET,200,23.189,True
2026-07-31T08:26:00.793927771Z,88,GET /api/v1/scans,GET,200,24.168,True
2026-07-31T08:26:00.794032475Z,13,GET /api/v1/scans,GET,200,23.118,True
2026-07-31T08:26:00.796051056Z,32,GET /api/v1/scans,GET,200,21.779,True
2026-07-31T08:26:00.823491265Z,31,GET /api/v1/scans,GET,200,33.792,True
2026-07-31T08:26:00.828161985Z,10,GET /api/v1/scans,GET,200,17.251,True
2026-07-31T08:26:00.828547137Z,22,GET /api/v1/scans,GET,200,12.307,True
2026-07-31T08:26:00.834441413Z,47,POST /api/v1/scans,POST,409,65.846,False
2026-07-31T08:26:00.836857547Z,98,POST /api/v1/scans,POST,201,67.079,True
2026-07-31T08:26:00.842896244Z,89,GET /api/v1/scans,GET,200,3.831,True
2026-07-31T08:26:00.867223679Z,87,GET /api/v1/scans,GET,200,3.074,True
2026-07-31T08:26:00.869823513Z,52,GET /api/v1/user/profile,GET,200,2.41,True
2026-07-31T08:26:00.921071034Z,21,POST /api/v1/scans,POST,409,36.882,False
2026-07-31T08:26:00.922381204Z,12,GET /api/v1/user/profile,GET,200,6.407,True
2026-07-31T08:26:00.926730351Z,63,POST /api/v1/scans,POST,409,30.97,False
2026-07-31T08:26:00.94497014Z,83,GET /api/v1/scans,GET,200,4.862,True
2026-07-31T08:26:00.949514586Z,6,GET /api/v1/scans,GET,200,5.133,True
2026-07-31T08:26:00.998049071Z,92,GET /api/v1/scans,GET,200,3.762,True
2026-07-31T08:26:01.022607805Z,93,GET /api/v1/user/profile,GET,200,7.126,True
2026-07-31T08:26:01.023393071Z,45,GET /api/v1/scans,GET,200,7.705,True
2026-07-31T08:26:01.050812443Z,49,GET /api/v1/user/profile,GET,200,13.256,True
2026-07-31T08:26:01.050926169Z,80,GET /api/v1/user/profile,GET,200,13.358,True
2026-07-31T08:26:01.05211605Z,41,POST /api/v1/scans,POST,409,38.695,False
2026-07-31T08:26:01.056549708Z,82,POST /api/v1/scans,POST,409,28.762,False
2026-07-31T08:26:01.075695434Z,2,GET /api/v1/scans,GET,200,6.763,True
2026-07-31T08:26:01.096834119Z,23,GET /api/v1/user/profile,GET,200,21.395,True
2026-07-31T08:26:01.105782305Z,70,GET /api/v1/user/profile,GET,200,23.506,True
2026-07-31T08:26:01.107589899Z,19,GET /api/v1/scans/{id},GET,200,25.333,True
2026-07-31T08:26:01.117202391Z,72,POST /api/v1/scans,POST,409,48.224,False
2026-07-31T08:26:01.128323984Z,38,GET /api/v1/scans,GET,200,11.931,True
2026-07-31T08:26:01.137878165Z,43,POST /api/v1/scans,POST,409,50.09,False
2026-07-31T08:26:01.140752004Z,85,GET /api/v1/scans,GET,200,11.253,True
2026-07-31T08:26:01.140938259Z,91,GET /api/v1/user/profile,GET,200,10.293,True
2026-07-31T08:26:01.14423722Z,61,GET /api/v1/scans,GET,200,9.452,True
2026-07-31T08:26:01.14485644Z,65,GET /api/v1/scans,GET,200,5.711,True
2026-07-31T08:26:01.168295814Z,48,GET /api/v1/scans,GET,200,4.159,True
2026-07-31T08:26:01.176020378Z,96,GET /api/v1/scans,GET,200,3.221,True
2026-07-31T08:26:01.186869096Z,44,GET /api/v1/user/profile,GET,200,2.469,True
2026-07-31T08:26:01.224092168Z,29,GET /api/v1/user/profile,GET,200,7.764,True
2026-07-31T08:26:01.224983953Z,17,GET /api/v1/scans,GET,200,7.505,True
2026-07-31T08:26:01.226247886Z,5,GET /api/v1/scans,GET,200,6.473,True
2026-07-31T08:26:01.22795388Z,37,GET /api/v1/user/profile,GET,200,2.865,True
2026-07-31T08:26:01.255479615Z,24,GET /api/v1/user/profile,GET,200,9.567,True
2026-07-31T08:26:01.262418671Z,8,GET /api/v1/scans,GET,200,5.806,True
2026-07-31T08:26:01.26387197Z,34,GET /api/v1/scans,GET,200,6.167,True
2026-07-31T08:26:01.265206156Z,16,GET /api/v1/scans,GET,200,5.061,True
2026-07-31T08:26:01.267512039Z,9,POST /api/v1/scans,POST,409,27.863,False
2026-07-31T08:26:01.268003441Z,40,GET /api/v1/scans/{id},GET,200,2.873,True
2026-07-31T08:26:01.277502063Z,77,GET /api/v1/scans,GET,200,3.044,True
2026-07-31T08:26:01.294707994Z,1,GET /api/v1/scans,GET,200,4.411,True
2026-07-31T08:26:01.303290446Z,20,GET /api/v1/scans,GET,200,3.369,True
2026-07-31T08:26:01.312056406Z,14,GET /api/v1/scans,GET,200,3.564,True
2026-07-31T08:26:01.320408485Z,99,GET /api/v1/scans,GET,200,4.087,True
2026-07-31T08:26:01.346075765Z,11,GET /api/v1/scans/{id},GET,200,3.899,True
2026-07-31T08:26:01.351466354Z,95,GET /api/v1/user/profile,GET,200,3.11,True
2026-07-31T08:26:01.361044699Z,10,GET /api/v1/scans,GET,200,9.517,True
2026-07-31T08:26:01.361717625Z,89,GET /api/v1/user/profile,GET,200,9.111,True
2026-07-31T08:26:01.362015516Z,74,GET /api/v1/scans,GET,200,9.39,True
2026-07-31T08:26:01.369896448Z,100,GET /api/v1/user/profile,GET,200,3.461,True
2026-07-31T08:26:01.389715569Z,57,GET /api/v1/user/profile,GET,200,3.457,True
2026-07-31T08:26:01.392934552Z,25,GET /api/v1/scans/{id},GET,200,3.111,True
2026-07-31T08:26:01.408847382Z,64,GET /api/v1/user/profile,GET,200,10.682,True
2026-07-31T08:26:01.410641079Z,75,GET /api/v1/scans,GET,200,11.279,True
2026-07-31T08:26:01.411248519Z,60,GET /api/v1/scans,GET,200,7.611,True
2026-07-31T08:26:01.420588606Z,54,GET /api/v1/scans,GET,200,5.082,True
2026-07-31T08:26:01.428169621Z,98,GET /api/v1/user/profile,GET,200,5.133,True
2026-07-31T08:26:01.451256874Z,33,GET /api/v1/scans,GET,200,4.2,True
2026-07-31T08:26:01.453930004Z,22,POST /api/v1/scans,POST,201,30.896,True
2026-07-31T08:26:01.477524719Z,67,GET /api/v1/user/profile,GET,200,15.836,True
2026-07-31T08:26:01.485721977Z,47,GET /api/v1/scans/{id},GET,200,4.631,True
2026-07-31T08:26:01.491348611Z,42,POST /api/v1/scans,POST,409,31.918,False
2026-07-31T08:26:01.51573635Z,73,GET /api/v1/scans/{id},GET,200,3.114,True
2026-07-31T08:26:01.537661024Z,50,GET /api/v1/scans,GET,200,3.706,True
2026-07-31T08:26:01.546917329Z,4,GET /api/v1/scans,GET,200,4.041,True
2026-07-31T08:26:01.565501071Z,13,GET /api/v1/user/profile,GET,200,3.281,True
2026-07-31T08:26:01.576959105Z,56,GET /api/v1/scans,GET,200,5.17,True
2026-07-31T08:26:01.577015943Z,69,GET /api/v1/scans,GET,200,5.14,True
2026-07-31T08:26:01.629732209Z,94,GET /api/v1/user/profile,GET,200,4.111,True
2026-07-31T08:26:01.637388488Z,68,GET /api/v1/scans,GET,200,4.147,True
2026-07-31T08:26:01.66742495Z,86,GET /api/v1/scans,GET,200,15.338,True
2026-07-31T08:26:01.668348028Z,81,GET /api/v1/scans,GET,200,15.02,True
2026-07-31T08:26:01.682873149Z,58,GET /api/v1/scans,GET,200,4.209,True
2026-07-31T08:26:01.685427796Z,82,POST /api/v1/scans,POST,409,36.457,False
2026-07-31T08:26:01.690571517Z,65,GET /api/v1/scans,GET,200,3.913,True
2026-07-31T08:26:01.71110639Z,3,GET /api/v1/user/profile,GET,200,5.138,True
2026-07-31T08:26:01.718293799Z,35,GET /api/v1/scans,GET,200,7.174,True
2026-07-31T08:26:01.729658526Z,79,GET /api/v1/scans,GET,200,5.736,True
2026-07-31T08:26:01.738544076Z,36,GET /api/v1/user/profile,GET,200,3.601,True
2026-07-31T08:26:01.745273295Z,32,GET /api/v1/user/profile,GET,200,3.468,True
2026-07-31T08:26:01.750896643Z,78,GET /api/v1/scans/{id},GET,200,3.429,True
2026-07-31T08:26:01.758950694Z,15,GET /api/v1/user/profile,GET,200,2.851,True
2026-07-31T08:26:01.775372864Z,39,GET /api/v1/user/profile,GET,200,3.228,True
2026-07-31T08:26:01.804990495Z,38,GET /api/v1/scans,GET,200,10.002,True
2026-07-31T08:26:01.805351876Z,40,GET /api/v1/user/profile,GET,200,9.168,True
2026-07-31T08:26:01.805383079Z,87,GET /api/v1/scans,GET,200,10.394,True
2026-07-31T08:26:01.805902809Z,49,GET /api/v1/user/profile,GET,200,5.371,True
2026-07-31T08:26:01.81039162Z,61,GET /api/v1/scans/{id},GET,200,2.217,True
2026-07-31T08:26:01.84512514Z,31,POST /api/v1/scans,POST,409,30.29,False
2026-07-31T08:26:01.849409704Z,92,GET /api/v1/scans/{id},GET,200,8.307,True
2026-07-31T08:26:01.850032616Z,90,GET /api/v1/user/profile,GET,200,4.693,True
2026-07-31T08:26:01.853658447Z,44,POST /api/v1/scans,POST,409,28.216,False
2026-07-31T08:26:01.924848314Z,8,GET /api/v1/user/profile,GET,200,24.661,True
2026-07-31T08:26:01.926137962Z,62,GET /api/v1/scans,GET,200,29.219,True
2026-07-31T08:26:01.928297268Z,84,GET /api/v1/scans/{id},GET,200,23.42,True
2026-07-31T08:26:01.929784582Z,91,GET /api/v1/scans/{id},GET,200,27.209,True
2026-07-31T08:26:01.947492032Z,59,GET /api/v1/scans,GET,200,33.292,True
2026-07-31T08:26:01.950069066Z,66,POST /api/v1/scans,POST,409,64.845,False
2026-07-31T08:26:01.955007652Z,76,GET /api/v1/user/profile,GET,200,25.488,True
2026-07-31T08:26:01.955073921Z,28,GET /api/v1/scans,GET,200,30.9,True
2026-07-31T08:26:01.95512303Z,71,GET /api/v1/scans/{id},GET,200,29.156,True
2026-07-31T08:26:01.956050583Z,27,GET /api/v1/user/profile,GET,200,20.971,True
2026-07-31T08:26:01.960216413Z,55,GET /api/v1/scans,GET,200,25.11,True
2026-07-31T08:26:01.9602723Z,46,GET /api/v1/user/profile,GET,200,18.529,True
2026-07-31T08:26:01.962643944Z,51,GET /api/v1/user/profile,GET,200,24.273,True
2026-07-31T08:26:01.970553999Z,6,POST /api/v1/scans,POST,409,79.098,False
2026-07-31T08:26:01.971571728Z,21,GET /api/v1/scans/{id},GET,200,22.31,True
2026-07-31T08:26:01.972217552Z,64,GET /api/v1/scans,GET,200,22.92,True
2026-07-31T08:26:01.977210454Z,7,GET /api/v1/scans/{id},GET,200,21.062,True
2026-07-31T08:26:01.977239124Z,97,GET /api/v1/user/profile,GET,200,18.872,True
2026-07-31T08:26:01.977917283Z,85,GET /api/v1/scans,GET,200,17.577,True
2026-07-31T08:26:01.984865095Z,29,POST /api/v1/scans,POST,409,58.898,False
2026-07-31T08:26:01.985283498Z,11,GET /api/v1/scans,GET,200,5.208,True
2026-07-31T08:26:01.992991863Z,60,GET /api/v1/scans,GET,200,5.463,True
2026-07-31T08:26:02.023949468Z,18,GET /api/v1/scans/{id},GET,200,3.606,True
2026-07-31T08:26:02.068947918Z,30,GET /api/v1/scans/{id},GET,200,3.354,True
2026-07-31T08:26:02.071645753Z,45,GET /api/v1/scans/{id},GET,200,2.567,True
2026-07-31T08:26:02.095333302Z,26,GET /api/v1/scans,GET,200,4.139,True
2026-07-31T08:26:02.105422432Z,88,GET /api/v1/user/profile,GET,200,3.836,True
2026-07-31T08:26:02.13123668Z,41,GET /api/v1/user/profile,GET,200,7.573,True
2026-07-31T08:26:02.15098346Z,56,GET /api/v1/scans/{id},GET,200,17.425,True
2026-07-31T08:26:02.162308138Z,83,GET /api/v1/scans/{id},GET,200,5.77,True
2026-07-31T08:26:02.178051845Z,17,POST /api/v1/scans,POST,409,54.371,False
2026-07-31T08:26:02.17968764Z,20,POST /api/v1/scans,POST,409,51.749,False
2026-07-31T08:26:02.181229908Z,52,GET /api/v1/scans,GET,200,14.285,True
2026-07-31T08:26:02.192414667Z,53,POST /api/v1/scans,POST,409,38.012,False
2026-07-31T08:26:02.203257901Z,96,POST /api/v1/scans,POST,409,38.5,False
2026-07-31T08:26:02.220348676Z,80,GET /api/v1/user/profile,GET,200,17.026,True
2026-07-31T08:26:02.220940002Z,12,GET /api/v1/scans,GET,200,16.408,True
2026-07-31T08:26:02.226297711Z,74,POST /api/v1/scans,POST,409,31.456,False
2026-07-31T08:26:02.242666131Z,63,GET /api/v1/scans,GET,200,3.736,True
2026-07-31T08:26:02.258456296Z,34,GET /api/v1/scans,GET,200,3.259,True
2026-07-31T08:26:02.273227031Z,24,GET /api/v1/scans,GET,200,5.324,True
2026-07-31T08:26:02.276103367Z,93,GET /api/v1/scans,GET,200,4.77,True
2026-07-31T08:26:02.3254989Z,78,POST /api/v1/scans,POST,409,33.846,False
2026-07-31T08:26:02.344344697Z,58,GET /api/v1/scans,GET,200,24.215,True
2026-07-31T08:26:02.346544347Z,10,GET /api/v1/scans,GET,200,16.658,True
2026-07-31T08:26:02.357886023Z,35,POST /api/v1/scans,POST,409,41.907,False
2026-07-31T08:26:02.364876829Z,90,GET /api/v1/scans/{id},GET,200,3.577,True
2026-07-31T08:26:02.365735366Z,77,POST /api/v1/scans,POST,409,40.791,False
2026-07-31T08:26:02.380336306Z,70,GET /api/v1/user/profile,GET,200,3.378,True
2026-07-31T08:26:02.386186037Z,48,GET /api/v1/scans/{id},GET,200,5.938,True
2026-07-31T08:26:02.389672678Z,89,GET /api/v1/user/profile,GET,200,5.887,True
2026-07-31T08:26:02.408275286Z,50,GET /api/v1/scans,GET,200,8.887,True
2026-07-31T08:26:02.419869839Z,99,POST /api/v1/scans,POST,409,38.297,False
2026-07-31T08:26:02.420493529Z,16,GET /api/v1/scans,GET,200,18.009,True
2026-07-31T08:26:02.42377723Z,98,GET /api/v1/scans/{id},GET,200,15.228,True
2026-07-31T08:26:02.426340173Z,9,GET /api/v1/scans,GET,200,6.387,True
2026-07-31T08:26:02.430265224Z,33,POST /api/v1/scans,POST,409,38.188,False
2026-07-31T08:26:02.445183426Z,31,GET /api/v1/scans,GET,200,6.004,True
2026-07-31T08:26:02.44893278Z,43,GET /api/v1/user/profile,GET,200,4.395,True
2026-07-31T08:26:02.459048506Z,72,GET /api/v1/user/profile,GET,200,6.529,True
2026-07-31T08:26:02.482344663Z,22,GET /api/v1/user/profile,GET,200,16.439,True
2026-07-31T08:26:02.482626809Z,86,GET /api/v1/scans,GET,200,19.122,True
2026-07-31T08:26:02.484922868Z,87,GET /api/v1/scans,GET,200,16.576,True
2026-07-31T08:26:02.490238642Z,75,GET /api/v1/user/profile,GET,200,10.545,True
2026-07-31T08:26:02.490321912Z,3,POST /api/v1/scans,POST,409,40.146,False
2026-07-31T08:26:02.510494517Z,92,GET /api/v1/user/profile,GET,200,18.983,True
2026-07-31T08:26:02.511456879Z,19,GET /api/v1/scans/{id},GET,200,19.889,True
2026-07-31T08:26:02.512308834Z,54,GET /api/v1/user/profile,GET,200,17.374,True
2026-07-31T08:26:02.518493954Z,57,POST /api/v1/scans,POST,409,35.543,False
2026-07-31T08:26:02.533655112Z,23,GET /api/v1/scans/{id},GET,200,8.927,True
2026-07-31T08:26:02.533837627Z,66,GET /api/v1/user/profile,GET,200,9.097,True
2026-07-31T08:26:02.53572209Z,2,GET /api/v1/scans,GET,200,6.616,True
2026-07-31T08:26:02.550088224Z,84,GET /api/v1/user/profile,GET,200,4.127,True
2026-07-31T08:26:02.57834964Z,14,GET /api/v1/scans,GET,200,5.095,True
2026-07-31T08:26:02.632524688Z,5,GET /api/v1/scans/{id},GET,200,26.468,True
2026-07-31T08:26:02.633242082Z,37,GET /api/v1/user/profile,GET,200,23.895,True
2026-07-31T08:26:02.633776996Z,32,GET /api/v1/user/profile,GET,200,20.27,True
2026-07-31T08:26:02.634575611Z,27,GET /api/v1/user/profile,GET,200,12.686,True
2026-07-31T08:26:02.635498723Z,59,GET /api/v1/scans,GET,200,15.808,True
2026-07-31T08:26:02.641155273Z,82,POST /api/v1/scans,POST,409,44.265,False
2026-07-31T08:26:02.641587243Z,36,GET /api/v1/scans,GET,200,7.607,True
2026-07-31T08:26:02.642011386Z,67,GET /api/v1/scans/{id},GET,200,5.182,True
2026-07-31T08:26:02.654776015Z,79,GET /api/v1/user/profile,GET,200,4.393,True
2026-07-31T08:26:02.676354375Z,39,GET /api/v1/scans,GET,200,10.081,True
2026-07-31T08:26:02.700622858Z,8,GET /api/v1/scans/{id},GET,200,20.707,True
2026-07-31T08:26:02.702218295Z,100,GET /api/v1/scans,GET,200,10.583,True
2026-07-31T08:26:02.708774331Z,95,POST /api/v1/scans,POST,409,45.654,False
2026-07-31T08:26:02.735918353Z,68,GET /api/v1/user/profile,GET,200,4.857,True
2026-07-31T08:26:02.740121174Z,81,GET /api/v1/scans,GET,200,4.833,True
2026-07-31T08:26:02.773655209Z,69,GET /api/v1/scans/{id},GET,200,4.253,True
2026-07-31T08:26:02.78037632Z,80,GET /api/v1/user/profile,GET,200,3.498,True
2026-07-31T08:26:02.784829632Z,1,GET /api/v1/scans/{id},GET,200,3.309,True
2026-07-31T08:26:02.795741168Z,64,GET /api/v1/scans,GET,200,4.561,True
2026-07-31T08:26:02.822478198Z,61,GET /api/v1/scans/{id},GET,200,3.316,True
2026-07-31T08:26:02.830658127Z,73,GET /api/v1/user/profile,GET,200,3.921,True
2026-07-31T08:26:02.843494347Z,51,GET /api/v1/user/profile,GET,200,13.181,True
2026-07-31T08:26:02.873018216Z,13,GET /api/v1/scans,GET,200,17.921,True
2026-07-31T08:26:02.873749688Z,49,GET /api/v1/scans,GET,200,12.386,True
2026-07-31T08:26:02.873876414Z,60,GET /api/v1/scans,GET,200,12.486,True
2026-07-31T08:26:02.877480189Z,42,POST /api/v1/scans,POST,409,49.497,False
2026-07-31T08:26:02.882891829Z,47,POST /api/v1/scans,POST,409,50.767,False
2026-07-31T08:26:02.887896865Z,78,GET /api/v1/scans,GET,200,9.244,True
2026-07-31T08:26:02.89585532Z,25,GET /api/v1/scans/{id},GET,200,10.407,True
2026-07-31T08:26:02.903130007Z,20,GET /api/v1/scans/{id},GET,200,15.046,True
2026-07-31T08:26:02.91496623Z,46,POST /api/v1/scans,POST,409,33.998,False
2026-07-31T08:26:02.939357553Z,44,GET /api/v1/scans,GET,200,5.064,True
2026-07-31T08:26:02.942448835Z,41,GET /api/v1/user/profile,GET,200,2.885,True
2026-07-31T08:26:02.985370619Z,17,GET /api/v1/scans,GET,200,5.436,True
2026-07-31T08:26:03.003993962Z,33,GET /api/v1/scans,GET,200,8.279,True
2026-07-31T08:26:03.009128632Z,62,GET /api/v1/scans,GET,200,9.118,True
2026-07-31T08:26:03.01185467Z,4,GET /api/v1/scans,GET,200,8.71,True
2026-07-31T08:26:03.035425805Z,74,GET /api/v1/scans/{id},GET,200,4.248,True
2026-07-31T08:26:03.043323359Z,94,GET /api/v1/scans/{id},GET,200,6.759,True
2026-07-31T08:26:03.060720383Z,15,GET /api/v1/scans,GET,200,6.973,True
2026-07-31T08:26:03.061145933Z,87,GET /api/v1/user/profile,GET,200,4.266,True
2026-07-31T08:26:03.063510136Z,43,POST /api/v1/scans,POST,409,25.788,False
2026-07-31T08:26:03.080905468Z,57,GET /api/v1/scans/{id},GET,200,3.109,True
2026-07-31T08:26:03.100829905Z,40,GET /api/v1/user/profile,GET,200,4.229,True
2026-07-31T08:26:03.106476437Z,70,GET /api/v1/scans/{id},GET,200,3.464,True
2026-07-31T08:26:03.110801736Z,19,GET /api/v1/scans,GET,200,4.259,True
2026-07-31T08:26:03.140460529Z,63,GET /api/v1/scans/{id},GET,200,19.12,True
2026-07-31T08:26:03.143613686Z,29,GET /api/v1/scans,GET,200,22.274,True
2026-07-31T08:26:03.151799195Z,18,GET /api/v1/scans,GET,200,20.764,True
2026-07-31T08:26:03.157400908Z,24,GET /api/v1/scans,GET,200,15.649,True
2026-07-31T08:26:03.159560206Z,98,POST /api/v1/scans,POST,409,42.516,False
2026-07-31T08:26:03.16528868Z,22,POST /api/v1/scans,POST,409,41.59,False
2026-07-31T08:26:03.168405219Z,26,GET /api/v1/scans,GET,200,4.623,True
2026-07-31T08:26:03.174888517Z,37,GET /api/v1/scans,GET,200,5.292,True
2026-07-31T08:26:03.176261046Z,65,GET /api/v1/scans,GET,200,4.482,True
2026-07-31T08:26:03.210184676Z,76,GET /api/v1/user/profile,GET,200,8.203,True
2026-07-31T08:26:03.214502071Z,11,POST /api/v1/scans,POST,409,28.772,False
2026-07-31T08:26:03.232681232Z,55,POST /api/v1/scans,POST,409,26.289,False
2026-07-31T08:26:03.238196962Z,54,GET /api/v1/scans/{id},GET,200,3.149,True
2026-07-31T08:26:03.268168612Z,38,GET /api/v1/scans,GET,200,12.456,True
2026-07-31T08:26:03.275560903Z,56,GET /api/v1/scans,GET,200,10.529,True
2026-07-31T08:26:03.276176896Z,58,GET /api/v1/scans,GET,200,7.971,True
2026-07-31T08:26:03.280682041Z,88,POST /api/v1/scans,POST,201,28.229,True
2026-07-31T08:26:03.288900298Z,71,GET /api/v1/scans/{id},GET,200,4.64,True
2026-07-31T08:26:03.2996352Z,34,GET /api/v1/scans/{id},GET,200,9.457,True
2026-07-31T08:26:03.312484187Z,83,GET /api/v1/scans/{id},GET,200,3.497,True
2026-07-31T08:26:03.341793278Z,84,GET /api/v1/user/profile,GET,200,3.858,True
2026-07-31T08:26:03.387361279Z,97,POST /api/v1/scans,POST,409,45.505,False
2026-07-31T08:26:03.395577149Z,89,GET /api/v1/scans,GET,200,15.273,True
2026-07-31T08:26:03.399958564Z,7,GET /api/v1/scans,GET,200,16.02,True
2026-07-31T08:26:03.418298335Z,68,GET /api/v1/scans,GET,200,23.262,True
2026-07-31T08:26:03.427004792Z,28,GET /api/v1/scans,GET,200,28.996,True
2026-07-31T08:26:03.435388566Z,30,GET /api/v1/scans/{id},GET,200,23.393,True
2026-07-31T08:26:03.438134857Z,93,GET /api/v1/scans,GET,200,27.448,True
2026-07-31T08:26:03.441663647Z,85,GET /api/v1/user/profile,GET,200,21.857,True
2026-07-31T08:26:03.449577029Z,6,GET /api/v1/scans,GET,200,27.148,True
2026-07-31T08:26:03.484472419Z,10,GET /api/v1/user/profile,GET,200,24.282,True
2026-07-31T08:26:03.497893727Z,12,GET /api/v1/scans/{id},GET,200,7.82,True
2026-07-31T08:26:03.497946174Z,21,POST /api/v1/scans,POST,409,117.603,False
2026-07-31T08:26:03.500870897Z,79,POST /api/v1/scans,POST,201,85.465,True
2026-07-31T08:26:03.500974409Z,96,POST /api/v1/scans,POST,409,88.903,False
2026-07-31T08:26:03.50097943Z,91,POST /api/v1/scans,POST,409,82.829,False
2026-07-31T08:26:03.505192436Z,35,POST /api/v1/scans,POST,409,71.589,False
2026-07-31T08:26:03.547658711Z,45,GET /api/v1/user/profile,GET,200,7.926,True
2026-07-31T08:26:03.549448981Z,86,GET /api/v1/scans/{id},GET,200,8.631,True
2026-07-31T08:26:03.554495957Z,53,GET /api/v1/scans,GET,200,10.313,True
2026-07-31T08:26:03.55545369Z,60,GET /api/v1/user/profile,GET,200,7.755,True
2026-07-31T08:26:03.555535824Z,77,GET /api/v1/scans,GET,200,9.16,True
2026-07-31T08:26:03.560991288Z,32,GET /api/v1/user/profile,GET,200,4.234,True
2026-07-31T08:26:03.565546Z,59,GET /api/v1/user/profile,GET,200,4.576,True
2026-07-31T08:26:03.566266103Z,1,GET /api/v1/user/profile,GET,200,4.08,True
2026-07-31T08:26:03.573327118Z,81,GET /api/v1/scans,GET,200,3.822,True
2026-07-31T08:26:03.585018651Z,23,GET /api/v1/scans,GET,200,7.452,True
2026-07-31T08:26:03.585686995Z,50,GET /api/v1/scans,GET,200,5.922,True
2026-07-31T08:26:03.601879661Z,52,GET /api/v1/user/profile,GET,200,3.886,True
2026-07-31T08:26:03.615810171Z,27,GET /api/v1/scans,GET,200,7.613,True
2026-07-31T08:26:03.615866837Z,9,GET /api/v1/scans/{id},GET,200,5.244,True
2026-07-31T08:26:03.623346918Z,8,GET /api/v1/scans,GET,200,5.112,True
2026-07-31T08:26:03.662885518Z,99,GET /api/v1/scans,GET,200,5.804,True
2026-07-31T08:26:03.686394224Z,92,GET /api/v1/scans/{id},GET,200,4.836,True
2026-07-31T08:26:03.693521871Z,73,GET /api/v1/scans,GET,200,4.916,True
2026-07-31T08:26:03.721606059Z,16,GET /api/v1/scans,GET,200,13.752,True
2026-07-31T08:26:03.726591313Z,72,GET /api/v1/user/profile,GET,200,14.358,True
2026-07-31T08:26:03.727563628Z,14,GET /api/v1/scans,GET,200,15.326,True
2026-07-31T08:26:03.729107461Z,36,GET /api/v1/scans,GET,200,13.562,True
2026-07-31T08:26:03.731528578Z,74,GET /api/v1/scans,GET,200,6.412,True
2026-07-31T08:26:03.778450007Z,40,GET /api/v1/scans,GET,200,16.08,True
2026-07-31T08:26:03.78006566Z,90,GET /api/v1/user/profile,GET,200,15.386,True
2026-07-31T08:26:03.784993594Z,78,GET /api/v1/user/profile,GET,200,6.432,True
2026-07-31T08:26:03.793764096Z,98,POST /api/v1/scans,POST,409,36.639,False
2026-07-31T08:26:03.81319222Z,46,POST /api/v1/scans,POST,409,27.979,False
2026-07-31T08:26:03.835842289Z,33,GET /api/v1/user/profile,GET,200,17.984,True
2026-07-31T08:26:03.836840431Z,61,GET /api/v1/scans,GET,200,21.281,True
2026-07-31T08:26:03.842646292Z,69,GET /api/v1/scans,GET,200,24.799,True
2026-07-31T08:26:03.850911133Z,100,GET /api/v1/scans,GET,200,27.735,True
2026-07-31T08:26:03.856492733Z,13,GET /api/v1/user/profile,GET,200,19.516,True
2026-07-31T08:26:03.866816066Z,48,GET /api/v1/scans,GET,200,24.348,True
2026-07-31T08:26:03.87514576Z,3,POST /api/v1/scans,POST,409,60.781,False
2026-07-31T08:26:03.875293786Z,65,GET /api/v1/scans/{id},GET,200,20.171,True
2026-07-31T08:26:03.877013105Z,66,GET /api/v1/user/profile,GET,200,14.12,True
2026-07-31T08:26:03.877094234Z,43,GET /api/v1/user/profile,GET,200,14.199,True
2026-07-31T08:26:03.87745139Z,84,GET /api/v1/scans,GET,200,11.341,True
2026-07-31T08:26:03.883038418Z,80,POST /api/v1/scans,POST,409,55.4,False
2026-07-31T08:26:03.887661856Z,2,GET /api/v1/scans,GET,200,8.744,True
2026-07-31T08:26:03.897924468Z,75,GET /api/v1/scans,GET,200,14.745,True
2026-07-31T08:26:03.897997539Z,95,GET /api/v1/scans,GET,200,16.794,True
2026-07-31T08:26:03.92006914Z,67,POST /api/v1/scans,POST,409,30.665,False
2026-07-31T08:26:03.950970653Z,31,POST /api/v1/scans,POST,409,27.533,False
2026-07-31T08:26:03.974615242Z,85,GET /api/v1/user/profile,GET,200,20.34,True
2026-07-31T08:26:03.975638495Z,37,GET /api/v1/user/profile,GET,200,21.33,True
2026-07-31T08:26:03.9779145Z,20,GET /api/v1/user/profile,GET,200,19.247,True
2026-07-31T08:26:03.979180117Z,7,GET /api/v1/scans/{id},GET,200,12.29,True
2026-07-31T08:26:03.980396424Z,49,GET /api/v1/user/profile,GET,200,4.665,True
2026-07-31T08:26:03.983141271Z,57,POST /api/v1/scans,POST,409,36.33,False
2026-07-31T08:26:03.990141105Z,82,GET /api/v1/user/profile,GET,200,5.847,True
2026-07-31T08:26:03.992369815Z,64,GET /api/v1/scans,GET,200,5.714,True
2026-07-31T08:26:04.013878702Z,15,GET /api/v1/scans,GET,200,5.161,True
2026-07-31T08:26:04.022224535Z,25,GET /api/v1/user/profile,GET,200,6.094,True
2026-07-31T08:26:04.023110596Z,42,GET /api/v1/scans,GET,200,5.743,True
2026-07-31T08:26:04.030508998Z,24,GET /api/v1/user/profile,GET,200,3.109,True
2026-07-31T08:26:04.053097825Z,55,GET /api/v1/scans,GET,200,5.873,True
2026-07-31T08:26:04.075154657Z,4,GET /api/v1/user/profile,GET,200,9.677,True
2026-07-31T08:26:04.082432578Z,41,POST /api/v1/scans,POST,409,32.952,False
2026-07-31T08:26:04.100628574Z,5,GET /api/v1/scans,GET,200,5.369,True
2026-07-31T08:26:04.107884669Z,63,GET /api/v1/scans,GET,200,4.973,True
2026-07-31T08:26:04.119474838Z,70,GET /api/v1/scans,GET,200,9.193,True
2026-07-31T08:26:04.120021367Z,44,GET /api/v1/user/profile,GET,200,5.417,True
2026-07-31T08:26:04.126297731Z,30,GET /api/v1/scans/{id},GET,200,5.095,True
2026-07-31T08:26:04.136355645Z,47,GET /api/v1/scans,GET,200,8.848,True
2026-07-31T08:26:04.141060009Z,1,GET /api/v1/scans,GET,200,8.207,True
2026-07-31T08:26:04.141466536Z,54,GET /api/v1/scans/{id},GET,200,6.382,True
2026-07-31T08:26:04.172522898Z,39,POST /api/v1/scans,POST,409,25.732,False
2026-07-31T08:26:04.217927112Z,51,GET /api/v1/scans,GET,200,5.759,True
2026-07-31T08:26:04.224006814Z,71,GET /api/v1/scans/{id},GET,200,3.594,True
2026-07-31T08:26:04.255256741Z,17,GET /api/v1/scans,GET,200,5.738,True
2026-07-31T08:26:04.26198996Z,99,GET /api/v1/scans,GET,200,4.519,True
2026-07-31T08:26:04.293227659Z,53,GET /api/v1/user/profile,GET,200,4.187,True
2026-07-31T08:26:04.322716326Z,88,POST /api/v1/scans,POST,409,25.154,False
2026-07-31T08:26:04.341188941Z,26,GET /api/v1/scans/{id},GET,200,4.097,True
2026-07-31T08:26:04.363241571Z,32,GET /api/v1/scans,GET,200,5.665,True
2026-07-31T08:26:04.373767452Z,56,GET /api/v1/scans,GET,200,5.112,True
2026-07-31T08:26:04.420991198Z,81,GET /api/v1/scans/{id},GET,200,26.974,True
2026-07-31T08:26:04.424926022Z,28,GET /api/v1/scans/{id},GET,200,30.265,True
2026-07-31T08:26:04.431530098Z,34,GET /api/v1/scans,GET,200,34.553,True
2026-07-31T08:26:04.434417468Z,77,GET /api/v1/scans/{id},GET,200,32.907,True
2026-07-31T08:26:04.434505549Z,29,GET /api/v1/user/profile,GET,200,32.918,True
2026-07-31T08:26:04.437761398Z,23,GET /api/v1/scans,GET,200,38.585,True
2026-07-31T08:26:04.442507881Z,73,GET /api/v1/scans,GET,200,40.9,True
2026-07-31T08:26:04.446333641Z,62,GET /api/v1/scans,GET,200,42.588,True
2026-07-31T08:26:04.448025221Z,11,GET /api/v1/user/profile,GET,200,37.912,True
2026-07-31T08:26:04.461463779Z,91,GET /api/v1/scans,GET,200,38.872,True
2026-07-31T08:26:04.462912892Z,38,GET /api/v1/user/profile,GET,200,32.711,True
2026-07-31T08:26:04.466401821Z,78,GET /api/v1/scans,GET,200,36.2,True
2026-07-31T08:26:04.468807385Z,74,GET /api/v1/user/profile,GET,200,24.087,True
2026-07-31T08:26:04.476536079Z,94,GET /api/v1/user/profile,GET,200,21.102,True
2026-07-31T08:26:04.480824171Z,84,GET /api/v1/scans,GET,200,24.154,True
2026-07-31T08:26:04.482947052Z,83,POST /api/v1/scans,POST,409,89.246,False
2026-07-31T08:26:04.489450121Z,87,GET /api/v1/user/profile,GET,200,4.075,True
2026-07-31T08:26:04.490523071Z,76,POST /api/v1/scans,POST,409,67.789,False
2026-07-31T08:26:04.525481981Z,59,GET /api/v1/scans,GET,200,19.644,True
2026-07-31T08:26:04.526293679Z,46,GET /api/v1/scans,GET,200,19.27,True
2026-07-31T08:26:04.533164676Z,52,GET /api/v1/scans,GET,200,21.802,True
2026-07-31T08:26:04.535548524Z,16,GET /api/v1/user/profile,GET,200,20.006,True
2026-07-31T08:26:04.535822933Z,20,GET /api/v1/user/profile,GET,200,17.057,True
2026-07-31T08:26:04.540223201Z,36,GET /api/v1/user/profile,GET,200,15.042,True
2026-07-31T08:26:04.548640943Z,19,POST /api/v1/scans,POST,409,41.568,False
2026-07-31T08:26:04.549254933Z,57,GET /api/v1/scans,GET,200,5.658,True
2026-07-31T08:26:04.555492865Z,98,GET /api/v1/scans,GET,200,6.874,True
2026-07-31T08:26:04.556867428Z,79,GET /api/v1/scans/{id},GET,200,6.428,True
2026-07-31T08:26:04.560510264Z,42,GET /api/v1/scans,GET,200,4.992,True
2026-07-31T08:26:04.567171192Z,93,GET /api/v1/scans,GET,200,4.204,True
2026-07-31T08:26:04.584406893Z,68,GET /api/v1/user/profile,GET,200,3.987,True
2026-07-31T08:26:04.614119118Z,18,GET /api/v1/scans/{id},GET,200,11.18,True
2026-07-31T08:26:04.61757119Z,92,GET /api/v1/scans,GET,200,11.272,True
2026-07-31T08:26:04.620230882Z,69,GET /api/v1/scans,GET,200,12.669,True
2026-07-31T08:26:04.648554466Z,22,POST /api/v1/scans,POST,409,31.883,False
2026-07-31T08:26:04.688848657Z,72,GET /api/v1/user/profile,GET,200,27.327,True
2026-07-31T08:26:04.69924805Z,27,GET /api/v1/user/profile,GET,200,28.363,True
2026-07-31T08:26:04.69936131Z,95,GET /api/v1/scans/{id},GET,200,28.53,True
2026-07-31T08:26:04.702913019Z,50,GET /api/v1/scans/{id},GET,200,21.519,True
2026-07-31T08:26:04.704721246Z,58,GET /api/v1/scans,GET,200,21.078,True
2026-07-31T08:26:04.709491471Z,96,POST /api/v1/scans,POST,409,57.457,False
2026-07-31T08:26:04.709549514Z,86,GET /api/v1/scans,GET,200,21.178,True
2026-07-31T08:26:04.731301123Z,89,GET /api/v1/scans,GET,200,19.34,True
2026-07-31T08:26:04.747064435Z,7,GET /api/v1/scans,GET,200,10.039,True
2026-07-31T08:26:04.750511451Z,40,POST /api/v1/scans,POST,409,47.802,False
2026-07-31T08:26:04.760839858Z,85,GET /api/v1/user/profile,GET,200,5.798,True
2026-07-31T08:26:04.77836209Z,100,GET /api/v1/scans/{id},GET,200,5.248,True
2026-07-31T08:26:04.802607388Z,15,GET /api/v1/user/profile,GET,200,7.622,True
2026-07-31T08:26:04.831298184Z,12,GET /api/v1/scans,GET,200,20.268,True
2026-07-31T08:26:04.856629641Z,13,POST /api/v1/scans,POST,409,59.405,False
2026-07-31T08:26:04.867173977Z,65,GET /api/v1/scans,GET,200,34.557,True
2026-07-31T08:26:04.873471905Z,24,GET /api/v1/scans/{id},GET,200,35.286,True
2026-07-31T08:26:04.874123422Z,10,GET /api/v1/scans,GET,200,38.302,True
2026-07-31T08:26:04.878015327Z,35,GET /api/v1/scans,GET,200,30.383,True
2026-07-31T08:26:04.899012116Z,37,POST /api/v1/scans,POST,201,72.748,True
2026-07-31T08:26:04.908470779Z,66,GET /api/v1/user/profile,GET,200,23.897,True
2026-07-31T08:26:04.958247539Z,6,POST /api/v1/scans,POST,409,122.376,False
2026-07-31T08:26:04.974368625Z,54,GET /api/v1/scans,GET,200,70.872,True
2026-07-31T08:26:04.985658107Z,61,GET /api/v1/scans,GET,200,79.468,True
2026-07-31T08:26:05.001946967Z,43,GET /api/v1/scans,GET,200,88.021,True
2026-07-31T08:26:05.008212245Z,21,GET /api/v1/scans,GET,200,81.748,True
2026-07-31T08:26:05.017695171Z,60,GET /api/v1/scans,GET,200,80.242,True
2026-07-31T08:26:05.089497237Z,55,GET /api/v1/scans,GET,200,126.06,True
2026-07-31T08:26:05.101840491Z,97,POST /api/v1/scans,POST,409,223.619,False
2026-07-31T08:26:05.102019974Z,9,GET /api/v1/user/profile,GET,200,130.1,True
2026-07-31T08:26:05.105854704Z,64,GET /api/v1/scans/{id},GET,200,108.823,True
2026-07-31T08:26:05.230418551Z,8,GET /api/v1/scans/{id},GET,200,206.155,True
2026-07-31T08:26:05.269897026Z,25,GET /api/v1/user/profile,GET,200,222.687,True
2026-07-31T08:26:05.338342088Z,16,GET /api/v1/user/profile,GET,200,271.314,True
2026-07-31T08:26:05.354616444Z,19,GET /api/v1/scans/{id},GET,200,290.89,True
2026-07-31T08:26:05.376499608Z,46,GET /api/v1/scans,GET,200,345.049,True
2026-07-31T08:26:05.388070592Z,49,GET /api/v1/scans,GET,200,335.646,True
2026-07-31T08:26:05.560232343Z,92,GET /api/v1/user/profile,GET,200,419.927,True
2026-07-31T08:26:05.932079786Z,73,GET /api/v1/scans,GET,200,764.809,True
2026-07-31T08:26:06.038444015Z,62,GET /api/v1/scans,GET,200,884.722,True
2026-07-31T08:26:06.116182894Z,67,GET /api/v1/scans/{id},GET,200,937.111,True
2026-07-31T08:26:06.173919528Z,68,GET /api/v1/scans,GET,200,884.711,True
2026-07-31T08:26:06.369255421Z,45,POST /api/v1/scans,POST,409,1442.883,False
2026-07-31T08:26:06.383619343Z,75,POST /api/v1/scans,POST,409,1495.407,False
2026-07-31T08:26:06.470913343Z,23,GET /api/v1/scans,GET,200,1079.232,True
2026-07-31T08:26:06.493619232Z,89,GET /api/v1/scans,GET,200,927.862,True
2026-07-31T08:26:06.509213176Z,22,GET /api/v1/scans,GET,200,1127.998,True
2026-07-31T08:26:06.536344401Z,70,GET /api/v1/scans,GET,200,958.905,True
2026-07-31T08:26:06.536936716Z,14,GET /api/v1/user/profile,GET,200,1554.891,True
2026-07-31T08:26:06.588679918Z,40,GET /api/v1/scans,GET,200,406.067,True
2026-07-31T08:26:06.64218758Z,39,GET /api/v1/scans,GET,200,1045.012,True
2026-07-31T08:26:06.644466747Z,49,GET /api/v1/scans/{id},GET,200,213.937,True
2026-07-31T08:26:06.655378479Z,56,POST /api/v1/scans,POST,409,1695.643,False
2026-07-31T08:26:06.674683591Z,2,GET /api/v1/scans/{id},GET,200,1598.836,True
2026-07-31T08:26:06.68639936Z,99,POST /api/v1/scans,POST,409,1753.439,False
2026-07-31T08:26:06.686498241Z,90,GET /api/v1/scans,GET,200,1611.995,True
2026-07-31T08:26:06.698343893Z,28,GET /api/v1/scans,GET,200,1589.963,True
2026-07-31T08:26:06.69841699Z,1,GET /api/v1/scans,GET,200,1309.013,True
2026-07-31T08:26:06.727958957Z,44,GET /api/v1/user/profile,GET,200,1491.3,True
2026-07-31T08:26:06.7538604Z,71,GET /api/v1/scans,GET,200,1653.378,True
2026-07-31T08:26:06.754338885Z,82,GET /api/v1/user/profile,GET,200,1565.392,True
2026-07-31T08:26:06.75446987Z,59,GET /api/v1/scans,GET,200,1011.14,True
2026-07-31T08:26:06.754675488Z,12,GET /api/v1/user/profile,GET,200,1040.797,True
2026-07-31T08:26:06.766340255Z,93,GET /api/v1/user/profile,GET,200,1051.21,True
2026-07-31T08:26:06.766999384Z,50,GET /api/v1/scans/{id},GET,200,1504.591,True
2026-07-31T08:26:06.786686724Z,53,GET /api/v1/user/profile,GET,200,1540.978,True
2026-07-31T08:26:06.786761068Z,15,GET /api/v1/user/profile,GET,200,1453.557,True
2026-07-31T08:26:06.790549872Z,20,GET /api/v1/scans/{id},GET,200,1043.534,True
2026-07-31T08:26:06.794270355Z,33,GET /api/v1/user/profile,GET,200,1552.02,True
2026-07-31T08:26:06.811956117Z,51,GET /api/v1/user/profile,GET,200,1595.44,True
2026-07-31T08:26:06.812183374Z,100,GET /api/v1/scans,GET,200,1015.179,True
2026-07-31T08:26:06.812190104Z,85,GET /api/v1/scans,GET,200,1024.671,True
2026-07-31T08:26:06.813138974Z,63,GET /api/v1/scans/{id},GET,200,1538.847,True
2026-07-31T08:26:06.825252543Z,4,GET /api/v1/scans/{id},GET,200,1592.474,True
2026-07-31T08:26:06.828710666Z,79,GET /api/v1/scans/{id},GET,200,1047.055,True
2026-07-31T08:26:06.84769317Z,47,GET /api/v1/scans,GET,200,1618.671,True
2026-07-31T08:26:06.860637853Z,48,GET /api/v1/user/profile,GET,200,1526.159,True
2026-07-31T08:26:06.861755197Z,7,GET /api/v1/user/profile,GET,200,1042.989,True
2026-07-31T08:26:06.861886272Z,42,GET /api/v1/user/profile,GET,200,1587.545,True
2026-07-31T08:26:06.872547088Z,87,GET /api/v1/user/profile,GET,200,1032.715,True
2026-07-31T08:26:06.873105786Z,74,GET /api/v1/scans,GET,200,1686.545,True
2026-07-31T08:26:06.884033958Z,26,GET /api/v1/scans,GET,200,1113.674,True
2026-07-31T08:26:06.88807458Z,29,GET /api/v1/user/profile,GET,200,960.44,True
2026-07-31T08:26:06.91393678Z,88,GET /api/v1/user/profile,GET,200,1332.934,True
2026-07-31T08:26:06.929190552Z,86,GET /api/v1/scans,GET,200,1492.378,True
2026-07-31T08:26:06.929365957Z,94,GET /api/v1/scans,GET,200,1537.644,True
2026-07-31T08:26:06.929609516Z,17,GET /api/v1/user/profile,GET,200,1583.644,True
2026-07-31T08:26:06.929769205Z,69,GET /api/v1/scans,GET,200,827.925,True
2026-07-31T08:26:06.929782193Z,81,GET /api/v1/scans,GET,200,1484.738,True
2026-07-31T08:26:06.92981849Z,5,GET /api/v1/scans,GET,200,1378.073,True
2026-07-31T08:26:06.929918178Z,37,GET /api/v1/scans,GET,200,1424.214,True
2026-07-31T08:26:06.929927747Z,95,GET /api/v1/user/profile,GET,200,1697.23,True
2026-07-31T08:26:06.929951305Z,18,GET /api/v1/scans,GET,200,1525.799,True
2026-07-31T08:26:06.950620432Z,54,GET /api/v1/user/profile,GET,200,1365.181,True
2026-07-31T08:26:06.951361311Z,64,GET /api/v1/scans,GET,200,888.289,True
2026-07-31T08:26:06.968630406Z,66,GET /api/v1/user/profile,GET,200,736.091,True
2026-07-31T08:26:06.968632332Z,32,GET /api/v1/scans,GET,200,1735.843,True
2026-07-31T08:26:06.968981176Z,6,GET /api/v1/scans,GET,200,1383.464,True
2026-07-31T08:26:06.96941386Z,16,GET /api/v1/scans,GET,200,749.19,True
2026-07-31T08:26:06.977953847Z,76,GET /api/v1/scans/{id},GET,200,986.765,True
2026-07-31T08:26:06.97810268Z,61,GET /api/v1/scans,GET,200,856.316,True
2026-07-31T08:26:06.978123014Z,72,GET /api/v1/scans,GET,200,1167.72,True
2026-07-31T08:26:06.978586646Z,35,GET /api/v1/user/profile,GET,200,748.179,True
2026-07-31T08:26:06.986298623Z,55,GET /api/v1/scans/{id},GET,200,667.683,True
2026-07-31T08:26:07.008350589Z,92,GET /api/v1/scans/{id},GET,200,869.758,True
2026-07-31T08:26:07.008605818Z,21,GET /api/v1/user/profile,GET,200,1482.789,True
2026-07-31T08:26:07.025303555Z,3,GET /api/v1/scans/{id},GET,200,1707.554,True
2026-07-31T08:26:07.025880133Z,24,GET /api/v1/scans,GET,200,733.625,True
2026-07-31T08:26:07.025886689Z,78,GET /api/v1/scans/{id},GET,200,1570.206,True
2026-07-31T08:26:07.046453536Z,60,GET /api/v1/scans,GET,200,1402.096,True
2026-07-31T08:26:07.046929755Z,65,GET /api/v1/user/profile,GET,200,1486.771,True
2026-07-31T08:26:07.046929766Z,43,GET /api/v1/scans,GET,200,692.568,True
2026-07-31T08:26:07.059367491Z,58,GET /api/v1/scans,GET,200,1439.945,True
2026-07-31T08:26:07.064518089Z,46,GET /api/v1/user/profile,GET,200,194.169,True
2026-07-31T08:26:07.064628987Z,36,GET /api/v1/scans,GET,200,1353.097,True
2026-07-31T08:26:07.064714609Z,97,GET /api/v1/scans,GET,200,1097.587,True
2026-07-31T08:26:07.065241162Z,11,GET /api/v1/scans/{id},GET,200,1635.279,True
2026-07-31T08:26:07.082704006Z,34,GET /api/v1/user/profile,GET,200,1448.789,True
2026-07-31T08:26:07.082976138Z,80,POST /api/v1/scans,POST,409,1954.18,False
2026-07-31T08:26:07.089489103Z,25,GET /api/v1/scans/{id},GET,200,823.184,True
2026-07-31T08:26:07.089965979Z,57,GET /api/v1/scans/{id},GET,200,1626.37,True
2026-07-31T08:26:07.089967957Z,73,GET /api/v1/scans,GET,200,216.294,True
2026-07-31T08:26:07.11070577Z,84,GET /api/v1/scans,GET,200,1672.567,True
2026-07-31T08:26:07.110841417Z,77,POST /api/v1/scans,POST,409,1794.092,False
2026-07-31T08:26:07.110907271Z,68,GET /api/v1/user/profile,GET,200,218.242,True
2026-07-31T08:26:07.115311602Z,31,POST /api/v1/scans,POST,409,1768.021,False
2026-07-31T08:26:07.166664364Z,10,POST /api/v1/scans,POST,409,997.377,False
2026-07-31T08:26:07.16675617Z,19,POST /api/v1/scans,POST,409,702.944,False
2026-07-31T08:26:07.176927803Z,98,POST /api/v1/scans,POST,409,1466.648,False
2026-07-31T08:26:07.177103611Z,91,POST /api/v1/scans,POST,409,1751.65,False
2026-07-31T08:26:07.185169089Z,67,GET /api/v1/scans,GET,200,198.989,True
2026-07-31T08:26:07.210775761Z,30,POST /api/v1/scans,POST,409,1719.275,False
2026-07-31T08:26:07.213464061Z,75,GET /api/v1/scans/{id},GET,200,159.159,True
2026-07-31T08:26:07.227014125Z,8,POST /api/v1/scans,POST,409,770.6,False
2026-07-31T08:26:07.230949857Z,22,GET /api/v1/scans,GET,200,71.449,True
2026-07-31T08:26:07.234130178Z,13,POST /api/v1/scans,POST,409,1468.588,False
2026-07-31T08:26:07.23507805Z,38,POST /api/v1/scans,POST,409,1874.9,False
2026-07-31T08:26:07.249896443Z,96,POST /api/v1/scans,POST,409,1807.292,False
2026-07-31T08:26:07.250762898Z,41,POST /api/v1/scans,POST,409,2008.394,False
2026-07-31T08:26:07.253856644Z,52,POST /api/v1/scans,POST,201,1718.526,True
2026-07-31T08:26:07.256189075Z,27,POST /api/v1/scans,POST,409,2035.505,False
2026-07-31T08:26:07.260875099Z,44,GET /api/v1/user/profile,GET,200,20.257,True
2026-07-31T08:26:07.265094005Z,9,POST /api/v1/scans,POST,409,761.785,False
2026-07-31T08:26:07.266368791Z,62,POST /api/v1/scans,POST,201,680.306,True
2026-07-31T08:26:07.266430205Z,83,POST /api/v1/scans,POST,409,2091.722,False
2026-07-31T08:26:07.269242993Z,45,GET /api/v1/scans/{id},GET,200,20.073,True
2026-07-31T08:26:07.27762751Z,23,GET /api/v1/scans/{id},GET,200,26.658,True
2026-07-31T08:26:07.334558332Z,15,GET /api/v1/scans,GET,200,14.323,True
2026-07-31T08:26:07.340423363Z,49,POST /api/v1/scans,POST,409,62.499,False
2026-07-31T08:26:07.35591528Z,85,GET /api/v1/scans/{id},GET,200,5.193,True
2026-07-31T08:26:07.384654055Z,14,GET /api/v1/scans,GET,200,12.048,True
2026-07-31T08:26:07.385524972Z,56,GET /api/v1/scans,GET,200,13.112,True
2026-07-31T08:26:07.448343643Z,95,GET /api/v1/scans/{id},GET,200,14.82,True
2026-07-31T08:26:07.467956657Z,87,POST /api/v1/scans,POST,201,48.905,True
2026-07-31T08:26:07.499393684Z,47,GET /api/v1/scans,GET,200,7.586,True
2026-07-31T08:26:07.504136082Z,66,GET /api/v1/user/profile,GET,200,4.924,True
2026-07-31T08:26:07.51032396Z,63,GET /api/v1/user/profile,GET,200,5.133,True
2026-07-31T08:26:07.518024921Z,90,GET /api/v1/scans,GET,200,6.481,True
2026-07-31T08:26:07.539914928Z,1,GET /api/v1/user/profile,GET,200,6.519,True
2026-07-31T08:26:07.547865074Z,42,GET /api/v1/user/profile,GET,200,4.697,True
2026-07-31T08:26:07.587839513Z,7,GET /api/v1/scans,GET,200,7.526,True
2026-07-31T08:26:07.599991447Z,46,GET /api/v1/user/profile,GET,200,4.893,True
2026-07-31T08:26:07.606668837Z,39,GET /api/v1/scans,GET,200,7.374,True
2026-07-31T08:26:07.66402812Z,11,GET /api/v1/user/profile,GET,200,6.208,True
2026-07-31T08:26:07.670724635Z,74,GET /api/v1/user/profile,GET,200,4.158,True
2026-07-31T08:26:07.706299495Z,64,GET /api/v1/scans/{id},GET,200,23.338,True
2026-07-31T08:26:07.706435456Z,69,GET /api/v1/scans,GET,200,23.415,True
2026-07-31T08:26:07.716226493Z,78,GET /api/v1/scans,GET,200,19.096,True
2026-07-31T08:26:07.732633191Z,33,POST /api/v1/scans,POST,409,59.261,False
2026-07-31T08:26:07.742160572Z,67,GET /api/v1/user/profile,GET,200,17.875,True
2026-07-31T08:26:07.790155252Z,70,GET /api/v1/scans,GET,200,57.273,True
2026-07-31T08:26:07.806346595Z,93,GET /api/v1/scans,GET,200,65.103,True
2026-07-31T08:26:07.810201488Z,89,GET /api/v1/scans,GET,200,61.677,True
2026-07-31T08:26:07.81284885Z,58,GET /api/v1/scans,GET,200,52.673,True
2026-07-31T08:26:07.818168618Z,31,GET /api/v1/scans/{id},GET,200,42.977,True
2026-07-31T08:26:07.826539298Z,34,GET /api/v1/scans,GET,200,37.211,True
2026-07-31T08:26:07.853917089Z,91,POST /api/v1/scans,POST,409,146.209,False
2026-07-31T08:26:07.861692499Z,51,GET /api/v1/scans,GET,200,53.947,True
2026-07-31T08:26:07.861799815Z,71,POST /api/v1/scans,POST,409,143.953,False
2026-07-31T08:26:07.861799834Z,72,GET /api/v1/scans/{id},GET,200,51.403,True
2026-07-31T08:26:07.885902703Z,50,GET /api/v1/user/profile,GET,200,51.273,True
2026-07-31T08:26:07.886994131Z,55,GET /api/v1/scans/{id},GET,200,55.758,True
2026-07-31T08:26:07.900915807Z,83,GET /api/v1/scans,GET,200,63.842,True
2026-07-31T08:26:07.903815981Z,82,GET /api/v1/scans,GET,200,61.365,True
2026-07-31T08:26:07.912538769Z,99,POST /api/v1/scans,POST,409,140.814,False
2026-07-31T08:26:07.915111487Z,12,GET /api/v1/scans,GET,200,61.051,True
2026-07-31T08:26:07.919201925Z,48,GET /api/v1/user/profile,GET,200,34.614,True
2026-07-31T08:26:07.919993364Z,16,GET /api/v1/user/profile,GET,200,34.2,True
2026-07-31T08:26:07.922680975Z,54,GET /api/v1/user/profile,GET,200,36.99,True
2026-07-31T08:26:07.926384951Z,2,GET /api/v1/scans/{id},GET,200,30.046,True
2026-07-31T08:26:07.943164169Z,98,POST /api/v1/scans,POST,409,186.09,False
2026-07-31T08:26:07.967541517Z,9,GET /api/v1/scans,GET,200,59.263,True
2026-07-31T08:26:07.978217511Z,79,GET /api/v1/scans/{id},GET,200,49.404,True
2026-07-31T08:26:07.978284522Z,59,GET /api/v1/scans,GET,200,51.706,True
2026-07-31T08:26:07.992859367Z,5,GET /api/v1/scans/{id},GET,200,33.807,True
2026-07-31T08:26:08.000948429Z,17,GET /api/v1/scans/{id},GET,200,35.588,True
2026-07-31T08:26:08.003561286Z,20,GET /api/v1/scans,GET,200,51.021,True
2026-07-31T08:26:08.00441049Z,6,POST /api/v1/scans,POST,409,130.891,False
2026-07-31T08:26:08.006416999Z,44,GET /api/v1/scans/{id},GET,200,31.616,True
2026-07-31T08:26:08.007132949Z,18,GET /api/v1/user/profile,GET,200,30.11,True
2026-07-31T08:26:08.007566068Z,24,GET /api/v1/scans,GET,200,27.978,True
2026-07-31T08:26:08.008167793Z,40,POST /api/v1/scans,POST,409,163.377,False
2026-07-31T08:26:08.008186248Z,100,GET /api/v1/user/profile,GET,200,25.483,True
2026-07-31T08:26:08.024380068Z,60,GET /api/v1/scans,GET,200,6.649,True
2026-07-31T08:26:08.032033949Z,86,GET /api/v1/user/profile,GET,200,5.376,True
2026-07-31T08:26:08.076710916Z,85,GET /api/v1/scans,GET,200,5.958,True
2026-07-31T08:26:08.095999496Z,29,GET /api/v1/scans/{id},GET,200,7.481,True
2026-07-31T08:26:08.096509386Z,73,GET /api/v1/scans,GET,200,7.897,True
2026-07-31T08:26:08.121225105Z,38,GET /api/v1/scans,GET,200,9.398,True
2026-07-31T08:26:08.129898962Z,41,GET /api/v1/user/profile,GET,200,11.412,True
2026-07-31T08:26:08.192752746Z,23,GET /api/v1/user/profile,GET,200,48.003,True
2026-07-31T08:26:08.196042933Z,47,GET /api/v1/scans,GET,200,44.082,True
2026-07-31T08:26:08.204701493Z,94,GET /api/v1/scans/{id},GET,200,37.099,True
2026-07-31T08:26:08.204806581Z,90,GET /api/v1/user/profile,GET,200,34.92,True
2026-07-31T08:26:08.205620435Z,65,POST /api/v1/scans,POST,409,89.428,False
2026-07-31T08:26:08.207095015Z,81,GET /api/v1/scans,GET,200,42.708,True
2026-07-31T08:26:08.209838134Z,4,POST /api/v1/scans,POST,409,88.551,False
2026-07-31T08:26:08.217010712Z,28,GET /api/v1/user/profile,GET,200,20.583,True
2026-07-31T08:26:08.218827418Z,53,GET /api/v1/scans,GET,200,10.342,True
2026-07-31T08:26:08.219213242Z,62,GET /api/v1/user/profile,GET,200,9.2,True
2026-07-31T08:26:08.22001253Z,88,POST /api/v1/scans,POST,409,89.905,False
2026-07-31T08:26:08.250191865Z,36,POST /api/v1/scans,POST,409,29.985,False
2026-07-31T08:26:08.25793129Z,19,GET /api/v1/scans/{id},GET,200,4.476,True
2026-07-31T08:26:08.270054467Z,33,GET /api/v1/scans/{id},GET,200,6.862,True
2026-07-31T08:26:08.271150282Z,57,GET /api/v1/scans/{id},GET,200,5.735,True
2026-07-31T08:26:08.283675768Z,63,GET /api/v1/scans/{id},GET,200,4.188,True
2026-07-31T08:26:08.295924556Z,26,GET /api/v1/scans,GET,200,10.037,True
2026-07-31T08:26:08.299597818Z,30,GET /api/v1/scans,GET,200,9.35,True
2026-07-31T08:26:08.30459543Z,10,GET /api/v1/scans,GET,200,7.413,True
2026-07-31T08:26:08.320306103Z,21,GET /api/v1/user/profile,GET,200,5.14,True
2026-07-31T08:26:08.343231733Z,61,GET /api/v1/user/profile,GET,200,15.53,True
2026-07-31T08:26:08.346495899Z,27,GET /api/v1/user/profile,GET,200,16.446,True
2026-07-31T08:26:08.346576062Z,37,GET /api/v1/scans,GET,200,18.735,True
2026-07-31T08:26:08.372330532Z,25,GET /api/v1/scans/{id},GET,200,19.422,True
2026-07-31T08:26:08.373675044Z,49,GET /api/v1/scans,GET,200,16.417,True
2026-07-31T08:26:08.392195767Z,77,POST /api/v1/scans,POST,409,56.728,False
2026-07-31T08:26:08.3983181Z,76,POST /api/v1/scans,POST,409,34.663,False
2026-07-31T08:26:08.402693326Z,75,GET /api/v1/user/profile,GET,200,5.187,True
2026-07-31T08:26:08.445639005Z,15,GET /api/v1/scans,GET,200,34.247,True
2026-07-31T08:26:08.453066678Z,12,GET /api/v1/user/profile,GET,200,34.997,True
2026-07-31T08:26:08.453201894Z,14,GET /api/v1/scans,GET,200,38.62,True
2026-07-31T08:26:08.460690673Z,80,GET /api/v1/user/profile,GET,200,34.047,True
2026-07-31T08:26:08.463876948Z,35,GET /api/v1/user/profile,GET,200,32.652,True
2026-07-31T08:26:08.465098016Z,67,GET /api/v1/scans/{id},GET,200,31.382,True
2026-07-31T08:26:08.469568939Z,92,GET /api/v1/scans,GET,200,30.187,True
2026-07-31T08:26:08.471607542Z,22,POST /api/v1/scans,POST,409,67.665,False
2026-07-31T08:26:08.475507488Z,97,GET /api/v1/user/profile,GET,200,26.547,True
2026-07-31T08:26:08.483490889Z,84,GET /api/v1/scans,GET,200,34.35,True
2026-07-31T08:26:08.503409726Z,32,GET /api/v1/scans/{id},GET,200,47.604,True
2026-07-31T08:26:08.529041628Z,42,GET /api/v1/scans/{id},GET,200,51.031,True
2026-07-31T08:26:08.529359327Z,68,GET /api/v1/scans/{id},GET,200,55.174,True
2026-07-31T08:26:08.530250372Z,79,GET /api/v1/user/profile,GET,200,50.981,True
2026-07-31T08:26:08.531784221Z,3,GET /api/v1/scans,GET,200,56.165,True
2026-07-31T08:26:08.534474666Z,7,GET /api/v1/user/profile,GET,200,45.229,True
2026-07-31T08:26:08.540830315Z,45,POST /api/v1/scans,POST,409,111.966,False
2026-07-31T08:26:08.542524413Z,43,GET /api/v1/scans,GET,200,18.696,True
2026-07-31T08:26:08.544810159Z,52,POST /api/v1/scans,POST,409,100.12,False
2026-07-31T08:26:08.553542494Z,82,POST /api/v1/scans,POST,409,102.984,False
2026-07-31T08:26:08.563728297Z,56,GET /api/v1/user/profile,GET,200,4.75,True
2026-07-31T08:26:08.567612411Z,8,POST /api/v1/scans,POST,409,38.343,False
2026-07-31T08:26:08.574944925Z,34,GET /api/v1/scans/{id},GET,200,7.233,True
2026-07-31T08:26:08.577360013Z,40,GET /api/v1/scans/{id},GET,200,6.361,True
2026-07-31T08:26:08.577802424Z,87,GET /api/v1/user/profile,GET,200,6.682,True
2026-07-31T08:26:08.596368713Z,44,GET /api/v1/user/profile,GET,200,7.042,True
2026-07-31T08:26:08.637989345Z,16,POST /api/v1/scans,POST,409,46.308,False
2026-07-31T08:26:08.644671237Z,96,POST /api/v1/scans,POST,409,43.82,False
2026-07-31T08:26:08.668207502Z,17,GET /api/v1/scans,GET,200,15.171,True
2026-07-31T08:26:08.674259214Z,89,GET /api/v1/user/profile,GET,200,14.908,True
2026-07-31T08:26:08.684459763Z,39,GET /api/v1/user/profile,GET,200,19.689,True
2026-07-31T08:26:08.695564869Z,11,GET /api/v1/scans,GET,200,19.938,True
2026-07-31T08:26:08.69827548Z,72,GET /api/v1/scans,GET,200,21.342,True
2026-07-31T08:26:08.698598041Z,71,GET /api/v1/scans/{id},GET,200,16.4,True
2026-07-31T08:26:08.701462807Z,66,GET /api/v1/scans,GET,200,18.256,True
2026-07-31T08:26:08.702636501Z,70,POST /api/v1/scans,POST,409,49.474,False
2026-07-31T08:26:08.704169995Z,1,GET /api/v1/user/profile,GET,200,9.899,True
2026-07-31T08:26:08.704719013Z,59,GET /api/v1/scans,GET,200,9.119,True
2026-07-31T08:26:08.721090552Z,41,GET /api/v1/scans,GET,200,6.061,True
2026-07-31T08:26:08.747737344Z,13,GET /api/v1/scans,GET,200,13.078,True
2026-07-31T08:26:08.761870282Z,31,POST /api/v1/scans,POST,409,30.484,False
2026-07-31T08:26:08.813704205Z,99,GET /api/v1/user/profile,GET,200,8.315,True
2026-07-31T08:26:08.814244547Z,54,GET /api/v1/scans,GET,200,7.644,True
2026-07-31T08:26:08.815535218Z,58,POST /api/v1/scans,POST,409,30.309,False
2026-07-31T08:26:08.849387705Z,65,GET /api/v1/scans/{id},GET,200,4.335,True
2026-07-31T08:26:08.858255723Z,81,GET /api/v1/user/profile,GET,200,3.562,True
2026-07-31T08:26:08.897146356Z,88,GET /api/v1/user/profile,GET,200,4.18,True
2026-07-31T08:26:08.913362606Z,51,GET /api/v1/scans/{id},GET,200,6.91,True
2026-07-31T08:26:08.91517237Z,18,GET /api/v1/scans,GET,200,6.633,True
2026-07-31T08:26:08.948366643Z,95,GET /api/v1/scans,GET,200,5.736,True
2026-07-31T08:26:08.9585876Z,98,GET /api/v1/scans/{id},GET,200,3.924,True
2026-07-31T08:26:08.966573443Z,74,GET /api/v1/scans,GET,200,5.681,True
2026-07-31T08:26:09.018956005Z,9,GET /api/v1/scans/{id},GET,200,5.224,True
2026-07-31T08:26:09.018984739Z,46,GET /api/v1/scans,GET,200,8.682,True
2026-07-31T08:26:09.023447109Z,84,GET /api/v1/scans,GET,200,4.468,True
2026-07-31T08:26:09.036511662Z,36,GET /api/v1/user/profile,GET,200,3.504,True
2026-07-31T08:26:09.052947729Z,6,GET /api/v1/user/profile,GET,200,4.839,True
2026-07-31T08:26:09.056307028Z,100,GET /api/v1/scans,GET,200,4.822,True
2026-07-31T08:26:09.070905198Z,94,GET /api/v1/scans,GET,200,6.845,True
2026-07-31T08:26:09.071779818Z,55,GET /api/v1/scans,GET,200,6.382,True
2026-07-31T08:26:09.075789788Z,64,GET /api/v1/scans/{id},GET,200,3.725,True
2026-07-31T08:26:09.080932983Z,67,GET /api/v1/scans,GET,200,5.025,True
2026-07-31T08:26:09.101609575Z,92,GET /api/v1/user/profile,GET,200,7.885,True
2026-07-31T08:26:09.104856009Z,73,GET /api/v1/scans,GET,200,8.955,True
2026-07-31T08:26:09.143531201Z,57,GET /api/v1/user/profile,GET,200,32.757,True
2026-07-31T08:26:09.147279789Z,61,GET /api/v1/scans,GET,200,36.637,True
2026-07-31T08:26:09.150741675Z,52,GET /api/v1/user/profile,GET,200,25.905,True
2026-07-31T08:26:09.154307474Z,78,GET /api/v1/scans,GET,200,33.077,True
2026-07-31T08:26:09.172706471Z,42,POST /api/v1/scans,POST,409,76.63,False
2026-07-31T08:26:09.183639702Z,24,GET /api/v1/scans,GET,200,46.179,True
2026-07-31T08:26:09.201500826Z,21,GET /api/v1/scans,GET,200,56.681,True
2026-07-31T08:26:09.205092846Z,90,GET /api/v1/scans,GET,200,44.105,True
2026-07-31T08:26:09.205536864Z,53,GET /api/v1/scans,GET,200,49.86,True
2026-07-31T08:26:09.208060617Z,48,GET /api/v1/user/profile,GET,200,35.227,True
2026-07-31T08:26:09.209792356Z,96,GET /api/v1/user/profile,GET,200,30.423,True
2026-07-31T08:26:09.209828743Z,15,GET /api/v1/scans,GET,200,36.973,True
2026-07-31T08:26:09.216570338Z,2,POST /api/v1/scans,POST,409,104.656,False
2026-07-31T08:26:09.217856226Z,83,POST /api/v1/scans,POST,409,109.512,False
2026-07-31T08:26:09.218635178Z,69,GET /api/v1/user/profile,GET,200,13.533,True
2026-07-31T08:26:09.219329479Z,43,GET /api/v1/scans,GET,200,14.697,True
2026-07-31T08:26:09.220084606Z,68,POST /api/v1/scans,POST,409,97.523,False
2026-07-31T08:26:09.228285331Z,14,GET /api/v1/scans/{id},GET,200,4.013,True
2026-07-31T08:26:09.244523806Z,7,GET /api/v1/scans,GET,200,4.639,True
2026-07-31T08:26:09.252683803Z,34,GET /api/v1/user/profile,GET,200,3.661,True
2026-07-31T08:26:09.278307089Z,19,GET /api/v1/scans,GET,200,14.325,True
2026-07-31T08:26:09.281345799Z,86,GET /api/v1/scans,GET,200,14.898,True
2026-07-31T08:26:09.2821957Z,93,GET /api/v1/user/profile,GET,200,13.556,True
2026-07-31T08:26:09.282698908Z,49,GET /api/v1/scans,GET,200,12.702,True
2026-07-31T08:26:09.282935394Z,33,GET /api/v1/scans,GET,200,10.707,True
2026-07-31T08:26:09.293994787Z,77,GET /api/v1/scans,GET,200,9.793,True
2026-07-31T08:26:09.294262571Z,91,GET /api/v1/user/profile,GET,200,8.749,True
2026-07-31T08:26:09.29612359Z,50,GET /api/v1/scans,GET,200,8.204,True
2026-07-31T08:26:09.304295299Z,27,GET /api/v1/scans,GET,200,4.705,True
2026-07-31T08:26:09.309959239Z,17,GET /api/v1/scans/{id},GET,200,3.457,True
2026-07-31T08:26:09.324553078Z,26,GET /api/v1/scans,GET,200,4.403,True
2026-07-31T08:26:09.334245983Z,40,GET /api/v1/scans/{id},GET,200,4.462,True
2026-07-31T08:26:09.357674985Z,37,GET /api/v1/scans/{id},GET,200,15.985,True
2026-07-31T08:26:09.377328675Z,32,POST /api/v1/scans,POST,409,44.233,False
2026-07-31T08:26:09.377329338Z,1,GET /api/v1/scans/{id},GET,200,8.328,True
2026-07-31T08:26:09.382152783Z,29,POST /api/v1/scans,POST,409,32.129,False
2026-07-31T08:26:09.382617977Z,85,GET /api/v1/scans/{id},GET,200,4.101,True
2026-07-31T08:26:09.394313894Z,62,GET /api/v1/user/profile,GET,200,4.197,True
2026-07-31T08:26:09.409472391Z,8,GET /api/v1/scans,GET,200,7.865,True
2026-07-31T08:26:09.435267932Z,20,GET /api/v1/user/profile,GET,200,20.927,True
2026-07-31T08:26:09.448301779Z,45,POST /api/v1/scans,POST,409,43.401,False
2026-07-31T08:26:09.449948398Z,72,GET /api/v1/scans,GET,200,10.89,True
2026-07-31T08:26:09.45014922Z,35,GET /api/v1/scans,GET,200,12.343,True
2026-07-31T08:26:09.454934539Z,38,POST /api/v1/scans,POST,409,45.337,False
2026-07-31T08:26:09.456130527Z,60,GET /api/v1/scans,GET,200,4.553,True
2026-07-31T08:26:09.472269867Z,89,GET /api/v1/scans,GET,200,3.94,True
2026-07-31T08:26:09.48425528Z,39,GET /api/v1/scans,GET,200,4.672,True
2026-07-31T08:26:09.490031538Z,79,GET /api/v1/scans/{id},GET,200,4.623,True
2026-07-31T08:26:09.50370637Z,5,GET /api/v1/scans,GET,200,13.769,True
2026-07-31T08:26:09.504371505Z,99,GET /api/v1/scans,GET,200,13.165,True
2026-07-31T08:26:09.504615603Z,28,GET /api/v1/user/profile,GET,200,8.941,True
2026-07-31T08:26:09.504702587Z,23,GET /api/v1/scans,GET,200,12.38,True
2026-07-31T08:26:09.594637156Z,71,POST /api/v1/scans,POST,409,39.394,False
2026-07-31T08:26:09.596308578Z,10,GET /api/v1/scans,GET,200,10.868,True
2026-07-31T08:26:09.597464921Z,55,GET /api/v1/scans,GET,200,9.454,True
2026-07-31T08:26:09.597526305Z,56,GET /api/v1/scans,GET,200,9.421,True
2026-07-31T08:26:09.608826347Z,4,GET /api/v1/scans,GET,200,6.891,True
2026-07-31T08:26:09.610195263Z,97,GET /api/v1/scans,GET,200,5.946,True
2026-07-31T08:26:09.635078148Z,65,GET /api/v1/user/profile,GET,200,3.422,True
2026-07-31T08:26:09.644010751Z,76,GET /api/v1/user/profile,GET,200,3.361,True
2026-07-31T08:26:09.647061069Z,82,GET /api/v1/user/profile,GET,200,2.942,True
2026-07-31T08:26:09.662559385Z,22,GET /api/v1/scans/{id},GET,200,6.95,True
2026-07-31T08:26:09.67879692Z,30,GET /api/v1/user/profile,GET,200,12.792,True
2026-07-31T08:26:09.685179876Z,84,GET /api/v1/user/profile,GET,200,6.571,True
2026-07-31T08:26:09.688600468Z,3,POST /api/v1/scans,POST,409,34.088,False
2026-07-31T08:26:09.702112332Z,16,GET /api/v1/scans,GET,200,14.507,True
2026-07-31T08:26:09.708194319Z,47,POST /api/v1/scans,POST,409,29.575,False
2026-07-31T08:26:09.718440535Z,51,GET /api/v1/user/profile,GET,200,6.027,True
2026-07-31T08:26:09.722069973Z,100,GET /api/v1/scans/{id},GET,200,8.456,True
2026-07-31T08:26:09.723785192Z,96,GET /api/v1/user/profile,GET,200,5.932,True
2026-07-31T08:26:09.723835969Z,67,GET /api/v1/scans/{id},GET,200,5.976,True
2026-07-31T08:26:09.735757002Z,44,GET /api/v1/scans/{id},GET,200,3.554,True
2026-07-31T08:26:09.767533154Z,63,GET /api/v1/user/profile,GET,200,8.229,True
2026-07-31T08:26:09.767786772Z,18,GET /api/v1/scans,GET,200,9.687,True
2026-07-31T08:26:09.769472266Z,59,GET /api/v1/scans/{id},GET,200,6.997,True
2026-07-31T08:26:09.770248357Z,25,GET /api/v1/scans/{id},GET,200,4.474,True
2026-07-31T08:26:09.773484324Z,6,GET /api/v1/user/profile,GET,200,3.188,True
2026-07-31T08:26:09.794505071Z,54,GET /api/v1/scans/{id},GET,200,4.535,True
2026-07-31T08:26:09.822616193Z,46,GET /api/v1/scans/{id},GET,200,3.858,True
2026-07-31T08:26:09.8437786Z,75,GET /api/v1/user/profile,GET,200,3.554,True
2026-07-31T08:26:09.879157456Z,2,POST /api/v1/scans,POST,409,35.223,False
2026-07-31T08:26:09.888165721Z,12,GET /api/v1/user/profile,GET,200,6.351,True
2026-07-31T08:26:09.888551351Z,80,GET /api/v1/scans,GET,200,6.57,True
2026-07-31T08:26:09.900537395Z,95,GET /api/v1/user/profile,GET,200,7.758,True
2026-07-31T08:26:09.928848727Z,77,GET /api/v1/scans,GET,200,17.634,True
2026-07-31T08:26:09.929633283Z,83,GET /api/v1/user/profile,GET,200,12.985,True
2026-07-31T08:26:09.933302978Z,7,GET /api/v1/scans/{id},GET,200,16.773,True
2026-07-31T08:26:09.933335152Z,64,GET /api/v1/user/profile,GET,200,16.819,True
2026-07-31T08:26:09.938530963Z,87,POST /api/v1/scans,POST,409,45.61,False
2026-07-31T08:26:09.947110592Z,34,POST /api/v1/scans,POST,409,40.141,False
2026-07-31T08:26:09.974911973Z,32,GET /api/v1/user/profile,GET,200,3.67,True
2026-07-31T08:26:09.984733208Z,13,GET /api/v1/scans,GET,200,4.585,True
2026-07-31T08:26:10.018183459Z,92,GET /api/v1/user/profile,GET,200,3.87,True
2026-07-31T08:26:10.023011565Z,33,GET /api/v1/scans/{id},GET,200,3.545,True
2026-07-31T08:26:10.039636137Z,85,GET /api/v1/user/profile,GET,200,5.106,True
2026-07-31T08:26:10.044239467Z,70,GET /api/v1/scans,GET,200,5.17,True
2026-07-31T08:26:10.056128319Z,42,GET /api/v1/user/profile,GET,200,4.286,True
2026-07-31T08:26:10.079419601Z,98,GET /api/v1/scans,GET,200,5.751,True
2026-07-31T08:26:10.102835105Z,36,GET /api/v1/scans,GET,200,5.723,True
2026-07-31T08:26:10.12062005Z,81,GET /api/v1/scans,GET,200,7.489,True
2026-07-31T08:26:10.121596471Z,39,GET /api/v1/user/profile,GET,200,5.288,True
2026-07-31T08:26:10.145339837Z,79,GET /api/v1/scans,GET,200,12.384,True
2026-07-31T08:26:10.147722179Z,19,GET /api/v1/user/profile,GET,200,11.52,True
2026-07-31T08:26:10.149265918Z,20,GET /api/v1/user/profile,GET,200,11.971,True
2026-07-31T08:26:10.154979669Z,66,GET /api/v1/scans,GET,200,12.342,True
2026-07-31T08:26:10.162357232Z,31,GET /api/v1/scans,GET,200,10.681,True
2026-07-31T08:26:10.184548886Z,62,GET /api/v1/scans,GET,200,15.619,True
2026-07-31T08:26:10.184627343Z,72,GET /api/v1/scans/{id},GET,200,12.514,True
2026-07-31T08:26:10.185072512Z,41,GET /api/v1/scans/{id},GET,200,8.591,True
2026-07-31T08:26:10.20103114Z,61,POST /api/v1/scans,POST,409,53.744,False
2026-07-31T08:26:10.20233733Z,94,GET /api/v1/scans,GET,200,14.887,True
2026-07-31T08:26:10.203420498Z,65,GET /api/v1/scans/{id},GET,200,12.509,True
2026-07-31T08:26:10.203538084Z,11,GET /api/v1/user/profile,GET,200,12.627,True
2026-07-31T08:26:10.203920102Z,57,GET /api/v1/scans,GET,200,12.974,True
2026-07-31T08:26:10.235213555Z,58,GET /api/v1/user/profile,GET,200,13.541,True
2026-07-31T08:26:10.238357474Z,1,GET /api/v1/scans,GET,200,7.4,True
2026-07-31T08:26:10.243485976Z,76,POST /api/v1/scans,POST,409,33.222,False
2026-07-31T08:26:10.244247493Z,4,GET /api/v1/user/profile,GET,200,4.69,True
2026-07-31T08:26:10.256631923Z,9,GET /api/v1/scans/{id},GET,200,4.979,True
2026-07-31T08:26:10.295968007Z,88,GET /api/v1/scans,GET,200,9.719,True
2026-07-31T08:26:10.297755247Z,26,GET /api/v1/scans,GET,200,7.29,True
2026-07-31T08:26:10.307802917Z,74,GET /api/v1/user/profile,GET,200,4.773,True
2026-07-31T08:26:10.325649501Z,82,GET /api/v1/scans/{id},GET,200,9.518,True
2026-07-31T08:26:10.353897Z,73,GET /api/v1/scans,GET,200,16.633,True
2026-07-31T08:26:10.355695785Z,17,GET /api/v1/scans,GET,200,15.15,True
2026-07-31T08:26:10.356248393Z,15,GET /api/v1/scans/{id},GET,200,9.213,True
2026-07-31T08:26:10.358378949Z,56,POST /api/v1/scans,POST,409,40.908,False
2026-07-31T08:26:10.382267312Z,96,GET /api/v1/user/profile,GET,200,5.614,True
2026-07-31T08:26:10.428531177Z,54,GET /api/v1/user/profile,GET,200,36.537,True
2026-07-31T08:26:10.445321973Z,24,GET /api/v1/user/profile,GET,200,48.02,True
2026-07-31T08:26:10.455541922Z,14,GET /api/v1/scans,GET,200,57.004,True
2026-07-31T08:26:10.486951434Z,69,GET /api/v1/user/profile,GET,200,55.742,True
2026-07-31T08:26:10.488342754Z,75,GET /api/v1/scans,GET,200,69.539,True
2026-07-31T08:26:10.49560477Z,8,GET /api/v1/user/profile,GET,200,60.193,True
2026-07-31T08:26:10.499765229Z,100,GET /api/v1/scans,GET,200,55.336,True
2026-07-31T08:26:10.504953628Z,68,POST /api/v1/scans,POST,409,117.143,False
2026-07-31T08:26:10.524408177Z,55,POST /api/v1/scans,POST,409,132.403,False
2026-07-31T08:26:10.524454613Z,91,GET /api/v1/scans,GET,200,37.344,True
2026-07-31T08:26:10.532713418Z,45,POST /api/v1/scans,POST,409,133.973,False
2026-07-31T08:26:10.568801461Z,51,GET /api/v1/scans,GET,200,55.469,True
2026-07-31T08:26:10.571166107Z,47,GET /api/v1/scans,GET,200,56.524,True
2026-07-31T08:26:10.571290366Z,49,GET /api/v1/scans,GET,200,54.441,True
2026-07-31T08:26:10.573368518Z,43,GET /api/v1/scans,GET,200,55.229,True
2026-07-31T08:26:10.608847135Z,90,POST /api/v1/scans,POST,409,170.038,False
2026-07-31T08:26:10.612458861Z,52,GET /api/v1/scans/{id},GET,200,79.577,True
2026-07-31T08:26:10.614281686Z,84,GET /api/v1/user/profile,GET,200,82.875,True
2026-07-31T08:26:10.61777562Z,78,GET /api/v1/scans/{id},GET,200,81.53,True
2026-07-31T08:26:10.61949461Z,40,GET /api/v1/user/profile,GET,200,78.622,True
2026-07-31T08:26:10.638490716Z,10,GET /api/v1/scans,GET,200,90.825,True
2026-07-31T08:26:10.679302662Z,33,GET /api/v1/scans,GET,200,109.072,True
2026-07-31T08:26:10.679570667Z,44,GET /api/v1/scans,GET,200,85.412,True
2026-07-31T08:26:10.687877304Z,53,GET /api/v1/user/profile,GET,200,91.507,True
2026-07-31T08:26:10.740066039Z,29,GET /api/v1/scans/{id},GET,200,115.654,True
2026-07-31T08:26:10.7500601Z,48,GET /api/v1/user/profile,GET,200,128.055,True
2026-07-31T08:26:10.75790827Z,93,GET /api/v1/scans,GET,200,135.834,True
2026-07-31T08:26:10.812221757Z,35,GET /api/v1/scans/{id},GET,200,164.327,True
2026-07-31T08:26:10.812288962Z,37,GET /api/v1/scans,GET,200,173.589,True
2026-07-31T08:26:10.894265639Z,50,GET /api/v1/scans/{id},GET,200,234.888,True
2026-07-31T08:26:10.894579918Z,16,GET /api/v1/scans,GET,200,252.582,True
2026-07-31T08:26:10.946750189Z,85,GET /api/v1/scans/{id},GET,200,217.77,True
2026-07-31T08:26:11.29974971Z,28,POST /api/v1/scans,POST,409,766.578,False
2026-07-31T08:26:11.357787281Z,86,GET /api/v1/scans,GET,200,599.793,True
2026-07-31T08:26:11.357787582Z,46,POST /api/v1/scans,POST,409,820.269,False
2026-07-31T08:26:11.357790838Z,67,GET /api/v1/user/profile,GET,200,501.855,True
2026-07-31T08:26:11.357807423Z,12,GET /api/v1/scans,GET,200,596.367,True
2026-07-31T08:26:11.358081174Z,7,GET /api/v1/scans,GET,200,582.8,True
2026-07-31T08:26:11.459081976Z,9,GET /api/v1/user/profile,GET,200,607.538,True
2026-07-31T08:26:11.460511941Z,99,GET /api/v1/user/profile,GET,200,915.236,True
2026-07-31T08:26:12.016532249Z,54,GET /api/v1/scans/{id},GET,200,1044.013,True
2026-07-31T08:26:12.016642301Z,97,GET /api/v1/user/profile,GET,200,1042.855,True
2026-07-31T08:26:12.017742724Z,95,GET /api/v1/scans,GET,200,1092.769,True
2026-07-31T08:26:12.06807719Z,18,GET /api/v1/scans,GET,200,1133.403,True
2026-07-31T08:26:12.074907498Z,25,GET /api/v1/scans,GET,200,1124.778,True
2026-07-31T08:26:12.08433528Z,57,GET /api/v1/scans,GET,200,1107.169,True
2026-07-31T08:26:12.089111813Z,34,GET /api/v1/scans/{id},GET,200,963.743,True
2026-07-31T08:26:12.115382013Z,53,GET /api/v1/user/profile,GET,200,744.788,True
2026-07-31T08:26:12.116469576Z,62,GET /api/v1/user/profile,GET,200,743.517,True
2026-07-31T08:26:12.124824351Z,31,GET /api/v1/scans/{id},GET,200,715.836,True
2026-07-31T08:26:12.152653096Z,21,POST /api/v1/scans,POST,409,1632.052,False
2026-07-31T08:26:12.208370515Z,89,GET /api/v1/user/profile,GET,200,1522.847,True
2026-07-31T08:26:12.213038298Z,55,GET /api/v1/scans,GET,200,803.849,True
2026-07-31T08:26:12.240590096Z,40,GET /api/v1/scans,GET,200,829.303,True
2026-07-31T08:26:12.241170252Z,38,GET /api/v1/user/profile,GET,200,1549.731,True
2026-07-31T08:26:12.278072455Z,35,GET /api/v1/user/profile,GET,200,862.309,True
2026-07-31T08:26:12.285829725Z,3,POST /api/v1/scans,POST,409,1640.396,False
2026-07-31T08:26:12.31161293Z,72,GET /api/v1/scans/{id},GET,200,859.843,True
2026-07-31T08:26:12.316124208Z,75,GET /api/v1/scans,GET,200,877.469,True
2026-07-31T08:26:12.340589963Z,70,GET /api/v1/user/profile,GET,200,870.883,True
2026-07-31T08:26:12.341453983Z,27,POST /api/v1/scans,POST,409,1747.389,False
2026-07-31T08:26:12.341628673Z,63,GET /api/v1/user/profile,GET,200,1521.786,True
2026-07-31T08:26:12.366822528Z,13,GET /api/v1/user/profile,GET,200,1427.772,True
2026-07-31T08:26:12.396602264Z,39,GET /api/v1/scans/{id},GET,200,1600.022,True
2026-07-31T08:26:12.409574633Z,60,GET /api/v1/user/profile,GET,200,1479.377,True
2026-07-31T08:26:12.409903836Z,26,GET /api/v1/user/profile,GET,200,1130.402,True
2026-07-31T08:26:12.410745154Z,52,GET /api/v1/scans,GET,200,963.572,True
2026-07-31T08:26:12.410875264Z,12,GET /api/v1/scans,GET,200,207.354,True
2026-07-31T08:26:12.410972872Z,88,GET /api/v1/user/profile,GET,200,907.358,True
2026-07-31T08:26:12.411377086Z,80,GET /api/v1/scans,GET,200,1610.596,True
2026-07-31T08:26:12.439073821Z,73,GET /api/v1/scans,GET,200,938.553,True
2026-07-31T08:26:12.439143552Z,92,GET /api/v1/scans,GET,200,1649.753,True
2026-07-31T08:26:12.439399564Z,64,GET /api/v1/user/profile,GET,200,1206.895,True
2026-07-31T08:26:12.447337084Z,71,GET /api/v1/user/profile,GET,200,1466.26,True
2026-07-31T08:26:12.44746448Z,77,GET /api/v1/scans,GET,200,1580.932,True
2026-07-31T08:26:12.447470858Z,6,GET /api/v1/user/profile,GET,200,1212.108,True
2026-07-31T08:26:12.447608728Z,82,GET /api/v1/user/profile,GET,200,1565.785,True
2026-07-31T08:26:12.447998375Z,11,GET /api/v1/scans,GET,200,1072.504,True
2026-07-31T08:26:12.448205609Z,45,GET /api/v1/user/profile,GET,200,1245.08,True
2026-07-31T08:26:12.479706543Z,48,GET /api/v1/user/profile,GET,200,832.255,True
2026-07-31T08:26:12.489134665Z,76,GET /api/v1/scans,GET,200,805.945,True
2026-07-31T08:26:12.489276197Z,66,GET /api/v1/scans/{id},GET,200,1624.9,True
2026-07-31T08:26:12.489281821Z,10,GET /api/v1/scans/{id},GET,200,829.516,True
2026-07-31T08:26:12.489305039Z,83,GET /api/v1/scans,GET,200,1434.958,True
2026-07-31T08:26:12.490030569Z,17,GET /api/v1/scans,GET,200,790.213,True
2026-07-31T08:26:12.490100322Z,58,GET /api/v1/scans,GET,200,765.977,True
2026-07-31T08:26:12.490118051Z,78,GET /api/v1/scans/{id},GET,200,930.74,True
2026-07-31T08:26:12.490798866Z,5,GET /api/v1/scans/{id},GET,200,1511.251,True
2026-07-31T08:26:12.500002347Z,15,GET /api/v1/user/profile,GET,200,775.738,True
2026-07-31T08:26:12.50013143Z,14,GET /api/v1/user/profile,GET,200,1300.592,True
2026-07-31T08:26:12.500159244Z,4,GET /api/v1/scans,GET,200,1463.548,True
2026-07-31T08:26:12.500309804Z,65,GET /api/v1/scans,GET,200,1307.27,True
2026-07-31T08:26:12.500388939Z,19,GET /api/v1/user/profile,GET,200,1419.871,True
2026-07-31T08:26:12.50074794Z,81,GET /api/v1/scans,GET,200,1256.207,True
2026-07-31T08:26:12.500997488Z,24,GET /api/v1/scans,GET,200,879.434,True
2026-07-31T08:26:12.514914212Z,86,GET /api/v1/user/profile,GET,200,451.888,True
2026-07-31T08:26:12.515040709Z,96,GET /api/v1/user/profile,GET,200,1462.914,True
2026-07-31T08:26:12.515175909Z,90,GET /api/v1/scans,GET,200,767.18,True
2026-07-31T08:26:12.525515221Z,47,GET /api/v1/scans,GET,200,940.702,True
2026-07-31T08:26:12.52598147Z,56,GET /api/v1/scans,GET,200,704.871,True
2026-07-31T08:26:12.526829827Z,22,GET /api/v1/scans,GET,200,1744.118,True
2026-07-31T08:26:12.527256274Z,33,GET /api/v1/scans/{id},GET,200,491.891,True
2026-07-31T08:26:12.53464143Z,36,GET /api/v1/scans,GET,200,1519.549,True
2026-07-31T08:26:12.545790268Z,41,GET /api/v1/scans/{id},GET,200,915.957,True
2026-07-31T08:26:12.545938178Z,44,GET /api/v1/user/profile,GET,200,463.771,True
2026-07-31T08:26:12.545958302Z,43,GET /api/v1/scans/{id},GET,200,1385.048,True
2026-07-31T08:26:12.57623773Z,98,GET /api/v1/scans,GET,200,1327.351,True
2026-07-31T08:26:12.576341825Z,87,GET /api/v1/scans,GET,200,1281.546,True
2026-07-31T08:26:12.576378151Z,9,GET /api/v1/user/profile,GET,200,420.225,True
2026-07-31T08:26:12.57638789Z,16,GET /api/v1/scans,GET,200,693.118,True
2026-07-31T08:26:12.580661473Z,46,GET /api/v1/user/profile,GET,200,454.133,True
2026-07-31T08:26:12.591555153Z,7,GET /api/v1/scans,GET,200,266.709,True
2026-07-31T08:26:12.591610726Z,94,GET /api/v1/scans,GET,200,1240.613,True
2026-07-31T08:26:12.591816252Z,49,GET /api/v1/user/profile,GET,200,975.328,True
2026-07-31T08:26:12.603386947Z,37,GET /api/v1/user/profile,GET,200,343.521,True
2026-07-31T08:26:12.603479176Z,50,GET /api/v1/scans,GET,200,521.33,True
2026-07-31T08:26:12.603514534Z,61,GET /api/v1/scans/{id},GET,200,1389.808,True
2026-07-31T08:26:12.603596366Z,28,GET /api/v1/scans/{id},GET,200,720.452,True
2026-07-31T08:26:12.61122104Z,100,GET /api/v1/scans,GET,200,1316.358,True
2026-07-31T08:26:12.611285849Z,8,GET /api/v1/scans,GET,200,1373.428,True
2026-07-31T08:26:12.61130353Z,91,GET /api/v1/scans,GET,200,1376.085,True
2026-07-31T08:26:12.614605838Z,68,GET /api/v1/scans/{id},GET,200,1446.313,True
2026-07-31T08:26:12.614695686Z,84,GET /api/v1/scans,GET,200,552.872,True
2026-07-31T08:26:12.614769123Z,29,GET /api/v1/scans,GET,200,645.861,True
2026-07-31T08:26:12.618586863Z,99,GET /api/v1/scans/{id},GET,200,124.428,True
2026-07-31T08:26:12.624927345Z,32,POST /api/v1/scans,POST,409,1286.835,False
2026-07-31T08:26:12.624946804Z,59,POST /api/v1/scans,POST,409,1683.434,False
2026-07-31T08:26:12.634268987Z,42,GET /api/v1/scans/{id},GET,200,1597.684,True
2026-07-31T08:26:12.637419227Z,79,POST /api/v1/scans,POST,409,1425.828,False
2026-07-31T08:26:12.639418446Z,1,GET /api/v1/scans,GET,200,1634.799,True
2026-07-31T08:26:12.642760862Z,51,POST /api/v1/scans,POST,409,1298.438,False
2026-07-31T08:26:12.642892562Z,69,POST /api/v1/scans,POST,409,1258.756,False
2026-07-31T08:26:12.642910165Z,23,POST /api/v1/scans,POST,409,1662.038,False
2026-07-31T08:26:12.644858594Z,30,POST /api/v1/scans,POST,409,1583.068,False
2026-07-31T08:26:12.658640465Z,74,POST /api/v1/scans,POST,409,1312.12,False
2026-07-31T08:26:12.67137254Z,62,GET /api/v1/scans/{id},GET,200,49.375,True
2026-07-31T08:26:12.671464831Z,85,POST /api/v1/scans,POST,409,472.303,False
2026-07-31T08:26:12.674875974Z,2,POST /api/v1/scans,POST,409,1601.689,False
2026-07-31T08:26:12.675206283Z,20,POST /api/v1/scans,POST,409,1909.257,False
2026-07-31T08:26:12.698820892Z,97,GET /api/v1/user/profile,GET,200,23.851,True
2026-07-31T08:26:12.69927727Z,93,POST /api/v1/scans,POST,201,887.174,True
2026-07-31T08:26:12.710890688Z,67,POST /api/v1/scans,POST,409,748.447,False
2026-07-31T08:26:12.723760013Z,54,POST /api/v1/scans,POST,409,89.392,False
2026-07-31T08:26:12.841042108Z,34,GET /api/v1/user/profile,GET,200,6.366,True
2026-07-31T08:26:12.881239146Z,38,GET /api/v1/user/profile,GET,200,8.938,True
2026-07-31T08:26:12.885252612Z,35,GET /api/v1/scans,GET,200,8.749,True
2026-07-31T08:26:12.976906263Z,40,GET /api/v1/scans,GET,200,13.97,True
2026-07-31T08:26:13.007874438Z,57,GET /api/v1/user/profile,GET,200,12.097,True
2026-07-31T08:26:13.032568992Z,70,POST /api/v1/scans,POST,409,64.2,False
2026-07-31T08:26:13.04188569Z,55,POST /api/v1/scans,POST,409,52.194,False
2026-07-31T08:26:13.043852775Z,31,GET /api/v1/scans/{id},GET,200,21.588,True
2026-07-31T08:26:13.08778287Z,63,GET /api/v1/user/profile,GET,200,24.438,True
2026-07-31T08:26:13.105099134Z,6,GET /api/v1/scans/{id},GET,200,31.279,True
2026-07-31T08:26:13.111838196Z,78,GET /api/v1/user/profile,GET,200,36.948,True
2026-07-31T08:26:13.1157973Z,19,GET /api/v1/scans/{id},GET,200,30.14,True
2026-07-31T08:26:13.116694912Z,80,GET /api/v1/scans,GET,200,34.509,True
2026-07-31T08:26:13.117013779Z,72,GET /api/v1/user/profile,GET,200,25.766,True
2026-07-31T08:26:13.118144624Z,71,GET /api/v1/scans,GET,200,36.052,True
2026-07-31T08:26:13.121400104Z,22,POST /api/v1/scans,POST,409,76.13,False
2026-07-31T08:26:13.13150874Z,58,GET /api/v1/scans/{id},GET,200,5.749,True
2026-07-31T08:26:13.160951745Z,79,GET /api/v1/scans,GET,200,8.929,True
2026-07-31T08:26:13.164709813Z,65,GET /api/v1/user/profile,GET,200,6.406,True
2026-07-31T08:26:13.174311807Z,90,GET /api/v1/user/profile,GET,200,5.329,True
2026-07-31T08:26:13.202787145Z,66,GET /api/v1/scans,GET,200,11.978,True
2026-07-31T08:26:13.206663101Z,59,GET /api/v1/user/profile,GET,200,11.168,True
2026-07-31T08:26:13.207112891Z,77,GET /api/v1/user/profile,GET,200,9.269,True
2026-07-31T08:26:13.216987638Z,16,GET /api/v1/scans,GET,200,7.382,True
2026-07-31T08:26:13.239018588Z,13,GET /api/v1/scans,GET,200,12.513,True
2026-07-31T08:26:13.242358987Z,84,GET /api/v1/scans,GET,200,12.24,True
2026-07-31T08:26:13.242577424Z,8,GET /api/v1/user/profile,GET,200,8.903,True
2026-07-31T08:26:13.256699335Z,95,GET /api/v1/scans/{id},GET,200,7.83,True
2026-07-31T08:26:13.259807552Z,49,GET /api/v1/scans,GET,200,6.412,True
2026-07-31T08:26:13.304872806Z,5,GET /api/v1/user/profile,GET,200,10.949,True
2026-07-31T08:26:13.306640001Z,25,GET /api/v1/scans/{id},GET,200,8.391,True
2026-07-31T08:26:13.31897433Z,23,GET /api/v1/scans,GET,200,7.027,True
2026-07-31T08:26:13.322612533Z,53,POST /api/v1/scans,POST,409,51.359,False
2026-07-31T08:26:13.323544755Z,43,GET /api/v1/user/profile,GET,200,5.35,True
2026-07-31T08:26:13.339505428Z,33,GET /api/v1/scans,GET,200,8.59,True
2026-07-31T08:26:13.381859502Z,14,GET /api/v1/scans/{id},GET,200,14.888,True
2026-07-31T08:26:13.383544683Z,88,GET /api/v1/scans,GET,200,17.641,True
2026-07-31T08:26:13.385197947Z,11,GET /api/v1/user/profile,GET,200,5.794,True
2026-07-31T08:26:13.38729553Z,4,POST /api/v1/scans,POST,409,48.753,False
2026-07-31T08:26:13.409486332Z,18,GET /api/v1/user/profile,GET,200,5.852,True
2026-07-31T08:26:13.469414896Z,67,GET /api/v1/scans,GET,200,7.153,True
2026-07-31T08:26:13.477098599Z,15,GET /api/v1/scans/{id},GET,200,5.139,True
2026-07-31T08:26:13.487355341Z,35,GET /api/v1/scans,GET,200,5.844,True
2026-07-31T08:26:13.561288843Z,42,GET /api/v1/scans,GET,200,14.359,True
2026-07-31T08:26:13.568822794Z,92,GET /api/v1/user/profile,GET,200,16.404,True
2026-07-31T08:26:13.569672454Z,100,GET /api/v1/scans/{id},GET,200,16.035,True
2026-07-31T08:26:13.573975695Z,70,GET /api/v1/scans/{id},GET,200,13.619,True
2026-07-31T08:26:13.580789054Z,1,GET /api/v1/user/profile,GET,200,15.252,True
2026-07-31T08:26:13.580804917Z,17,GET /api/v1/scans,GET,200,20.792,True
2026-07-31T08:26:13.598986048Z,27,GET /api/v1/scans,GET,200,15.851,True
2026-07-31T08:26:13.604772538Z,69,GET /api/v1/scans/{id},GET,200,13.004,True
2026-07-31T08:26:13.607139363Z,68,GET /api/v1/user/profile,GET,200,13.019,True
2026-07-31T08:26:13.639616647Z,81,POST /api/v1/scans,POST,409,90.33,False
2026-07-31T08:26:13.657059053Z,32,POST /api/v1/scans,POST,409,66.349,False
2026-07-31T08:26:13.658246595Z,74,GET /api/v1/scans,GET,200,30.254,True
2026-07-31T08:26:13.660538995Z,60,GET /api/v1/scans,GET,200,26.155,True
2026-07-31T08:26:13.661376125Z,91,GET /api/v1/scans/{id},GET,200,21.807,True
2026-07-31T08:26:13.669666074Z,62,GET /api/v1/scans,GET,200,25.746,True
2026-07-31T08:26:13.678148785Z,73,GET /api/v1/scans,GET,200,26.749,True
2026-07-31T08:26:13.678793646Z,89,POST /api/v1/scans,POST,201,77.365,True
2026-07-31T08:26:13.687159486Z,75,GET /api/v1/scans,GET,200,18.213,True
2026-07-31T08:26:13.691325196Z,21,POST /api/v1/scans,POST,409,65.661,False
2026-07-31T08:26:13.730335413Z,64,GET /api/v1/user/profile,GET,200,29.501,True
2026-07-31T08:26:13.731997887Z,28,GET /api/v1/user/profile,GET,200,22.849,True
2026-07-31T08:26:13.746656264Z,40,POST /api/v1/scans,POST,409,64.337,False
2026-07-31T08:26:13.750852336Z,46,GET /api/v1/scans,GET,200,19.704,True
2026-07-31T08:26:13.751382296Z,3,GET /api/v1/user/profile,GET,200,16.951,True
2026-07-31T08:26:13.751699388Z,24,GET /api/v1/user/profile,GET,200,15.984,True
2026-07-31T08:26:13.752226147Z,82,GET /api/v1/scans/{id},GET,200,15.939,True
2026-07-31T08:26:13.758224112Z,39,GET /api/v1/scans,GET,200,5.878,True
2026-07-31T08:26:13.764366835Z,26,GET /api/v1/scans,GET,200,6.067,True
2026-07-31T08:26:13.771758061Z,30,GET /api/v1/user/profile,GET,200,9.112,True
2026-07-31T08:26:13.783575914Z,48,GET /api/v1/scans,GET,200,17.901,True
2026-07-31T08:26:13.787385535Z,55,GET /api/v1/user/profile,GET,200,18.524,True
2026-07-31T08:26:13.788788716Z,80,GET /api/v1/user/profile,GET,200,17.819,True
2026-07-31T08:26:13.804270997Z,65,GET /api/v1/scans,GET,200,28.161,True
2026-07-31T08:26:13.809226717Z,58,GET /api/v1/user/profile,GET,200,21.719,True
2026-07-31T08:26:13.824093414Z,77,GET /api/v1/scans,GET,200,27.982,True
2026-07-31T08:26:13.829612947Z,52,POST /api/v1/scans,POST,409,64.03,False
2026-07-31T08:26:13.831870578Z,85,GET /api/v1/user/profile,GET,200,17.181,True
2026-07-31T08:26:13.836630714Z,96,GET /api/v1/scans/{id},GET,200,18.643,True
2026-07-31T08:26:13.839136871Z,12,GET /api/v1/user/profile,GET,200,14.902,True
2026-07-31T08:26:13.844317162Z,29,POST /api/v1/scans,POST,409,66.927,False
2026-07-31T08:26:13.844572696Z,10,GET /api/v1/scans,GET,200,13.585,True
2026-07-31T08:26:13.845034291Z,47,GET /api/v1/scans,GET,200,13.998,True
2026-07-31T08:26:13.845637327Z,31,GET /api/v1/scans,GET,200,11.326,True
2026-07-31T08:26:13.870845825Z,20,GET /api/v1/scans,GET,200,12.823,True
2026-07-31T08:26:13.870878046Z,37,GET /api/v1/scans,GET,200,12.784,True
2026-07-31T08:26:13.871077921Z,61,GET /api/v1/user/profile,GET,200,10.705,True
2026-07-31T08:26:13.871879604Z,56,GET /api/v1/user/profile,GET,200,5.043,True
2026-07-31T08:26:13.920767127Z,57,GET /api/v1/scans/{id},GET,200,4.23,True
2026-07-31T08:26:13.93682322Z,45,GET /api/v1/scans,GET,200,8.826,True
2026-07-31T08:26:13.936923248Z,87,GET /api/v1/scans/{id},GET,200,6.618,True
2026-07-31T08:26:13.939157693Z,86,GET /api/v1/scans,GET,200,5.536,True
2026-07-31T08:26:13.948534979Z,50,GET /api/v1/scans,GET,200,5.129,True
2026-07-31T08:26:13.964147029Z,94,GET /api/v1/scans,GET,200,11.186,True
2026-07-31T08:26:13.973767858Z,83,GET /api/v1/user/profile,GET,200,15.206,True
2026-07-31T08:26:14.025027769Z,93,GET /api/v1/scans/{id},GET,200,41.969,True
2026-07-31T08:26:14.039677732Z,44,GET /api/v1/scans/{id},GET,200,45.241,True
2026-07-31T08:26:14.046630086Z,95,POST /api/v1/scans,POST,409,97.961,False
2026-07-31T08:26:14.051251518Z,36,GET /api/v1/scans,GET,200,54.459,True
2026-07-31T08:26:14.059038525Z,51,GET /api/v1/scans,GET,200,53.002,True
2026-07-31T08:26:14.059115299Z,33,POST /api/v1/scans,POST,409,100.755,False
2026-07-31T08:26:14.0610073Z,98,GET /api/v1/scans,GET,200,48.818,True
2026-07-31T08:26:14.063671745Z,54,GET /api/v1/scans,GET,200,38.872,True
2026-07-31T08:26:14.064505988Z,41,GET /api/v1/scans,GET,200,38.24,True
2026-07-31T08:26:14.065396765Z,9,GET /api/v1/scans,GET,200,27.001,True
2026-07-31T08:26:14.065896426Z,7,GET /api/v1/scans,GET,200,23.805,True
2026-07-31T08:26:14.066352688Z,2,GET /api/v1/scans/{id},GET,200,19.594,True
2026-07-31T08:26:14.066419019Z,76,POST /api/v1/scans,POST,409,95.923,False
2026-07-31T08:26:14.077675997Z,16,GET /api/v1/user/profile,GET,200,3.906,True
2026-07-31T08:26:14.091110812Z,72,GET /api/v1/scans,GET,200,7.158,True
2026-07-31T08:26:14.126762288Z,99,GET /api/v1/scans,GET,200,7.366,True
2026-07-31T08:26:14.129988615Z,4,GET /api/v1/scans,GET,200,6.269,True
2026-07-31T08:26:14.143423719Z,35,GET /api/v1/scans/{id},GET,200,5.539,True
2026-07-31T08:26:14.143754923Z,88,GET /api/v1/scans,GET,200,7.058,True
2026-07-31T08:26:14.170733732Z,84,GET /api/v1/scans/{id},GET,200,4.68,True
2026-07-31T08:26:14.213064686Z,97,GET /api/v1/scans,GET,200,21.287,True
2026-07-31T08:26:14.216529356Z,34,GET /api/v1/scans/{id},GET,200,20.048,True
2026-07-31T08:26:14.220905616Z,38,GET /api/v1/user/profile,GET,200,7.65,True
2026-07-31T08:26:14.229701399Z,71,GET /api/v1/scans,GET,200,8.82,True
2026-07-31T08:26:14.238813366Z,53,GET /api/v1/scans/{id},GET,200,8.763,True
2026-07-31T08:26:14.239412185Z,100,GET /api/v1/scans,GET,200,8.251,True
2026-07-31T08:26:14.241514081Z,74,POST /api/v1/scans,POST,409,54.944,False
2026-07-31T08:26:14.251725696Z,49,GET /api/v1/user/profile,GET,200,6.487,True
2026-07-31T08:26:14.251740816Z,67,GET /api/v1/scans/{id},GET,200,7.912,True
2026-07-31T08:26:14.270702357Z,69,GET /api/v1/scans,GET,200,5.336,True
2026-07-31T08:26:14.29360399Z,91,GET /api/v1/scans,GET,200,7.094,True
2026-07-31T08:26:14.296190065Z,66,GET /api/v1/user/profile,GET,200,4.335,True
2026-07-31T08:26:14.302880933Z,17,GET /api/v1/scans,GET,200,5.411,True
2026-07-31T08:26:14.31653733Z,22,GET /api/v1/scans/{id},GET,200,4.401,True
2026-07-31T08:26:14.342709567Z,19,GET /api/v1/scans/{id},GET,200,14.714,True
2026-07-31T08:26:14.353156347Z,42,GET /api/v1/user/profile,GET,200,22.771,True
2026-07-31T08:26:14.36279434Z,6,GET /api/v1/scans/{id},GET,200,26.734,True
2026-07-31T08:26:14.362880627Z,65,GET /api/v1/scans/{id},GET,200,28.101,True
2026-07-31T08:26:14.370750216Z,27,GET /api/v1/scans,GET,200,24.355,True
2026-07-31T08:26:14.372467972Z,80,GET /api/v1/user/profile,GET,200,10.978,True
2026-07-31T08:26:14.38423224Z,82,POST /api/v1/scans,POST,409,58.381,False
2026-07-31T08:26:14.390601538Z,25,POST /api/v1/scans,POST,409,45.459,False
2026-07-31T08:26:14.41482005Z,21,GET /api/v1/user/profile,GET,200,11.612,True
2026-07-31T08:26:14.422578772Z,11,GET /api/v1/scans,GET,200,14.194,True
2026-07-31T08:26:14.430100176Z,78,POST /api/v1/scans,POST,409,34.22,False
2026-07-31T08:26:14.440198128Z,79,GET /api/v1/user/profile,GET,200,6.663,True
2026-07-31T08:26:14.464007227Z,1,GET /api/v1/scans,GET,200,16.464,True
2026-07-31T08:26:14.464953671Z,57,GET /api/v1/scans/{id},GET,200,11.921,True
2026-07-31T08:26:14.472865031Z,73,POST /api/v1/scans,POST,409,38.043,False
2026-07-31T08:26:14.473228563Z,43,GET /api/v1/scans,GET,200,5.971,True
2026-07-31T08:26:14.515794623Z,24,GET /api/v1/scans,GET,200,5.79,True
2026-07-31T08:26:14.532893399Z,10,GET /api/v1/scans,GET,200,11.297,True
2026-07-31T08:26:14.533058562Z,13,GET /api/v1/scans,GET,200,11.484,True
2026-07-31T08:26:14.547501002Z,59,GET /api/v1/user/profile,GET,200,10.084,True
2026-07-31T08:26:14.554160837Z,5,GET /api/v1/scans,GET,200,8.556,True
2026-07-31T08:26:14.557216523Z,55,POST /api/v1/scans,POST,409,37.936,False
2026-07-31T08:26:14.576121297Z,63,POST /api/v1/scans,POST,409,30.342,False
2026-07-31T08:26:14.589847993Z,90,GET /api/v1/user/profile,GET,200,4.351,True
2026-07-31T08:26:14.599247343Z,14,GET /api/v1/user/profile,GET,200,4.113,True
2026-07-31T08:26:14.610466582Z,86,GET /api/v1/user/profile,GET,200,6.942,True
2026-07-31T08:26:14.636777803Z,23,GET /api/v1/user/profile,GET,200,22.963,True
2026-07-31T08:26:14.648314091Z,48,GET /api/v1/user/profile,GET,200,23.006,True
2026-07-31T08:26:14.649199012Z,75,GET /api/v1/scans,GET,200,28.122,True
2026-07-31T08:26:14.651311323Z,72,GET /api/v1/user/profile,GET,200,20.89,True
2026-07-31T08:26:14.651990686Z,61,GET /api/v1/scans,GET,200,19.401,True
2026-07-31T08:26:14.65278266Z,64,GET /api/v1/user/profile,GET,200,7.832,True
2026-07-31T08:26:14.659360544Z,70,GET /api/v1/scans,GET,200,5.231,True
2026-07-31T08:26:14.667866197Z,18,GET /api/v1/scans/{id},GET,200,5.229,True
2026-07-31T08:26:14.671254735Z,60,GET /api/v1/scans,GET,200,5.196,True
2026-07-31T08:26:14.692251625Z,47,GET /api/v1/user/profile,GET,200,4.783,True
2026-07-31T08:26:14.762832762Z,50,GET /api/v1/scans/{id},GET,200,45.801,True
2026-07-31T08:26:14.767219242Z,98,GET /api/v1/user/profile,GET,200,47.765,True
2026-07-31T08:26:14.76768852Z,29,GET /api/v1/user/profile,GET,200,47.159,True
2026-07-31T08:26:14.769090679Z,54,GET /api/v1/scans,GET,200,45.22,True
2026-07-31T08:26:14.772703264Z,88,GET /api/v1/user/profile,GET,200,12.088,True
2026-07-31T08:26:14.793133286Z,46,GET /api/v1/scans/{id},GET,200,15.111,True
2026-07-31T08:26:14.79416567Z,30,GET /api/v1/user/profile,GET,200,16.09,True
2026-07-31T08:26:14.798158042Z,33,POST /api/v1/scans,POST,409,191.27,False
2026-07-31T08:26:14.799922084Z,81,GET /api/v1/user/profile,GET,200,18.523,True
2026-07-31T08:26:14.800495792Z,15,POST /api/v1/scans,POST,409,91.748,False
2026-07-31T08:26:14.800564769Z,8,POST /api/v1/scans,POST,409,95.084,False
2026-07-31T08:26:14.80358627Z,87,GET /api/v1/user/profile,GET,200,17.412,True
2026-07-31T08:26:14.806444549Z,62,GET /api/v1/scans,GET,200,13.778,True
2026-07-31T08:26:14.808559794Z,100,GET /api/v1/scans,GET,200,10.262,True
2026-07-31T08:26:14.838698227Z,28,GET /api/v1/scans,GET,200,14.734,True
2026-07-31T08:26:14.839865199Z,17,GET /api/v1/scans,GET,200,15.741,True
2026-07-31T08:26:14.852418563Z,93,GET /api/v1/scans,GET,200,17.572,True
2026-07-31T08:26:14.87253704Z,40,GET /api/v1/scans/{id},GET,200,11.646,True
2026-07-31T08:26:14.873105281Z,92,GET /api/v1/scans,GET,200,12.214,True
2026-07-31T08:26:14.875756104Z,2,POST /api/v1/scans,POST,409,51.723,False
2026-07-31T08:26:14.929533823Z,31,GET /api/v1/user/profile,GET,200,12.524,True
2026-07-31T08:26:14.935661272Z,89,POST /api/v1/scans,POST,409,42.005,False
2026-07-31T08:26:14.964612862Z,91,GET /api/v1/scans/{id},GET,200,19.563,True
2026-07-31T08:26:14.968205156Z,82,GET /api/v1/user/profile,GET,200,19.639,True
2026-07-31T08:26:14.968257253Z,45,GET /api/v1/user/profile,GET,200,18.427,True
2026-07-31T08:26:14.968908697Z,6,GET /api/v1/scans,GET,200,21.596,True
2026-07-31T08:26:14.97611166Z,95,GET /api/v1/user/profile,GET,200,4.889,True
2026-07-31T08:26:15.006826226Z,83,GET /api/v1/scans,GET,200,11.001,True
2026-07-31T08:26:15.007143243Z,65,GET /api/v1/scans,GET,200,10.207,True
2026-07-31T08:26:15.012836677Z,58,GET /api/v1/scans,GET,200,6.32,True
2026-07-31T08:26:15.022544597Z,3,GET /api/v1/scans/{id},GET,200,7.969,True
2026-07-31T08:26:15.027320217Z,74,GET /api/v1/user/profile,GET,200,4.647,True
2026-07-31T08:26:15.062473557Z,25,GET /api/v1/scans,GET,200,8.578,True
2026-07-31T08:26:15.068005953Z,37,GET /api/v1/scans/{id},GET,200,5.788,True
2026-07-31T08:26:15.079908421Z,68,GET /api/v1/scans,GET,200,7.493,True
2026-07-31T08:26:15.088553551Z,36,GET /api/v1/scans,GET,200,6.99,True
2026-07-31T08:26:15.096133182Z,56,GET /api/v1/user/profile,GET,200,5.246,True
2026-07-31T08:26:15.115339554Z,27,GET /api/v1/scans/{id},GET,200,10.568,True
2026-07-31T08:26:15.151430899Z,52,GET /api/v1/user/profile,GET,200,28.706,True
2026-07-31T08:26:15.151706254Z,97,GET /api/v1/user/profile,GET,200,23.199,True
2026-07-31T08:26:15.152503047Z,32,GET /api/v1/scans,GET,200,26.334,True
2026-07-31T08:26:15.153557968Z,5,GET /api/v1/scans,GET,200,21.673,True
2026-07-31T08:26:15.153673231Z,77,GET /api/v1/scans,GET,200,20.473,True
2026-07-31T08:26:15.16467328Z,51,POST /api/v1/scans,POST,409,64.18,False
2026-07-31T08:26:15.184408116Z,39,GET /api/v1/scans/{id},GET,200,19.479,True
2026-07-31T08:26:15.198688767Z,78,POST /api/v1/scans,POST,409,43.592,False
2026-07-31T08:26:15.199647783Z,76,GET /api/v1/scans,GET,200,9.852,True
2026-07-31T08:26:15.21198685Z,47,GET /api/v1/scans/{id},GET,200,6.078,True
2026-07-31T08:26:15.230992931Z,26,GET /api/v1/scans,GET,200,11.604,True
2026-07-31T08:26:15.238227338Z,20,GET /api/v1/scans,GET,200,14.533,True
2026-07-31T08:26:15.300319025Z,96,GET /api/v1/scans,GET,200,37.083,True
2026-07-31T08:26:15.305102256Z,84,GET /api/v1/scans,GET,200,42.983,True
2026-07-31T08:26:15.324125971Z,59,POST /api/v1/scans,POST,409,92.651,False
2026-07-31T08:26:15.327524764Z,94,GET /api/v1/scans,GET,200,45.889,True
2026-07-31T08:26:15.336556429Z,69,GET /api/v1/scans/{id},GET,200,44.241,True
2026-07-31T08:26:15.344945922Z,7,GET /api/v1/scans/{id},GET,200,42.109,True
2026-07-31T08:26:15.354406473Z,12,GET /api/v1/scans,GET,200,43.698,True
2026-07-31T08:26:15.35677523Z,85,POST /api/v1/scans,POST,409,111.71,False
2026-07-31T08:26:15.357901007Z,49,GET /api/v1/user/profile,GET,200,30.703,True
2026-07-31T08:26:15.366531094Z,63,GET /api/v1/scans,GET,200,39.283,True
2026-07-31T08:26:15.419836019Z,38,GET /api/v1/scans,GET,200,44.918,True
2026-07-31T08:26:15.42700491Z,44,GET /api/v1/scans,GET,200,43.38,True
2026-07-31T08:26:15.427096836Z,1,GET /api/v1/scans,GET,200,43.291,True
2026-07-31T08:26:15.428302868Z,86,POST /api/v1/scans,POST,409,122.975,False
2026-07-31T08:26:15.432840187Z,19,POST /api/v1/scans,POST,409,120.892,False
2026-07-31T08:26:15.439813735Z,4,GET /api/v1/user/profile,GET,200,27.669,True
2026-07-31T08:26:15.44851611Z,40,GET /api/v1/scans,GET,200,34.186,True
2026-07-31T08:26:15.460081866Z,53,GET /api/v1/scans,GET,200,24.897,True
2026-07-31T08:26:15.482348193Z,34,POST /api/v1/scans,POST,409,103.854,False
2026-07-31T08:26:15.487582396Z,80,GET /api/v1/scans,GET,200,22.046,True
2026-07-31T08:26:15.495948158Z,22,POST /api/v1/scans,POST,409,50.52,False
2026-07-31T08:26:15.499407371Z,55,GET /api/v1/user/profile,GET,200,8.118,True
2026-07-31T08:26:15.501039079Z,35,GET /api/v1/user/profile,GET,200,5.536,True
2026-07-31T08:26:15.50874774Z,89,GET /api/v1/scans,GET,200,7.543,True
2026-07-31T08:26:15.515569685Z,17,GET /api/v1/user/profile,GET,200,5.314,True
2026-07-31T08:26:15.579077252Z,81,GET /api/v1/user/profile,GET,200,42.333,True
2026-07-31T08:26:15.580482836Z,73,GET /api/v1/user/profile,GET,200,38.995,True
2026-07-31T08:26:15.583270279Z,9,GET /api/v1/scans/{id},GET,200,30.79,True
2026-07-31T08:26:15.589778578Z,99,GET /api/v1/scans,GET,200,34.88,True
2026-07-31T08:26:15.607492693Z,41,POST /api/v1/scans,POST,409,87.618,False
2026-07-31T08:26:15.622607157Z,24,GET /api/v1/user/profile,GET,200,42.012,True
2026-07-31T08:26:15.630346594Z,11,GET /api/v1/scans/{id},GET,200,29.696,True
2026-07-31T08:26:15.639668956Z,70,GET /api/v1/scans,GET,200,17.012,True
2026-07-31T08:26:15.639709565Z,16,POST /api/v1/scans,POST,409,107.555,False
2026-07-31T08:26:15.640845497Z,13,GET /api/v1/scans,GET,200,14.785,True
2026-07-31T08:26:15.640967497Z,28,POST /api/v1/scans,POST,409,104.177,False
2026-07-31T08:26:15.664767945Z,2,GET /api/v1/scans,GET,200,8.418,True
2026-07-31T08:26:15.681951958Z,3,GET /api/v1/scans,GET,200,8.749,True
2026-07-31T08:26:15.693662912Z,74,GET /api/v1/scans/{id},GET,200,13.93,True
2026-07-31T08:26:15.703659568Z,64,GET /api/v1/scans/{id},GET,200,20.246,True
2026-07-31T08:26:15.708148179Z,46,GET /api/v1/user/profile,GET,200,20.932,True
2026-07-31T08:26:15.708470416Z,79,GET /api/v1/scans/{id},GET,200,19.983,True
2026-07-31T08:26:15.712425306Z,71,GET /api/v1/user/profile,GET,200,20.982,True
2026-07-31T08:26:15.723469951Z,77,GET /api/v1/user/profile,GET,200,26.358,True
2026-07-31T08:26:15.75191302Z,54,GET /api/v1/scans/{id},GET,200,42.272,True
2026-07-31T08:26:15.753055867Z,67,GET /api/v1/scans,GET,200,44.692,True
2026-07-31T08:26:15.758007303Z,21,GET /api/v1/scans/{id},GET,200,39.451,True
2026-07-31T08:26:15.761633064Z,27,GET /api/v1/user/profile,GET,200,36.473,True
2026-07-31T08:26:15.762259483Z,72,GET /api/v1/user/profile,GET,200,33.71,True
2026-07-31T08:26:15.779593158Z,15,GET /api/v1/scans/{id},GET,200,27.669,True
2026-07-31T08:26:15.785084869Z,78,GET /api/v1/scans/{id},GET,200,31.49,True
2026-07-31T08:26:15.788275582Z,14,GET /api/v1/user/profile,GET,200,32.871,True
2026-07-31T08:26:15.803464971Z,66,POST /api/v1/scans,POST,409,118.646,False
2026-07-31T08:26:15.82244076Z,57,GET /api/v1/scans/{id},GET,200,48.116,True
2026-07-31T08:26:15.827943037Z,68,GET /api/v1/scans,GET,200,52.379,True
2026-07-31T08:26:15.834562933Z,42,GET /api/v1/scans/{id},GET,200,42.679,True
2026-07-31T08:26:15.834630842Z,90,GET /api/v1/scans,GET,200,54.906,True
2026-07-31T08:26:15.846199895Z,92,POST /api/v1/scans,POST,409,121.277,False
2026-07-31T08:26:15.849001339Z,96,GET /api/v1/scans/{id},GET,200,31.894,True
2026-07-31T08:26:15.853437359Z,82,GET /api/v1/user/profile,GET,200,13.463,True
2026-07-31T08:26:15.86504346Z,62,POST /api/v1/scans,POST,409,105.66,False
2026-07-31T08:26:15.890837879Z,61,GET /api/v1/scans,GET,200,16.434,True
2026-07-31T08:26:15.90104734Z,39,POST /api/v1/scans,POST,409,86.233,False
2026-07-31T08:26:15.902649672Z,48,GET /api/v1/scans,GET,200,22.658,True
2026-07-31T08:26:15.905537253Z,31,GET /api/v1/scans,GET,200,21.244,True
2026-07-31T08:26:15.906711544Z,43,GET /api/v1/user/profile,GET,200,15.954,True
2026-07-31T08:26:15.930461049Z,30,GET /api/v1/scans,GET,200,19.416,True
2026-07-31T08:26:15.938589958Z,29,POST /api/v1/scans,POST,409,53.001,False
2026-07-31T08:26:15.945687442Z,100,GET /api/v1/scans,GET,200,9.318,True
2026-07-31T08:26:15.947541119Z,60,GET /api/v1/user/profile,GET,200,5.645,True
2026-07-31T08:26:15.987329757Z,76,GET /api/v1/scans,GET,200,17.059,True
2026-07-31T08:26:15.991295797Z,47,GET /api/v1/user/profile,GET,200,9.741,True
2026-07-31T08:26:15.994252998Z,10,POST /api/v1/scans,POST,409,43.302,False
2026-07-31T08:26:15.994707174Z,65,GET /api/v1/scans,GET,200,8.704,True
2026-07-31T08:26:16.010644039Z,87,GET /api/v1/scans,GET,200,10.396,True
2026-07-31T08:26:16.010749534Z,56,GET /api/v1/scans,GET,200,10.536,True
2026-07-31T08:26:16.030586372Z,37,GET /api/v1/user/profile,GET,200,4.514,True
2026-07-31T08:26:16.058367879Z,8,GET /api/v1/scans,GET,200,7.059,True
2026-07-31T08:26:16.084245203Z,98,GET /api/v1/user/profile,GET,200,13.701,True
2026-07-31T08:26:16.087172518Z,95,GET /api/v1/scans,GET,200,15.306,True
2026-07-31T08:26:16.091228281Z,44,GET /api/v1/user/profile,GET,200,16.07,True
2026-07-31T08:26:16.094741516Z,26,GET /api/v1/user/profile,GET,200,15.089,True
2026-07-31T08:26:16.098007105Z,50,GET /api/v1/scans,GET,200,17.094,True
2026-07-31T08:26:16.108419203Z,94,GET /api/v1/scans,GET,200,21.213,True
2026-07-31T08:26:16.115206047Z,33,GET /api/v1/user/profile,GET,200,17.888,True
2026-07-31T08:26:16.124939197Z,7,GET /api/v1/scans,GET,200,30.228,True
2026-07-31T08:26:16.160615786Z,40,GET /api/v1/scans,GET,200,52.286,True
2026-07-31T08:26:16.164606687Z,18,GET /api/v1/scans,GET,200,53.747,True
2026-07-31T08:26:16.165485305Z,88,GET /api/v1/scans,GET,200,55.876,True
2026-07-31T08:26:16.168393896Z,9,GET /api/v1/scans/{id},GET,200,42.026,True
2026-07-31T08:26:16.169083574Z,12,GET /api/v1/user/profile,GET,200,28.94,True
2026-07-31T08:26:16.169897206Z,80,GET /api/v1/scans,GET,200,43.553,True
2026-07-31T08:26:16.170495841Z,45,GET /api/v1/user/profile,GET,200,27.177,True
2026-07-31T08:26:16.171041569Z,75,GET /api/v1/scans/{id},GET,200,27.703,True
2026-07-31T08:26:16.171229583Z,35,GET /api/v1/user/profile,GET,200,23.599,True
2026-07-31T08:26:16.171807257Z,22,GET /api/v1/scans,GET,200,20.829,True
2026-07-31T08:26:16.181703332Z,23,POST /api/v1/scans,POST,409,94.305,False
2026-07-31T08:26:16.183813267Z,36,GET /api/v1/scans,GET,200,6.697,True
2026-07-31T08:26:16.192693745Z,97,GET /api/v1/scans,GET,200,5.526,True
2026-07-31T08:26:16.208382296Z,83,GET /api/v1/scans,GET,200,9.41,True
2026-07-31T08:26:16.212975899Z,11,GET /api/v1/scans,GET,200,10.621,True
2026-07-31T08:26:16.214652245Z,5,GET /api/v1/scans/{id},GET,200,5.989,True
2026-07-31T08:26:16.243257151Z,70,GET /api/v1/user/profile,GET,200,4.932,True
2026-07-31T08:26:16.257637816Z,77,GET /api/v1/user/profile,GET,200,4.177,True
2026-07-31T08:26:16.284863192Z,64,GET /api/v1/scans,GET,200,5.855,True
2026-07-31T08:26:16.297696199Z,85,GET /api/v1/scans,GET,200,8.621,True
2026-07-31T08:26:16.297754751Z,54,GET /api/v1/scans,GET,200,7.469,True
2026-07-31T08:26:16.320387746Z,86,GET /api/v1/scans,GET,200,6.189,True
2026-07-31T08:26:16.336968034Z,69,GET /api/v1/user/profile,GET,200,11.981,True
2026-07-31T08:26:16.342370182Z,6,GET /api/v1/scans,GET,200,17.44,True
2026-07-31T08:26:16.35416989Z,93,GET /api/v1/scans/{id},GET,200,15.909,True
2026-07-31T08:26:16.354634248Z,67,GET /api/v1/scans,GET,200,18.42,True
2026-07-31T08:26:16.370754409Z,24,GET /api/v1/scans,GET,200,17.218,True
2026-07-31T08:26:16.37116265Z,27,GET /api/v1/user/profile,GET,200,12.068,True
2026-07-31T08:26:16.376555035Z,52,POST /api/v1/scans,POST,409,49.072,False
2026-07-31T08:26:16.386215718Z,91,GET /api/v1/user/profile,GET,200,4.316,True
2026-07-31T08:26:16.390065171Z,4,GET /api/v1/user/profile,GET,200,3.785,True
2026-07-31T08:26:16.414081097Z,17,GET /api/v1/scans/{id},GET,200,4.626,True
2026-07-31T08:26:16.425392312Z,79,GET /api/v1/scans/{id},GET,200,5.006,True
2026-07-31T08:26:16.432014056Z,2,GET /api/v1/scans,GET,200,7.373,True
2026-07-31T08:26:16.442152491Z,62,GET /api/v1/user/profile,GET,200,4.551,True
2026-07-31T08:26:16.4738378Z,55,GET /api/v1/scans,GET,200,9.143,True
2026-07-31T08:26:16.474239481Z,28,GET /api/v1/scans,GET,200,9.309,True
2026-07-31T08:26:16.487743348Z,51,GET /api/v1/user/profile,GET,200,5.075,True
2026-07-31T08:26:16.493147423Z,58,GET /api/v1/scans,GET,200,5.136,True
2026-07-31T08:26:16.503637423Z,49,GET /api/v1/scans,GET,200,5.174,True
2026-07-31T08:26:16.510159956Z,38,GET /api/v1/scans,GET,200,5.343,True
2026-07-31T08:26:16.513784248Z,57,GET /api/v1/user/profile,GET,200,3.622,True
2026-07-31T08:26:16.52099906Z,1,GET /api/v1/user/profile,GET,200,6.041,True
2026-07-31T08:26:16.524987005Z,46,GET /api/v1/scans,GET,200,6.611,True
2026-07-31T08:26:16.534056649Z,20,GET /api/v1/scans,GET,200,5.743,True
2026-07-31T08:26:16.553396204Z,96,GET /api/v1/scans/{id},GET,200,13.642,True
2026-07-31T08:26:16.560895118Z,81,GET /api/v1/scans,GET,200,18.843,True
2026-07-31T08:26:16.565659113Z,84,GET /api/v1/scans,GET,200,21.172,True
2026-07-31T08:26:16.586690129Z,25,POST /api/v1/scans,POST,409,49.417,False
2026-07-31T08:26:16.607991284Z,32,POST /api/v1/scans,POST,409,28.792,False
2026-07-31T08:26:16.633846671Z,72,GET /api/v1/scans/{id},GET,200,4.559,True
2026-07-31T08:26:16.651012273Z,33,GET /api/v1/user/profile,GET,200,5.937,True
2026-07-31T08:26:16.652165691Z,42,GET /api/v1/user/profile,GET,200,5.888,True
2026-07-31T08:26:16.654503346Z,3,GET /api/v1/user/profile,GET,200,3.92,True
2026-07-31T08:26:16.672782025Z,53,GET /api/v1/scans,GET,200,5.899,True
2026-07-31T08:26:16.680377586Z,41,GET /api/v1/scans/{id},GET,200,4.403,True
2026-07-31T08:26:16.687743651Z,65,GET /api/v1/scans/{id},GET,200,5.115,True
2026-07-31T08:26:16.692458116Z,30,GET /api/v1/user/profile,GET,200,6.528,True
2026-07-31T08:26:16.698414838Z,74,GET /api/v1/scans,GET,200,9.403,True
2026-07-31T08:26:16.701088712Z,8,GET /api/v1/scans,GET,200,8.49,True
2026-07-31T08:26:16.721694514Z,75,GET /api/v1/scans,GET,200,14.184,True
2026-07-31T08:26:16.727939618Z,47,GET /api/v1/user/profile,GET,200,15.988,True
2026-07-31T08:26:16.756586698Z,76,GET /api/v1/scans,GET,200,34.371,True
2026-07-31T08:26:16.759188284Z,59,GET /api/v1/scans,GET,200,27.895,True
2026-07-31T08:26:16.762440942Z,61,GET /api/v1/scans,GET,200,8.552,True
2026-07-31T08:26:16.767412389Z,71,POST /api/v1/scans,POST,409,58.583,False
2026-07-31T08:26:16.773647254Z,5,GET /api/v1/scans,GET,200,6.182,True
2026-07-31T08:26:16.780703644Z,13,GET /api/v1/user/profile,GET,200,4.773,True
2026-07-31T08:26:16.788961839Z,97,GET /api/v1/scans,GET,200,5.994,True
2026-07-31T08:26:16.80504173Z,34,GET /api/v1/user/profile,GET,200,4.716,True
2026-07-31T08:26:16.839195806Z,29,GET /api/v1/scans,GET,200,19.851,True
2026-07-31T08:26:16.840240463Z,31,GET /api/v1/scans,GET,200,19.185,True
2026-07-31T08:26:16.843134311Z,83,GET /api/v1/scans/{id},GET,200,15.035,True
2026-07-31T08:26:16.850447961Z,40,GET /api/v1/scans/{id},GET,200,13.739,True
2026-07-31T08:26:16.864663402Z,63,POST /api/v1/scans,POST,409,44.011,False
2026-07-31T08:26:16.898624983Z,19,GET /api/v1/scans,GET,200,18.356,True
2026-07-31T08:26:16.905060599Z,12,GET /api/v1/scans,GET,200,13.738,True
2026-07-31T08:26:16.911001602Z,21,POST /api/v1/scans,POST,409,36.038,False
2026-07-31T08:26:16.921414388Z,70,GET /api/v1/scans/{id},GET,200,4.182,True
2026-07-31T08:26:16.948151088Z,16,GET /api/v1/scans,GET,200,6.272,True
2026-07-31T08:26:16.96033523Z,99,GET /api/v1/scans/{id},GET,200,3.921,True
2026-07-31T08:26:17.002669801Z,82,GET /api/v1/user/profile,GET,200,19.601,True
2026-07-31T08:26:17.029627556Z,89,POST /api/v1/scans,POST,409,51.86,False
2026-07-31T08:26:17.031766975Z,44,GET /api/v1/scans,GET,200,18.782,True
2026-07-31T08:26:17.032268109Z,48,GET /api/v1/scans/{id},GET,200,11.938,True
2026-07-31T08:26:17.035895617Z,73,POST /api/v1/scans,POST,409,44.081,False
2026-07-31T08:26:17.052793044Z,58,GET /api/v1/user/profile,GET,200,7.625,True
2026-07-31T08:26:17.052796915Z,85,GET /api/v1/user/profile,GET,200,7.607,True
2026-07-31T08:26:17.056488533Z,14,GET /api/v1/scans,GET,200,6.95,True
2026-07-31T08:26:17.080046763Z,35,GET /api/v1/scans,GET,200,5.148,True
2026-07-31T08:26:17.090882007Z,56,GET /api/v1/scans/{id},GET,200,4.007,True
2026-07-31T08:26:17.101055229Z,95,GET /api/v1/user/profile,GET,200,3.796,True
2026-07-31T08:26:17.1098917Z,11,GET /api/v1/user/profile,GET,200,5.542,True
2026-07-31T08:26:17.110330347Z,1,GET /api/v1/user/profile,GET,200,4.759,True
2026-07-31T08:26:17.121005944Z,81,GET /api/v1/user/profile,GET,200,9.561,True
2026-07-31T08:26:17.121210979Z,18,GET /api/v1/user/profile,GET,200,9.611,True
2026-07-31T08:26:17.123154293Z,54,GET /api/v1/scans/{id},GET,200,9.403,True
2026-07-31T08:26:17.12700426Z,45,GET /api/v1/scans,GET,200,8.862,True
2026-07-31T08:26:17.129151843Z,15,GET /api/v1/scans,GET,200,5.949,True
2026-07-31T08:26:17.139131861Z,67,GET /api/v1/scans,GET,200,7.706,True
2026-07-31T08:26:17.139598986Z,90,GET /api/v1/scans,GET,200,6.958,True
2026-07-31T08:26:17.167958728Z,100,GET /api/v1/scans/{id},GET,200,4.063,True
2026-07-31T08:26:17.176926042Z,91,GET /api/v1/scans,GET,200,4.607,True
2026-07-31T08:26:17.181676358Z,93,GET /api/v1/user/profile,GET,200,3.533,True
2026-07-31T08:26:17.193016676Z,94,GET /api/v1/scans/{id},GET,200,5.466,True
2026-07-31T08:26:17.194179902Z,60,GET /api/v1/scans,GET,200,5.393,True
2026-07-31T08:26:17.23043542Z,32,GET /api/v1/scans/{id},GET,200,11.233,True
2026-07-31T08:26:17.233327316Z,92,POST /api/v1/scans,POST,409,37.857,False
2026-07-31T08:26:17.242699671Z,87,GET /api/v1/user/profile,GET,200,6.759,True
2026-07-31T08:26:17.246175489Z,66,GET /api/v1/scans,GET,200,10.306,True
2026-07-31T08:26:17.24712582Z,37,POST /api/v1/scans,POST,409,34.289,False
2026-07-31T08:26:17.248001444Z,72,GET /api/v1/scans/{id},GET,200,5.764,True
2026-07-31T08:26:17.253660098Z,26,GET /api/v1/scans/{id},GET,200,3.243,True
2026-07-31T08:26:17.266283426Z,75,GET /api/v1/scans,GET,200,6.319,True
2026-07-31T08:26:17.274154673Z,78,GET /api/v1/scans,GET,200,8.12,True
2026-07-31T08:26:17.369791633Z,2,GET /api/v1/scans,GET,200,87.086,True
2026-07-31T08:26:17.39594358Z,7,GET /api/v1/user/profile,GET,200,65.626,True
2026-07-31T08:26:17.395991559Z,46,GET /api/v1/scans,GET,200,113.287,True
2026-07-31T08:26:17.396011927Z,68,GET /api/v1/scans/{id},GET,200,97.421,True
2026-07-31T08:26:17.422641351Z,39,GET /api/v1/user/profile,GET,200,107.548,True
2026-07-31T08:26:17.427046278Z,33,GET /api/v1/scans,GET,200,128.589,True
2026-07-31T08:26:17.427125062Z,43,GET /api/v1/scans,GET,200,115.3,True
2026-07-31T08:26:17.430238649Z,4,GET /api/v1/scans,GET,200,89.338,True
2026-07-31T08:26:17.430898103Z,84,POST /api/v1/scans,POST,409,168.521,False
2026-07-31T08:26:17.434319046Z,55,GET /api/v1/scans/{id},GET,200,77.712,True
2026-07-31T08:26:17.442542219Z,65,GET /api/v1/scans/{id},GET,200,31.566,True
2026-07-31T08:26:17.442580659Z,27,GET /api/v1/user/profile,GET,200,21.43,True
2026-07-31T08:26:17.444927863Z,9,GET /api/v1/scans/{id},GET,200,47.699,True
2026-07-31T08:26:17.449374065Z,22,GET /api/v1/scans,GET,200,18.385,True
2026-07-31T08:26:17.505155327Z,71,GET /api/v1/user/profile,GET,200,56.279,True
2026-07-31T08:26:17.532520093Z,86,GET /api/v1/scans,GET,200,81.698,True
2026-07-31T08:26:17.532613352Z,69,GET /api/v1/scans/{id},GET,200,70.09,True
2026-07-31T08:26:17.55864553Z,80,GET /api/v1/scans,GET,200,108.014,True
2026-07-31T08:26:17.583023894Z,10,GET /api/v1/scans,GET,200,123.977,True
2026-07-31T08:26:17.584097774Z,23,GET /api/v1/scans,GET,200,119.358,True
2026-07-31T08:26:17.588995537Z,36,GET /api/v1/scans,GET,200,122.687,True
2026-07-31T08:26:17.600895966Z,98,GET /api/v1/scans/{id},GET,200,251.646,True
2026-07-31T08:26:17.601044177Z,79,GET /api/v1/user/profile,GET,200,81.397,True
2026-07-31T08:26:17.603213744Z,38,POST /api/v1/scans,POST,409,211.588,False
2026-07-31T08:26:17.60404563Z,83,POST /api/v1/scans,POST,409,204.469,False
2026-07-31T08:26:17.604847483Z,42,GET /api/v1/scans,GET,200,262.874,True
2026-07-31T08:26:17.605721498Z,50,GET /api/v1/scans,GET,200,23.513,True
2026-07-31T08:26:17.609224289Z,85,GET /api/v1/scans/{id},GET,200,36.37,True
2026-07-31T08:26:17.609692942Z,41,GET /api/v1/scans,GET,200,77.746,True
2026-07-31T08:26:17.624957402Z,17,GET /api/v1/scans/{id},GET,200,4.864,True
2026-07-31T08:26:17.635617884Z,52,GET /api/v1/user/profile,GET,200,11.286,True
2026-07-31T08:26:17.639134419Z,88,GET /api/v1/user/profile,GET,200,154.989,True
2026-07-31T08:26:17.643585791Z,62,GET /api/v1/scans,GET,200,16.126,True
2026-07-31T08:26:17.651829602Z,51,GET /api/v1/scans,GET,200,167.654,True
2026-07-31T08:26:17.651863104Z,97,GET /api/v1/scans,GET,200,170.098,True
2026-07-31T08:26:17.658806912Z,8,GET /api/v1/scans,GET,200,5.568,True
2026-07-31T08:26:17.665268004Z,24,GET /api/v1/scans,GET,200,6.372,True
2026-07-31T08:26:17.677255145Z,5,GET /api/v1/scans,GET,200,4.726,True
2026-07-31T08:26:17.692566049Z,28,GET /api/v1/user/profile,GET,200,10.02,True
2026-07-31T08:26:17.692744421Z,64,GET /api/v1/scans,GET,200,10.16,True
2026-07-31T08:26:17.693305255Z,77,GET /api/v1/scans,GET,200,8.234,True
2026-07-31T08:26:17.705256868Z,70,GET /api/v1/scans,GET,200,4.802,True
2026-07-31T08:26:17.719020355Z,61,GET /api/v1/scans,GET,200,8.608,True
2026-07-31T08:26:17.71964546Z,13,GET /api/v1/scans/{id},GET,200,6.935,True
2026-07-31T08:26:17.735416705Z,12,GET /api/v1/scans/{id},GET,200,10.499,True
2026-07-31T08:26:17.750662305Z,16,GET /api/v1/user/profile,GET,200,4.771,True
2026-07-31T08:26:17.760586637Z,3,GET /api/v1/scans,GET,200,5.532,True
2026-07-31T08:26:17.796606893Z,76,GET /api/v1/scans/{id},GET,200,4.499,True
2026-07-31T08:26:17.804476806Z,47,GET /api/v1/user/profile,GET,200,3.528,True
2026-07-31T08:26:17.81607715Z,48,GET /api/v1/scans/{id},GET,200,6.123,True
2026-07-31T08:26:17.820135308Z,30,GET /api/v1/user/profile,GET,200,7.616,True
2026-07-31T08:26:17.821719054Z,89,GET /api/v1/scans,GET,200,5.433,True
2026-07-31T08:26:17.828448153Z,19,GET /api/v1/scans/{id},GET,200,4.09,True
2026-07-31T08:26:17.84274914Z,11,GET /api/v1/scans/{id},GET,200,11.804,True
2026-07-31T08:26:17.855901782Z,54,GET /api/v1/user/profile,GET,200,6.619,True
2026-07-31T08:26:17.856345362Z,57,GET /api/v1/scans/{id},GET,200,4.764,True
2026-07-31T08:26:17.869725722Z,6,POST /api/v1/scans,POST,409,41.897,False
2026-07-31T08:26:17.869864872Z,20,GET /api/v1/scans,GET,200,9.715,True
2026-07-31T08:26:17.885944697Z,53,GET /api/v1/scans/{id},GET,200,14.646,True
2026-07-31T08:26:17.89438653Z,32,POST /api/v1/scans,POST,409,35.637,False
2026-07-31T08:26:17.90238168Z,49,GET /api/v1/scans,GET,200,11.974,True
2026-07-31T08:26:17.907895498Z,94,GET /api/v1/scans/{id},GET,200,6.786,True
2026-07-31T08:26:17.951547259Z,1,GET /api/v1/scans,GET,200,24.26,True
2026-07-31T08:26:17.966891108Z,14,POST /api/v1/scans,POST,409,72.321,False
2026-07-31T08:26:17.970030376Z,25,POST /api/v1/scans,POST,409,74.266,False
2026-07-31T08:26:17.978964641Z,92,GET /api/v1/scans/{id},GET,200,5.582,True
2026-07-31T08:26:17.986481697Z,100,GET /api/v1/scans,GET,200,7.74,True
2026-07-31T08:26:17.986568132Z,2,GET /api/v1/user/profile,GET,200,6.192,True
2026-07-31T08:26:18.00616596Z,74,GET /api/v1/scans,GET,200,9.155,True
2026-07-31T08:26:18.041870896Z,82,GET /api/v1/scans,GET,200,28.239,True
2026-07-31T08:26:18.046339101Z,96,GET /api/v1/scans,GET,200,31.64,True
2026-07-31T08:26:18.051869663Z,22,GET /api/v1/scans/{id},GET,200,26.472,True
2026-07-31T08:26:18.065830959Z,4,GET /api/v1/user/profile,GET,200,25.534,True
2026-07-31T08:26:18.065838211Z,95,GET /api/v1/scans/{id},GET,200,25.733,True
2026-07-31T08:26:18.08667369Z,37,POST /api/v1/scans,POST,409,66.499,False
2026-07-31T08:26:18.099781238Z,63,GET /api/v1/user/profile,GET,200,13.279,True
2026-07-31T08:26:18.103301569Z,35,GET /api/v1/scans,GET,200,9.206,True
2026-07-31T08:26:18.107612631Z,91,POST /api/v1/scans,POST,409,63.098,False
2026-07-31T08:26:18.17878487Z,21,GET /api/v1/scans,GET,200,31.188,True
2026-07-31T08:26:18.1806153Z,45,GET /api/v1/scans,GET,200,41.42,True
2026-07-31T08:26:18.187638426Z,93,GET /api/v1/scans,GET,200,29.609,True
2026-07-31T08:26:18.189317502Z,43,POST /api/v1/scans,POST,409,76.318,False
2026-07-31T08:26:18.209049395Z,15,POST /api/v1/scans,POST,409,92.664,False
2026-07-31T08:26:18.227767447Z,67,GET /api/v1/scans,GET,200,52.351,True
2026-07-31T08:26:18.238339948Z,55,GET /api/v1/user/profile,GET,200,50.573,True
2026-07-31T08:26:18.240601587Z,39,GET /api/v1/user/profile,GET,200,52.905,True
2026-07-31T08:26:18.24185874Z,56,GET /api/v1/user/profile,GET,200,46.964,True
2026-07-31T08:26:18.243845425Z,71,GET /api/v1/scans,GET,200,56.149,True
2026-07-31T08:26:18.250164314Z,18,GET /api/v1/scans/{id},GET,200,39.747,True
2026-07-31T08:26:18.250274068Z,17,GET /api/v1/user/profile,GET,200,41.967,True
2026-07-31T08:26:18.252424509Z,23,GET /api/v1/scans,GET,200,46.765,True
2026-07-31T08:26:18.264168456Z,41,POST /api/v1/scans,POST,409,132.337,False
2026-07-31T08:26:18.291948975Z,7,GET /api/v1/user/profile,GET,200,48.661,True
2026-07-31T08:26:18.307862377Z,59,GET /api/v1/scans,GET,200,54.216,True
2026-07-31T08:26:18.316503703Z,58,GET /api/v1/scans,GET,200,44.804,True
2026-07-31T08:26:18.319999697Z,72,GET /api/v1/scans,GET,200,55.68,True
2026-07-31T08:26:18.33875337Z,12,GET /api/v1/user/profile,GET,200,41.558,True
2026-07-31T08:26:18.347497131Z,87,POST /api/v1/scans,POST,409,148.111,False
2026-07-31T08:26:18.349047609Z,40,POST /api/v1/scans,POST,409,140.959,False
2026-07-31T08:26:18.350875321Z,99,GET /api/v1/scans/{id},GET,200,39.405,True
2026-07-31T08:26:18.354123951Z,29,GET /api/v1/scans,GET,200,43.946,True
2026-07-31T08:26:18.354544862Z,65,GET /api/v1/scans,GET,200,43.087,True
2026-07-31T08:26:18.368611471Z,64,POST /api/v1/scans,POST,409,134.187,False
2026-07-31T08:26:18.37243146Z,50,GET /api/v1/scans/{id},GET,200,26.165,True
2026-07-31T08:26:18.373818076Z,26,GET /api/v1/scans/{id},GET,200,26.165,True
2026-07-31T08:26:18.375649518Z,34,POST /api/v1/scans,POST,409,117.703,False
2026-07-31T08:26:18.376280671Z,27,GET /api/v1/user/profile,GET,200,9.081,True
2026-07-31T08:26:18.381195841Z,31,POST /api/v1/scans,POST,409,81.544,False
2026-07-31T08:26:18.403356835Z,84,GET /api/v1/user/profile,GET,200,10.313,True
2026-07-31T08:26:18.409942325Z,44,GET /api/v1/scans,GET,200,6.443,True
2026-07-31T08:26:18.410355659Z,68,POST /api/v1/scans,POST,409,30.485,False
2026-07-31T08:26:18.416605437Z,78,GET /api/v1/user/profile,GET,200,3.734,True
2026-07-31T08:26:18.423838783Z,11,GET /api/v1/scans/{id},GET,200,3.957,True
2026-07-31T08:26:18.439055237Z,33,GET /api/v1/scans,GET,200,5.872,True
2026-07-31T08:26:18.446451106Z,9,GET /api/v1/scans/{id},GET,200,3.782,True
2026-07-31T08:26:18.454916668Z,98,GET /api/v1/scans,GET,200,6.188,True
2026-07-31T08:26:18.463436462Z,75,GET /api/v1/scans,GET,200,10.224,True
2026-07-31T08:26:18.471048725Z,28,GET /api/v1/scans/{id},GET,200,12.363,True
2026-07-31T08:26:18.472038251Z,1,GET /api/v1/scans,GET,200,13.427,True
2026-07-31T08:26:18.472503134Z,5,GET /api/v1/scans,GET,200,10.492,True
2026-07-31T08:26:18.520106881Z,73,GET /api/v1/user/profile,GET,200,5.764,True
2026-07-31T08:26:18.536912751Z,38,GET /api/v1/scans/{id},GET,200,5.434,True
2026-07-31T08:26:18.572366207Z,3,GET /api/v1/user/profile,GET,200,26.087,True
2026-07-31T08:26:18.574738574Z,19,GET /api/v1/scans,GET,200,27.24,True
2026-07-31T08:26:18.575028457Z,83,GET /api/v1/scans,GET,200,21.134,True
2026-07-31T08:26:18.575476907Z,97,GET /api/v1/scans,GET,200,20.255,True
2026-07-31T08:26:18.576000223Z,81,GET /api/v1/user/profile,GET,200,13.634,True
2026-07-31T08:26:18.58840537Z,60,POST /api/v1/scans,POST,201,51.265,True
2026-07-31T08:26:18.59299126Z,85,GET /api/v1/user/profile,GET,200,13.703,True
2026-07-31T08:26:18.593895285Z,70,GET /api/v1/user/profile,GET,200,14.456,True
2026-07-31T08:26:18.595409771Z,13,GET /api/v1/scans,GET,200,15.941,True
2026-07-31T08:26:18.599008295Z,90,GET /api/v1/user/profile,GET,200,15.274,True
2026-07-31T08:26:18.605413691Z,66,GET /api/v1/scans,GET,200,13.464,True
2026-07-31T08:26:18.607892279Z,54,GET /api/v1/scans/{id},GET,200,12.077,True
2026-07-31T08:26:18.60837966Z,46,GET /api/v1/scans,GET,200,9.244,True
2026-07-31T08:26:18.624567276Z,48,GET /api/v1/user/profile,GET,200,3.7,True
2026-07-31T08:26:18.632470265Z,16,GET /api/v1/scans,GET,200,6.754,True
2026-07-31T08:26:18.636867559Z,8,GET /api/v1/scans,GET,200,5.827,True
2026-07-31T08:26:18.684852918Z,91,GET /api/v1/user/profile,GET,200,4.575,True
2026-07-31T08:26:18.704824377Z,53,GET /api/v1/scans,GET,200,5.716,True
2026-07-31T08:26:18.760108303Z,93,GET /api/v1/scans,GET,200,11.73,True
2026-07-31T08:26:18.765605666Z,42,GET /api/v1/scans/{id},GET,200,13.962,True
2026-07-31T08:26:18.766180176Z,88,GET /api/v1/user/profile,GET,200,13.462,True
2026-07-31T08:26:18.766955606Z,63,GET /api/v1/scans/{id},GET,200,9.912,True
2026-07-31T08:26:18.767524338Z,45,GET /api/v1/scans/{id},GET,200,8.762,True
2026-07-31T08:26:18.787807519Z,43,GET /api/v1/scans/{id},GET,200,8.872,True
2026-07-31T08:26:18.814442314Z,92,GET /api/v1/user/profile,GET,200,18.226,True
2026-07-31T08:26:18.815512195Z,51,GET /api/v1/user/profile,GET,200,12.906,True
2026-07-31T08:26:18.819721038Z,86,POST /api/v1/scans,POST,409,39.495,False
2026-07-31T08:26:18.82682813Z,21,GET /api/v1/scans,GET,200,6.729,True
2026-07-31T08:26:18.87152115Z,52,GET /api/v1/scans,GET,200,5.77,True
2026-07-31T08:26:18.880339379Z,12,GET /api/v1/scans,GET,200,5.517,True
2026-07-31T08:26:18.893430121Z,69,GET /api/v1/scans,GET,200,8.403,True
2026-07-31T08:26:18.915223235Z,94,POST /api/v1/scans,POST,409,32.562,False
2026-07-31T08:26:18.93419725Z,39,GET /api/v1/user/profile,GET,200,17.668,True
2026-07-31T08:26:18.935498062Z,24,GET /api/v1/scans,GET,200,15.77,True
2026-07-31T08:26:18.939398608Z,74,GET /api/v1/user/profile,GET,200,3.887,True
2026-07-31T08:26:18.943396933Z,2,POST /api/v1/scans,POST,409,34.544,False
2026-07-31T08:26:18.967370207Z,80,POST /api/v1/scans,POST,409,26.792,False
2026-07-31T08:26:18.986479908Z,64,GET /api/v1/scans,GET,200,6.879,True
2026-07-31T08:26:19.018301256Z,41,GET /api/v1/scans,GET,200,28.446,True
2026-07-31T08:26:19.026266711Z,10,GET /api/v1/scans,GET,200,27.383,True
2026-07-31T08:26:19.034686092Z,37,GET /api/v1/scans/{id},GET,200,24.327,True
2026-07-31T08:26:19.037411456Z,6,GET /api/v1/scans,GET,200,26.828,True
2026-07-31T08:26:19.057729256Z,17,POST /api/v1/scans,POST,409,73.657,False
2026-07-31T08:26:19.064162148Z,59,GET /api/v1/scans,GET,200,44.474,True
2026-07-31T08:26:19.072487431Z,79,GET /api/v1/scans/{id},GET,200,42.623,True
2026-07-31T08:26:19.075683493Z,82,GET /api/v1/user/profile,GET,200,32.809,True
2026-07-31T08:26:19.100704907Z,36,GET /api/v1/scans/{id},GET,200,56.353,True
2026-07-31T08:26:19.1007191Z,62,GET /api/v1/user/profile,GET,200,56.273,True
2026-07-31T08:26:19.107483511Z,98,GET /api/v1/user/profile,GET,200,52.265,True
2026-07-31T08:26:19.107592646Z,99,GET /api/v1/user/profile,GET,200,52.27,True
2026-07-31T08:26:19.110713275Z,47,GET /api/v1/scans/{id},GET,200,48.587,True
2026-07-31T08:26:19.117866556Z,15,POST /api/v1/scans,POST,409,125.679,False
2026-07-31T08:26:19.137624375Z,35,GET /api/v1/user/profile,GET,200,57.697,True
2026-07-31T08:26:19.1433817Z,61,GET /api/v1/scans,GET,200,46.603,True
2026-07-31T08:26:19.143517865Z,49,GET /api/v1/scans,GET,200,46.788,True
2026-07-31T08:26:19.147346722Z,89,GET /api/v1/user/profile,GET,200,30.777,True
2026-07-31T08:26:19.148991922Z,33,GET /api/v1/scans,GET,200,34.596,True
2026-07-31T08:26:19.14978465Z,28,GET /api/v1/scans/{id},GET,200,21.566,True
2026-07-31T08:26:19.165935403Z,67,POST /api/v1/scans,POST,409,169.394,False
2026-07-31T08:26:19.166219156Z,57,POST /api/v1/scans,POST,409,132.775,False
2026-07-31T08:26:19.178288703Z,76,GET /api/v1/scans/{id},GET,200,10.707,True
2026-07-31T08:26:19.178457879Z,30,GET /api/v1/scans/{id},GET,200,10.927,True
2026-07-31T08:26:19.188371458Z,90,POST /api/v1/scans,POST,409,60.081,False
2026-07-31T08:26:19.197170976Z,56,GET /api/v1/user/profile,GET,200,18.784,True
2026-07-31T08:26:19.198667238Z,25,GET /api/v1/scans,GET,200,11.342,True
2026-07-31T08:26:19.203500714Z,77,POST /api/v1/scans,POST,409,46.322,False
2026-07-31T08:26:19.214028414Z,14,GET /api/v1/scans,GET,200,6.267,True
2026-07-31T08:26:19.229529217Z,46,GET /api/v1/scans,GET,200,36.918,True
2026-07-31T08:26:19.233285598Z,18,GET /api/v1/user/profile,GET,200,7.961,True
2026-07-31T08:26:19.240419638Z,66,GET /api/v1/user/profile,GET,200,3.609,True
2026-07-31T08:26:19.257424271Z,68,GET /api/v1/scans,GET,200,4.605,True
2026-07-31T08:26:19.301827426Z,20,GET /api/v1/scans,GET,200,25.845,True
2026-07-31T08:26:19.305815795Z,100,GET /api/v1/scans,GET,200,19.011,True
2026-07-31T08:26:19.306605158Z,3,GET /api/v1/scans,GET,200,17.341,True
2026-07-31T08:26:19.30956191Z,32,GET /api/v1/user/profile,GET,200,12.523,True
2026-07-31T08:26:19.309615994Z,13,GET /api/v1/scans,GET,200,14.998,True
2026-07-31T08:26:19.31019Z,50,POST /api/v1/scans,POST,409,41.398,False
2026-07-31T08:26:19.313398775Z,85,GET /api/v1/scans/{id},GET,200,9.394,True
2026-07-31T08:26:19.334438522Z,34,POST /api/v1/scans,POST,409,26.374,False
2026-07-31T08:26:19.344253334Z,1,GET /api/v1/scans,GET,200,5.548,True
2026-07-31T08:26:19.35362316Z,51,GET /api/v1/scans,GET,200,5.083,True
2026-07-31T08:26:19.359152434Z,54,GET /api/v1/scans,GET,200,5.462,True
2026-07-31T08:26:19.366968203Z,71,GET /api/v1/user/profile,GET,200,3.535,True
2026-07-31T08:26:19.377131288Z,26,GET /api/v1/scans,GET,200,4.905,True
2026-07-31T08:26:19.413516365Z,91,GET /api/v1/scans,GET,200,19.658,True
2026-07-31T08:26:19.417739581Z,55,GET /api/v1/user/profile,GET,200,19.554,True
2026-07-31T08:26:19.421503978Z,87,GET /api/v1/scans,GET,200,6.599,True
2026-07-31T08:26:19.424492457Z,22,POST /api/v1/scans,POST,409,34.84,False
2026-07-31T08:26:19.435634765Z,27,GET /api/v1/scans,GET,200,5.847,True
2026-07-31T08:26:19.439167741Z,95,GET /api/v1/scans/{id},GET,200,4.065,True
2026-07-31T08:26:19.452614538Z,96,GET /api/v1/scans/{id},GET,200,4.13,True
2026-07-31T08:26:19.477049328Z,11,GET /api/v1/scans,GET,200,5.14,True
2026-07-31T08:26:19.50831876Z,4,GET /api/v1/user/profile,GET,200,7.208,True
2026-07-31T08:26:19.509249918Z,7,GET /api/v1/scans,GET,200,6.88,True
2026-07-31T08:26:19.515059697Z,16,POST /api/v1/scans,POST,409,36.773,False
2026-07-31T08:26:19.52045907Z,94,GET /api/v1/scans/{id},GET,200,12.038,True
2026-07-31T08:26:19.521309767Z,23,GET /api/v1/scans/{id},GET,200,12.255,True
2026-07-31T08:26:19.524685417Z,38,GET /api/v1/scans,GET,200,10.989,True
2026-07-31T08:26:19.525683657Z,60,GET /api/v1/scans,GET,200,9.432,True
2026-07-31T08:26:19.528626557Z,72,GET /api/v1/scans,GET,200,7.184,True
2026-07-31T08:26:19.553770426Z,58,GET /api/v1/scans,GET,200,5.399,True
2026-07-31T08:26:19.560094119Z,78,GET /api/v1/scans/{id},GET,200,4.071,True
2026-07-31T08:26:19.618983559Z,48,GET /api/v1/scans/{id},GET,200,4.277,True
2026-07-31T08:26:19.628073721Z,19,GET /api/v1/scans/{id},GET,200,3.431,True
2026-07-31T08:26:19.645590092Z,36,GET /api/v1/scans,GET,200,6.358,True
2026-07-31T08:26:19.648690113Z,80,GET /api/v1/scans,GET,200,7.02,True
2026-07-31T08:26:19.649382813Z,81,GET /api/v1/user/profile,GET,200,4.275,True
2026-07-31T08:26:19.653929937Z,65,GET /api/v1/scans/{id},GET,200,3.085,True
2026-07-31T08:26:19.688708559Z,29,GET /api/v1/scans,GET,200,22.52,True
2026-07-31T08:26:19.689298012Z,69,GET /api/v1/scans/{id},GET,200,17.655,True
2026-07-31T08:26:19.694771019Z,82,GET /api/v1/user/profile,GET,200,23.151,True
2026-07-31T08:26:19.714848589Z,43,POST /api/v1/scans,POST,409,57.583,False
2026-07-31T08:26:19.717695188Z,40,GET /api/v1/user/profile,GET,200,23.747,True
2026-07-31T08:26:19.717892935Z,9,GET /api/v1/scans,GET,200,19.783,True
2026-07-31T08:26:19.7196428Z,5,GET /api/v1/user/profile,GET,200,18.047,True
2026-07-31T08:26:19.723646758Z,73,GET /api/v1/scans/{id},GET,200,6.014,True
2026-07-31T08:26:19.726601537Z,31,POST /api/v1/scans,POST,409,63.021,False
2026-07-31T08:26:19.726979722Z,42,GET /api/v1/scans,GET,200,6.095,True
2026-07-31T08:26:19.736348927Z,75,GET /api/v1/scans/{id},GET,200,3.862,True
2026-07-31T08:26:19.742032284Z,64,GET /api/v1/user/profile,GET,200,4.562,True
2026-07-31T08:26:19.761934738Z,79,GET /api/v1/scans/{id},GET,200,15.629,True
2026-07-31T08:26:19.766409666Z,84,GET /api/v1/scans,GET,200,16.796,True
2026-07-31T08:26:19.777084268Z,8,GET /api/v1/scans,GET,200,18.077,True
2026-07-31T08:26:19.7869355Z,37,GET /api/v1/scans,GET,200,11.099,True
2026-07-31T08:26:19.787608558Z,44,GET /api/v1/scans/{id},GET,200,7.106,True
2026-07-31T08:26:19.790490882Z,93,POST /api/v1/scans,POST,409,44.01,False
2026-07-31T08:26:19.811631644Z,66,GET /api/v1/scans,GET,200,4.898,True
2026-07-31T08:26:19.823567609Z,6,GET /api/v1/scans,GET,200,4.723,True
2026-07-31T08:26:19.82893041Z,99,GET /api/v1/user/profile,GET,200,3.111,True
2026-07-31T08:26:19.843711293Z,83,GET /api/v1/user/profile,GET,200,3.139,True
2026-07-31T08:26:19.8672755Z,88,GET /api/v1/scans/{id},GET,200,3.881,True
2026-07-31T08:26:19.877767122Z,21,GET /api/v1/scans,GET,200,6.845,True
2026-07-31T08:26:19.877810969Z,62,GET /api/v1/scans,GET,200,7.039,True
2026-07-31T08:26:19.900161632Z,53,GET /api/v1/user/profile,GET,200,3.48,True
2026-07-31T08:26:19.909678918Z,24,GET /api/v1/scans,GET,200,9.434,True
2026-07-31T08:26:19.910897326Z,2,GET /api/v1/user/profile,GET,200,9.464,True
2026-07-31T08:26:19.911043838Z,86,GET /api/v1/user/profile,GET,200,8.38,True
2026-07-31T08:26:19.920370535Z,46,GET /api/v1/scans/{id},GET,200,5.016,True
2026-07-31T08:26:19.920884154Z,100,GET /api/v1/scans,GET,200,5.559,True
2026-07-31T08:26:19.931173523Z,28,GET /api/v1/scans,GET,200,4.823,True
2026-07-31T08:26:19.936671757Z,70,GET /api/v1/scans,GET,200,5.55,True
2026-07-31T08:26:19.943625306Z,52,GET /api/v1/scans/{id},GET,200,5.785,True
2026-07-31T08:26:19.957918567Z,74,GET /api/v1/scans,GET,200,10.036,True
2026-07-31T08:26:19.962293633Z,89,POST /api/v1/scans,POST,409,27.636,False
2026-07-31T08:26:19.973013389Z,76,GET /api/v1/user/profile,GET,200,3.515,True
2026-07-31T08:26:19.986917301Z,63,GET /api/v1/scans,GET,200,4.696,True
2026-07-31T08:26:20.026856316Z,17,GET /api/v1/user/profile,GET,200,3.684,True
2026-07-31T08:26:20.05492254Z,96,POST /api/v1/scans,POST,409,26.838,False
2026-07-31T08:26:20.056442151Z,97,GET /api/v1/scans,GET,200,4.833,True
2026-07-31T08:26:20.086037525Z,38,GET /api/v1/scans,GET,200,5.266,True
2026-07-31T08:26:20.113633927Z,98,GET /api/v1/scans,GET,200,5.166,True
2026-07-31T08:26:20.144627467Z,47,GET /api/v1/scans,GET,200,17.479,True
2026-07-31T08:26:20.145316752Z,23,GET /api/v1/scans,GET,200,15.874,True
2026-07-31T08:26:20.15756361Z,16,POST /api/v1/scans,POST,409,36.659,False
2026-07-31T08:26:20.163480025Z,45,GET /api/v1/scans,GET,200,4.722,True
2026-07-31T08:26:20.164989884Z,39,POST /api/v1/scans,POST,409,24.964,False
2026-07-31T08:26:20.168213755Z,50,GET /api/v1/scans/{id},GET,200,3.097,True
2026-07-31T08:26:20.181871549Z,56,GET /api/v1/user/profile,GET,200,3.355,True
2026-07-31T08:26:20.189716457Z,20,GET /api/v1/scans,GET,200,6.593,True
2026-07-31T08:26:20.190156409Z,25,GET /api/v1/scans/{id},GET,200,5.831,True
2026-07-31T08:26:20.20620392Z,61,GET /api/v1/user/profile,GET,200,3.771,True
2026-07-31T08:26:20.216609339Z,91,GET /api/v1/scans/{id},GET,200,4.098,True
2026-07-31T08:26:20.240369027Z,60,GET /api/v1/scans,GET,200,7.444,True
2026-07-31T08:26:20.240410404Z,12,GET /api/v1/scans/{id},GET,200,6.28,True
2026-07-31T08:26:20.274762322Z,30,GET /api/v1/scans,GET,200,7.579,True
2026-07-31T08:26:20.27549916Z,71,GET /api/v1/scans,GET,200,6.022,True
2026-07-31T08:26:20.313735692Z,26,GET /api/v1/scans,GET,200,12.415,True
2026-07-31T08:26:20.315175409Z,72,GET /api/v1/scans,GET,200,13.849,True
2026-07-31T08:26:20.318526359Z,92,GET /api/v1/scans,GET,200,13.896,True
2026-07-31T08:26:20.324326778Z,34,GET /api/v1/scans,GET,200,12.34,True
2026-07-31T08:26:20.336619878Z,5,GET /api/v1/scans/{id},GET,200,12.266,True
2026-07-31T08:26:20.343850417Z,37,GET /api/v1/scans/{id},GET,200,17.222,True
2026-07-31T08:26:20.373267735Z,81,POST /api/v1/scans,POST,409,53.335,False
2026-07-31T08:26:20.374395065Z,59,GET /api/v1/scans/{id},GET,200,5.148,True
2026-07-31T08:26:20.377833632Z,10,POST /api/v1/scans,POST,409,37.67,False
2026-07-31T08:26:20.399160047Z,75,GET /api/v1/user/profile,GET,200,4.777,True
2026-07-31T08:26:20.412810116Z,85,GET /api/v1/scans,GET,200,6.366,True
2026-07-31T08:26:20.418741812Z,42,GET /api/v1/scans/{id},GET,200,3.64,True
2026-07-31T08:26:20.459363483Z,13,GET /api/v1/user/profile,GET,200,10.749,True
2026-07-31T08:26:20.46096892Z,57,GET /api/v1/scans,GET,200,12.143,True
2026-07-31T08:26:20.461043411Z,33,GET /api/v1/scans,GET,200,12.278,True
2026-07-31T08:26:20.46916776Z,24,GET /api/v1/scans/{id},GET,200,7.986,True
2026-07-31T08:26:20.490941666Z,43,GET /api/v1/user/profile,GET,200,11.097,True
2026-07-31T08:26:20.491433625Z,7,GET /api/v1/user/profile,GET,200,8.414,True
2026-07-31T08:26:20.499110922Z,41,POST /api/v1/scans,POST,409,39.762,False
2026-07-31T08:26:20.501954924Z,14,GET /api/v1/scans,GET,200,8.122,True
2026-07-31T08:26:20.533115742Z,94,GET /api/v1/scans,GET,200,6.191,True
2026-07-31T08:26:20.549458058Z,90,GET /api/v1/user/profile,GET,200,15.939,True
2026-07-31T08:26:20.552939808Z,35,GET /api/v1/scans,GET,200,14.975,True
2026-07-31T08:26:20.55322722Z,15,GET /api/v1/user/profile,GET,200,12.93,True
2026-07-31T08:26:20.592234473Z,49,GET /api/v1/user/profile,GET,200,22.259,True
2026-07-31T08:26:20.603985533Z,52,POST /api/v1/scans,POST,409,69.268,False
2026-07-31T08:26:20.625620606Z,68,GET /api/v1/user/profile,GET,200,43.14,True
2026-07-31T08:26:20.634058136Z,67,GET /api/v1/scans,GET,200,51.46,True
2026-07-31T08:26:20.637625833Z,31,GET /api/v1/scans/{id},GET,200,45.069,True
2026-07-31T08:26:20.641645829Z,63,GET /api/v1/scans,GET,200,45.735,True
2026-07-31T08:26:20.647292387Z,95,POST /api/v1/scans,POST,409,91.67,False
2026-07-31T08:26:20.654094586Z,83,GET /api/v1/scans/{id},GET,200,48.588,True
2026-07-31T08:26:20.664499494Z,6,GET /api/v1/scans,GET,200,48.776,True
2026-07-31T08:26:20.666583058Z,17,GET /api/v1/user/profile,GET,200,41.716,True
2026-07-31T08:26:20.672211521Z,4,POST /api/v1/scans,POST,409,99.981,False
2026-07-31T08:26:20.672772234Z,82,GET /api/v1/scans/{id},GET,200,32.752,True
2026-07-31T08:26:20.677651089Z,77,GET /api/v1/scans,GET,200,26.968,True
2026-07-31T08:26:20.693856926Z,3,POST /api/v1/scans,POST,409,108.968,False
2026-07-31T08:26:20.702009726Z,74,GET /api/v1/user/profile,GET,200,27.508,True
2026-07-31T08:26:20.745043205Z,47,GET /api/v1/user/profile,GET,200,60.896,True
2026-07-31T08:26:20.750492101Z,18,GET /api/v1/scans,GET,200,67.365,True
2026-07-31T08:26:20.755071082Z,54,GET /api/v1/scans,GET,200,69.658,True
2026-07-31T08:26:20.774764789Z,64,GET /api/v1/scans,GET,200,76.346,True
2026-07-31T08:26:20.777145639Z,56,GET /api/v1/user/profile,GET,200,64.462,True
2026-07-31T08:26:20.780104093Z,98,GET /api/v1/user/profile,GET,200,68.674,True
2026-07-31T08:26:20.782928236Z,62,GET /api/v1/scans/{id},GET,200,60.999,True
2026-07-31T08:26:20.784890194Z,51,GET /api/v1/user/profile,GET,200,54.506,True
2026-07-31T08:26:20.789809849Z,53,GET /api/v1/user/profile,GET,200,44.849,True
2026-07-31T08:26:20.79317384Z,11,GET /api/v1/scans,GET,200,58.41,True
2026-07-31T08:26:20.799883723Z,55,GET /api/v1/scans,GET,200,49.304,True
2026-07-31T08:26:20.799990149Z,93,POST /api/v1/scans,POST,409,131.017,False
2026-07-31T08:26:20.800648367Z,48,GET /api/v1/scans/{id},GET,200,34.878,True
2026-07-31T08:26:20.802511498Z,16,GET /api/v1/scans,GET,200,36.914,True
2026-07-31T08:26:20.808753734Z,20,GET /api/v1/user/profile,GET,200,33.839,True
2026-07-31T08:26:20.808766396Z,58,POST /api/v1/scans,POST,409,134.501,False
2026-07-31T08:26:20.811642737Z,32,GET /api/v1/scans,GET,200,27.51,True
2026-07-31T08:26:20.814399952Z,27,GET /api/v1/scans/{id},GET,200,19.72,True
2026-07-31T08:26:20.814460834Z,1,GET /api/v1/user/profile,GET,200,22.226,True
2026-07-31T08:26:20.815406026Z,45,GET /api/v1/scans,GET,200,10.528,True
2026-07-31T08:26:20.82219374Z,87,GET /api/v1/scans,GET,200,6.35,True
2026-07-31T08:26:20.845469283Z,65,GET /api/v1/scans,GET,200,6.691,True
2026-07-31T08:26:20.856165582Z,8,GET /api/v1/scans/{id},GET,200,5.446,True
2026-07-31T08:26:20.889782974Z,80,POST /api/v1/scans,POST,409,33.309,False
2026-07-31T08:26:20.899986981Z,22,GET /api/v1/scans/{id},GET,200,10.317,True
2026-07-31T08:26:20.923779057Z,29,GET /api/v1/scans/{id},GET,200,10.27,True
2026-07-31T08:26:20.930252596Z,9,POST /api/v1/scans,POST,409,45.639,False
2026-07-31T08:26:20.963019136Z,39,GET /api/v1/user/profile,GET,200,6.099,True
2026-07-31T08:26:20.977504019Z,84,GET /api/v1/user/profile,GET,200,6.036,True
2026-07-31T08:26:20.998088123Z,57,GET /api/v1/scans/{id},GET,200,8.024,True
2026-07-31T08:26:20.999167455Z,46,GET /api/v1/user/profile,GET,200,6.913,True
2026-07-31T08:26:21.005802312Z,21,GET /api/v1/scans,GET,200,6.441,True
2026-07-31T08:26:21.023345994Z,78,GET /api/v1/user/profile,GET,200,5.248,True
2026-07-31T08:26:21.050078213Z,69,GET /api/v1/scans,GET,200,7.143,True
2026-07-31T08:26:21.063954128Z,88,GET /api/v1/user/profile,GET,200,5.445,True
2026-07-31T08:26:21.118864999Z,19,GET /api/v1/user/profile,GET,200,27.913,True
2026-07-31T08:26:21.128368999Z,40,GET /api/v1/scans/{id},GET,200,32.238,True
2026-07-31T08:26:21.129771809Z,99,GET /api/v1/user/profile,GET,200,33.628,True
2026-07-31T08:26:21.131774092Z,42,GET /api/v1/scans,GET,200,33.305,True
2026-07-31T08:26:21.137696202Z,41,GET /api/v1/scans,GET,200,30.755,True
2026-07-31T08:26:21.140600839Z,28,GET /api/v1/scans,GET,200,19.121,True
2026-07-31T08:26:21.143404149Z,72,GET /api/v1/user/profile,GET,200,13.455,True
2026-07-31T08:26:21.146147602Z,14,GET /api/v1/scans,GET,200,9.895,True
2026-07-31T08:26:21.151168102Z,36,POST /api/v1/scans,POST,409,72.856,False
2026-07-31T08:26:21.15353755Z,5,GET /api/v1/scans,GET,200,7.271,True
2026-07-31T08:26:21.171389165Z,33,GET /api/v1/user/profile,GET,200,10.578,True
2026-07-31T08:26:21.174639448Z,2,GET /api/v1/scans,GET,200,13.77,True
2026-07-31T08:26:21.17656968Z,81,GET /api/v1/user/profile,GET,200,9.13,True
2026-07-31T08:26:21.186376402Z,79,GET /api/v1/scans,GET,200,8.642,True
2026-07-31T08:26:21.22242753Z,96,GET /api/v1/scans/{id},GET,200,22.77,True
2026-07-31T08:26:21.226455407Z,86,GET /api/v1/scans,GET,200,15.383,True
2026-07-31T08:26:21.226603313Z,89,GET /api/v1/scans,GET,200,14.349,True
2026-07-31T08:26:21.228501096Z,73,POST /api/v1/scans,POST,409,47.284,False
2026-07-31T08:26:21.240367072Z,44,GET /api/v1/scans,GET,200,7.501,True
2026-07-31T08:26:21.259734517Z,37,GET /api/v1/user/profile,GET,200,9.899,True
2026-07-31T08:26:21.259962928Z,83,GET /api/v1/scans,GET,200,11.384,True
2026-07-31T08:26:21.269770791Z,59,GET /api/v1/scans,GET,200,5.599,True
2026-07-31T08:26:21.2772915Z,60,GET /api/v1/scans,GET,200,7.503,True
2026-07-31T08:26:21.277431274Z,25,GET /api/v1/scans/{id},GET,200,7.325,True
2026-07-31T08:26:21.294304192Z,38,GET /api/v1/scans/{id},GET,200,8.062,True
2026-07-31T08:26:21.294816824Z,66,GET /api/v1/scans,GET,200,8.684,True
2026-07-31T08:26:21.322981725Z,92,GET /api/v1/scans/{id},GET,200,4.921,True
2026-07-31T08:26:21.326740047Z,76,GET /api/v1/user/profile,GET,200,4.465,True
2026-07-31T08:26:21.395226039Z,54,GET /api/v1/scans,GET,200,8.557,True
2026-07-31T08:26:21.395633934Z,85,GET /api/v1/scans/{id},GET,200,6.836,True
2026-07-31T08:26:21.420133088Z,70,GET /api/v1/scans,GET,200,7.252,True
2026-07-31T08:26:21.428936755Z,91,GET /api/v1/scans,GET,200,9.49,True
2026-07-31T08:26:21.449284797Z,97,GET /api/v1/scans,GET,200,18.018,True
2026-07-31T08:26:21.450308095Z,30,GET /api/v1/scans,GET,200,16.566,True
2026-07-31T08:26:21.463090801Z,20,GET /api/v1/scans,GET,200,11.423,True
2026-07-31T08:26:21.466557734Z,98,GET /api/v1/scans,GET,200,12.199,True
2026-07-31T08:26:21.470815586Z,68,GET /api/v1/scans,GET,200,13.878,True
2026-07-31T08:26:21.470836078Z,100,POST /api/v1/scans,POST,409,52.579,False
2026-07-31T08:26:21.475581776Z,49,GET /api/v1/user/profile,GET,200,8.769,True
2026-07-31T08:26:21.505272231Z,93,GET /api/v1/user/profile,GET,200,28.33,True
2026-07-31T08:26:21.508430094Z,94,GET /api/v1/scans,GET,200,24.821,True
2026-07-31T08:26:21.508739627Z,31,GET /api/v1/scans/{id},GET,200,18.733,True
2026-07-31T08:26:21.509314981Z,7,GET /api/v1/user/profile,GET,200,14.863,True
2026-07-31T08:26:21.511959731Z,24,POST /api/v1/scans,POST,409,48.484,False
2026-07-31T08:26:21.544181158Z,23,GET /api/v1/scans,GET,200,9.888,True
2026-07-31T08:26:21.550278465Z,39,GET /api/v1/scans,GET,200,11.584,True
2026-07-31T08:26:21.555381338Z,55,GET /api/v1/user/profile,GET,200,11.071,True
2026-07-31T08:26:21.579312507Z,6,GET /api/v1/user/profile,GET,200,15.655,True
2026-07-31T08:26:21.581162909Z,50,GET /api/v1/user/profile,GET,200,14.17,True
2026-07-31T08:26:21.583139334Z,17,GET /api/v1/scans/{id},GET,200,11.769,True
2026-07-31T08:26:21.587194219Z,12,GET /api/v1/scans,GET,200,8.54,True
2026-07-31T08:26:21.591610239Z,26,POST /api/v1/scans,POST,409,42.9,False
2026-07-31T08:26:21.602802484Z,95,GET /api/v1/scans,GET,200,14.149,True
2026-07-31T08:26:21.612936519Z,53,GET /api/v1/scans,GET,200,10.095,True
2026-07-31T08:26:21.619998902Z,63,POST /api/v1/scans,POST,409,37.363,False
2026-07-31T08:26:21.635340691Z,10,GET /api/v1/scans/{id},GET,200,4.026,True
2026-07-31T08:26:21.641731394Z,4,GET /api/v1/scans/{id},GET,200,3.832,True
2026-07-31T08:26:21.647548302Z,67,GET /api/v1/user/profile,GET,200,3.319,True
2026-07-31T08:26:21.661143344Z,61,GET /api/v1/scans,GET,200,6.251,True
2026-07-31T08:26:21.667023477Z,34,GET /api/v1/scans/{id},GET,200,9.801,True
2026-07-31T08:26:21.674895716Z,87,GET /api/v1/scans/{id},GET,200,13.999,True
2026-07-31T08:26:21.67990681Z,77,GET /api/v1/scans,GET,200,17.334,True
2026-07-31T08:26:21.688291795Z,84,GET /api/v1/scans/{id},GET,200,14.814,True
2026-07-31T08:26:21.711667415Z,13,POST /api/v1/scans,POST,409,50.607,False
2026-07-31T08:26:21.71695978Z,29,POST /api/v1/scans,POST,409,49.784,False
2026-07-31T08:26:21.753032354Z,71,GET /api/v1/scans/{id},GET,200,7.589,True
2026-07-31T08:26:21.755750516Z,9,GET /api/v1/user/profile,GET,200,8.176,True
2026-07-31T08:26:21.756667825Z,99,GET /api/v1/scans,GET,200,6.77,True
2026-07-31T08:26:21.809038105Z,46,GET /api/v1/user/profile,GET,200,32.764,True
2026-07-31T08:26:21.820537563Z,47,GET /api/v1/scans,GET,200,37.879,True
2026-07-31T08:26:21.823128839Z,83,GET /api/v1/user/profile,GET,200,30.456,True
2026-07-31T08:26:21.824059435Z,58,GET /api/v1/scans,GET,200,36.058,True
2026-07-31T08:26:21.824120447Z,88,GET /api/v1/user/profile,GET,200,34.86,True
2026-07-31T08:26:21.829452311Z,52,POST /api/v1/scans,POST,409,62.449,False
2026-07-31T08:26:21.829467711Z,57,GET /api/v1/scans,GET,200,40.059,True
2026-07-31T08:26:21.830267523Z,15,GET /api/v1/scans,GET,200,35.194,True
2026-07-31T08:26:21.832165402Z,11,GET /api/v1/scans/{id},GET,200,33.917,True
2026-07-31T08:26:21.839488905Z,96,GET /api/v1/scans,GET,200,35.91,True
2026-07-31T08:26:21.855162067Z,62,GET /api/v1/scans,GET,200,29.728,True
2026-07-31T08:26:21.855251184Z,2,GET /api/v1/scans,GET,200,32.343,True
2026-07-31T08:26:21.868115848Z,82,GET /api/v1/scans,GET,200,33.47,True
2026-07-31T08:26:21.868308791Z,69,GET /api/v1/scans,GET,200,31.058,True
2026-07-31T08:26:21.870732189Z,73,GET /api/v1/scans,GET,200,23.653,True
2026-07-31T08:26:21.871190267Z,16,GET /api/v1/scans/{id},GET,200,12.546,True
2026-07-31T08:26:21.87669364Z,75,POST /api/v1/scans,POST,409,73.109,False
2026-07-31T08:26:21.927766776Z,43,GET /api/v1/scans/{id},GET,200,8.051,True
2026-07-31T08:26:21.941441804Z,48,GET /api/v1/scans/{id},GET,200,14.124,True
2026-07-31T08:26:21.945673537Z,8,GET /api/v1/scans,GET,200,14.545,True
2026-07-31T08:26:21.951428005Z,86,POST /api/v1/scans,POST,409,32.898,False
2026-07-31T08:26:21.966835789Z,1,GET /api/v1/scans,GET,200,8.927,True
2026-07-31T08:26:22.009375395Z,74,GET /api/v1/scans/{id},GET,200,4.915,True
2026-07-31T08:26:22.017491826Z,90,GET /api/v1/scans/{id},GET,200,3.9,True
2026-07-31T08:26:22.041648096Z,35,GET /api/v1/scans,GET,200,5.458,True
2026-07-31T08:26:22.049933162Z,37,GET /api/v1/scans/{id},GET,200,3.961,True
2026-07-31T08:26:22.082626018Z,45,GET /api/v1/scans,GET,200,16.96,True
2026-07-31T08:26:22.088697972Z,33,GET /api/v1/scans,GET,200,11.679,True
2026-07-31T08:26:22.106440343Z,64,POST /api/v1/scans,POST,409,45.177,False
2026-07-31T08:26:22.107087821Z,51,GET /api/v1/scans,GET,200,16.123,True
2026-07-31T08:26:22.111982753Z,56,GET /api/v1/scans/{id},GET,200,15.538,True
2026-07-31T08:26:22.114142418Z,80,GET /api/v1/user/profile,GET,200,16.481,True
2026-07-31T08:26:22.115649749Z,85,GET /api/v1/scans,GET,200,19.222,True
2026-07-31T08:26:22.126493854Z,18,GET /api/v1/scans,GET,200,14.81,True
2026-07-31T08:26:22.152955208Z,32,GET /api/v1/scans,GET,200,18.828,True
2026-07-31T08:26:22.153543922Z,72,GET /api/v1/user/profile,GET,200,11.193,True
2026-07-31T08:26:22.158210814Z,3,POST /api/v1/scans,POST,409,48.053,False
2026-07-31T08:26:22.176176527Z,65,GET /api/v1/scans/{id},GET,200,7.648,True
2026-07-31T08:26:22.176639997Z,54,GET /api/v1/scans,GET,200,6.923,True
2026-07-31T08:26:22.189193762Z,87,GET /api/v1/user/profile,GET,200,7.229,True
2026-07-31T08:26:22.189733307Z,38,GET /api/v1/scans,GET,200,7.808,True
2026-07-31T08:26:22.20246273Z,67,GET /api/v1/scans/{id},GET,200,5.384,True
2026-07-31T08:26:22.206657114Z,41,GET /api/v1/scans,GET,200,6.192,True
2026-07-31T08:26:22.217272904Z,24,GET /api/v1/user/profile,GET,200,3.807,True
2026-07-31T08:26:22.254659311Z,27,GET /api/v1/scans,GET,200,6.507,True
2026-07-31T08:26:22.262218572Z,14,GET /api/v1/user/profile,GET,200,4.039,True
2026-07-31T08:26:22.267749552Z,25,GET /api/v1/scans,GET,200,5.384,True
2026-07-31T08:26:22.276483175Z,17,GET /api/v1/scans/{id},GET,200,4.357,True
2026-07-31T08:26:22.303716382Z,93,GET /api/v1/user/profile,GET,200,5.321,True
2026-07-31T08:26:22.318508813Z,6,POST /api/v1/scans,POST,409,41.817,False
2026-07-31T08:26:22.337293267Z,40,GET /api/v1/user/profile,GET,200,16.407,True
2026-07-31T08:26:22.341906834Z,79,GET /api/v1/user/profile,GET,200,16.644,True
2026-07-31T08:26:22.342357082Z,20,GET /api/v1/scans,GET,200,12.898,True
2026-07-31T08:26:22.34690843Z,22,POST /api/v1/scans,POST,409,31.897,False
2026-07-31T08:26:22.370010196Z,76,GET /api/v1/user/profile,GET,200,3.754,True
2026-07-31T08:26:22.41518952Z,21,GET /api/v1/user/profile,GET,200,4.57,True
2026-07-31T08:26:22.444273508Z,52,GET /api/v1/scans,GET,200,16.829,True
2026-07-31T08:26:22.444278874Z,5,GET /api/v1/scans,GET,200,16.822,True
2026-07-31T08:26:22.454323115Z,42,GET /api/v1/scans/{id},GET,200,19.301,True
2026-07-31T08:26:22.457410687Z,39,GET /api/v1/scans,GET,200,22.453,True
2026-07-31T08:26:22.465254256Z,100,GET /api/v1/scans,GET,200,20.721,True
2026-07-31T08:26:22.46568049Z,34,GET /api/v1/scans/{id},GET,200,17.567,True
2026-07-31T08:26:22.470932962Z,28,GET /api/v1/user/profile,GET,200,19.651,True
2026-07-31T08:26:22.476362342Z,81,GET /api/v1/user/profile,GET,200,22.594,True
2026-07-31T08:26:22.479886907Z,78,GET /api/v1/user/profile,GET,200,21.103,True
2026-07-31T08:26:22.484422163Z,19,GET /api/v1/scans,GET,200,18.932,True
2026-07-31T08:26:22.485530232Z,10,GET /api/v1/scans,GET,200,10.237,True
2026-07-31T08:26:22.494013347Z,97,GET /api/v1/scans/{id},GET,200,3.952,True
2026-07-31T08:26:22.49935145Z,70,POST /api/v1/scans,POST,409,64.222,False
2026-07-31T08:26:22.526611325Z,75,GET /api/v1/scans/{id},GET,200,14.915,True
2026-07-31T08:26:22.529831988Z,74,GET /api/v1/user/profile,GET,200,8.824,True
2026-07-31T08:26:22.533893371Z,36,POST /api/v1/scans,POST,409,33.377,False
2026-07-31T08:26:22.549516338Z,66,GET /api/v1/scans/{id},GET,200,16.219,True
2026-07-31T08:26:22.550080414Z,44,GET /api/v1/scans,GET,200,16.869,True
2026-07-31T08:26:22.558787375Z,12,POST /api/v1/scans,POST,409,35.5,False
2026-07-31T08:26:22.561097286Z,68,GET /api/v1/scans,GET,200,6.585,True
2026-07-31T08:26:22.607928062Z,49,GET /api/v1/scans,GET,200,12.012,True
2026-07-31T08:26:22.62931193Z,89,GET /api/v1/scans,GET,200,11.744,True
2026-07-31T08:26:22.631466945Z,82,GET /api/v1/scans,GET,200,11.213,True
2026-07-31T08:26:22.631467784Z,83,POST /api/v1/scans,POST,409,38.74,False
2026-07-31T08:26:22.656287956Z,71,GET /api/v1/user/profile,GET,200,14.013,True
2026-07-31T08:26:22.659668251Z,84,GET /api/v1/user/profile,GET,200,8.943,True
2026-07-31T08:26:22.660122841Z,16,GET /api/v1/scans/{id},GET,200,8.309,True
2026-07-31T08:26:22.662270084Z,60,POST /api/v1/scans,POST,409,42.34,False
2026-07-31T08:26:22.674640682Z,59,GET /api/v1/user/profile,GET,200,8.991,True
2026-07-31T08:26:22.707423585Z,50,GET /api/v1/scans/{id},GET,200,26.325,True
2026-07-31T08:26:22.710272042Z,57,GET /api/v1/scans,GET,200,31.314,True
2026-07-31T08:26:22.712822863Z,88,GET /api/v1/scans/{id},GET,200,21.891,True
2026-07-31T08:26:22.721509639Z,96,GET /api/v1/scans/{id},GET,200,19.949,True
2026-07-31T08:26:22.72878835Z,23,POST /api/v1/scans,POST,409,64.296,False
2026-07-31T08:26:22.748782288Z,69,GET /api/v1/user/profile,GET,200,34.683,True
2026-07-31T08:26:22.758739527Z,63,GET /api/v1/scans,GET,200,42.326,True
2026-07-31T08:26:22.76236181Z,99,GET /api/v1/scans/{id},GET,200,40.785,True
2026-07-31T08:26:22.768593253Z,26,GET /api/v1/scans/{id},GET,200,36.524,True
2026-07-31T08:26:22.780177432Z,92,POST /api/v1/scans,POST,409,81.786,False
2026-07-31T08:26:22.788643308Z,47,GET /api/v1/scans,GET,200,18.73,True
2026-07-31T08:26:22.788700382Z,85,POST /api/v1/scans,POST,409,79.881,False
2026-07-31T08:26:22.797373104Z,77,POST /api/v1/scans,POST,409,62.937,False
2026-07-31T08:26:22.804400276Z,73,GET /api/v1/scans,GET,200,8.959,True
2026-07-31T08:26:22.834417651Z,7,POST /api/v1/scans,POST,409,42.259,False
2026-07-31T08:26:22.839063217Z,13,GET /api/v1/user/profile,GET,200,15.043,True
2026-07-31T08:26:22.84146749Z,61,GET /api/v1/scans/{id},GET,200,8.498,True
2026-07-31T08:26:22.844187361Z,93,GET /api/v1/scans/{id},GET,200,4.991,True
2026-07-31T08:26:22.845016855Z,53,POST /api/v1/scans,POST,409,36.291,False
2026-07-31T08:26:22.883168605Z,30,GET /api/v1/scans,GET,200,7.442,True
2026-07-31T08:26:22.88749685Z,37,GET /api/v1/user/profile,GET,200,4.242,True
2026-07-31T08:26:22.889527106Z,31,POST /api/v1/scans,POST,409,31.172,False
2026-07-31T08:26:22.897769777Z,91,GET /api/v1/user/profile,GET,200,4.01,True
2026-07-31T08:26:22.915857389Z,18,GET /api/v1/user/profile,GET,200,6.789,True
2026-07-31T08:26:22.936523632Z,48,GET /api/v1/user/profile,GET,200,8.309,True
2026-07-31T08:26:22.948825225Z,6,POST /api/v1/scans,POST,409,36.375,False
2026-07-31T08:26:22.967483161Z,8,GET /api/v1/scans/{id},GET,200,25.496,True
2026-07-31T08:26:23.044739487Z,95,GET /api/v1/scans/{id},GET,200,87.564,True
2026-07-31T08:26:23.136653365Z,56,GET /api/v1/user/profile,GET,200,165.558,True
2026-07-31T08:26:23.136720563Z,34,GET /api/v1/scans,GET,200,167.827,True
2026-07-31T08:26:23.143471365Z,94,GET /api/v1/scans/{id},GET,200,165.874,True
2026-07-31T08:26:23.179768986Z,55,GET /api/v1/scans,GET,200,192.526,True
2026-07-31T08:26:23.179834897Z,72,GET /api/v1/scans,GET,200,192.592,True
2026-07-31T08:26:23.179878189Z,15,POST /api/v1/scans,POST,409,243.21,False
2026-07-31T08:26:23.212644757Z,25,GET /api/v1/scans,GET,200,215.907,True
2026-07-31T08:26:23.22961863Z,1,POST /api/v1/scans,POST,409,290.764,False
2026-07-31T08:26:23.237174659Z,86,GET /api/v1/user/profile,GET,200,123.686,True
2026-07-31T08:26:23.237281827Z,29,GET /api/v1/user/profile,GET,200,172.919,True
2026-07-31T08:26:23.243836218Z,45,GET /api/v1/user/profile,GET,200,152.652,True
2026-07-31T08:26:23.243886077Z,66,GET /api/v1/user/profile,GET,200,149.899,True
2026-07-31T08:26:23.243931781Z,87,GET /api/v1/scans/{id},GET,200,164.922,True
2026-07-31T08:26:23.333873155Z,36,GET /api/v1/scans/{id},GET,200,239.904,True
2026-07-31T08:26:23.380000618Z,98,POST /api/v1/scans,POST,409,434.607,False
2026-07-31T08:26:23.380661766Z,74,GET /api/v1/user/profile,GET,200,222.096,True
2026-07-31T08:26:23.386493548Z,9,GET /api/v1/user/profile,GET,200,169.249,True
2026-07-31T08:26:23.419705486Z,89,GET /api/v1/scans,GET,200,201.08,True
2026-07-31T08:26:23.431618688Z,62,GET /api/v1/user/profile,GET,200,210.504,True
2026-07-31T08:26:23.735545957Z,70,GET /api/v1/user/profile,GET,200,475.744,True
2026-07-31T08:26:23.757709644Z,65,GET /api/v1/scans,GET,200,497.758,True
2026-07-31T08:26:23.860472274Z,40,GET /api/v1/scans,GET,200,625.22,True
2026-07-31T08:26:23.860586132Z,2,GET /api/v1/scans,GET,200,613.252,True
2026-07-31T08:26:23.919648795Z,24,GET /api/v1/scans,GET,200,562.144,True
2026-07-31T08:26:24.349913781Z,43,GET /api/v1/scans/{id},GET,200,943.012,True
2026-07-31T08:26:24.349923431Z,84,GET /api/v1/scans/{id},GET,200,933.207,True
2026-07-31T08:26:24.393388019Z,53,GET /api/v1/user/profile,GET,200,879.865,True
2026-07-31T08:26:24.402295905Z,63,GET /api/v1/user/profile,GET,200,964.038,True
2026-07-31T08:26:24.40241809Z,92,GET /api/v1/user/profile,GET,200,917.15,True
2026-07-31T08:26:24.431774745Z,67,GET /api/v1/user/profile,GET,200,1391.317,True
2026-07-31T08:26:24.438678645Z,7,GET /api/v1/scans,GET,200,553.612,True
2026-07-31T08:26:24.444376923Z,3,GET /api/v1/scans,GET,200,1443.438,True
2026-07-31T08:26:24.446669742Z,44,GET /api/v1/scans,GET,200,519.429,True
2026-07-31T08:26:24.452432198Z,4,GET /api/v1/user/profile,GET,200,1414.752,True
2026-07-31T08:26:24.470921046Z,99,GET /api/v1/scans,GET,200,718.972,True
2026-07-31T08:26:24.492123488Z,42,GET /api/v1/user/profile,GET,200,721.774,True
2026-07-31T08:26:24.525048771Z,64,GET /api/v1/user/profile,GET,200,1216.917,True
2026-07-31T08:26:24.525052114Z,72,GET /api/v1/user/profile,GET,200,735.796,True
2026-07-31T08:26:24.525357194Z,59,GET /api/v1/scans/{id},GET,200,742.398,True
2026-07-31T08:26:24.525365309Z,55,GET /api/v1/scans,GET,200,737.489,True
2026-07-31T08:26:24.525464415Z,5,POST /api/v1/scans,POST,409,1455.805,False
2026-07-31T08:26:24.557214851Z,96,GET /api/v1/user/profile,GET,200,1253.738,True
2026-07-31T08:26:24.559240044Z,11,GET /api/v1/scans/{id},GET,200,1352.597,True
2026-07-31T08:26:24.570562954Z,85,GET /api/v1/scans/{id},GET,200,745.274,True
2026-07-31T08:26:24.589927742Z,51,GET /api/v1/scans,GET,200,1388.798,True
2026-07-31T08:26:24.589946308Z,75,GET /api/v1/scans,GET,200,1394.068,True
2026-07-31T08:26:24.591972542Z,49,GET /api/v1/scans,GET,200,766.773,True
2026-07-31T08:26:24.59711329Z,100,GET /api/v1/user/profile,GET,200,1215.095,True
2026-07-31T08:26:24.59715529Z,97,GET /api/v1/user/profile,GET,200,738.394,True
2026-07-31T08:26:24.610025334Z,30,GET /api/v1/user/profile,GET,200,749.999,True
2026-07-31T08:26:24.610278592Z,14,GET /api/v1/scans/{id},GET,200,1283.307,True
2026-07-31T08:26:24.611965642Z,88,GET /api/v1/scans,GET,200,767.857,True
2026-07-31T08:26:24.62004397Z,50,GET /api/v1/scans/{id},GET,200,791.469,True
2026-07-31T08:26:24.643646518Z,73,GET /api/v1/user/profile,GET,200,706.924,True
2026-07-31T08:26:24.660828974Z,21,POST /api/v1/scans,POST,409,1514.802,False
2026-07-31T08:26:24.670171579Z,93,GET /api/v1/user/profile,GET,200,686.683,True
2026-07-31T08:26:24.670921441Z,57,GET /api/v1/scans/{id},GET,200,1352.461,True
2026-07-31T08:26:24.680544695Z,68,GET /api/v1/scans/{id},GET,200,673.877,True
2026-07-31T08:26:24.680547801Z,17,GET /api/v1/user/profile,GET,200,1041.232,True
2026-07-31T08:26:24.681168139Z,52,GET /api/v1/scans/{id},GET,200,1409.671,True
2026-07-31T08:26:24.689699815Z,39,GET /api/v1/user/profile,GET,200,1104.296,True
2026-07-31T08:26:24.690029841Z,27,GET /api/v1/user/profile,GET,200,1128.889,True
2026-07-31T08:26:24.690978806Z,16,GET /api/v1/scans/{id},GET,200,1319.499,True
2026-07-31T08:26:24.698458144Z,13,GET /api/v1/scans,GET,200,639.471,True
2026-07-31T08:26:24.69894873Z,79,GET /api/v1/scans,GET,200,957.839,True
2026-07-31T08:26:24.711727303Z,25,GET /api/v1/scans/{id},GET,200,594.687,True
2026-07-31T08:26:24.711795842Z,9,GET /api/v1/user/profile,GET,200,618.9,True
2026-07-31T08:26:24.712338006Z,46,GET /api/v1/scans,GET,200,1405.474,True
2026-07-31T08:26:24.712461682Z,58,GET /api/v1/scans,GET,200,1451.4,True
2026-07-31T08:26:24.712913403Z,34,GET /api/v1/user/profile,GET,200,561.795,True
2026-07-31T08:26:24.731725008Z,35,GET /api/v1/user/profile,GET,200,1351.742,True
2026-07-31T08:26:24.731868959Z,20,GET /api/v1/scans,GET,200,1346.373,True
2026-07-31T08:26:24.732101442Z,19,GET /api/v1/scans,GET,200,841.638,True
2026-07-31T08:26:24.732182833Z,77,GET /api/v1/scans/{id},GET,200,1362.201,True
2026-07-31T08:26:24.732231655Z,8,GET /api/v1/scans,GET,200,723.214,True
2026-07-31T08:26:24.774277054Z,48,GET /api/v1/scans/{id},GET,200,547.629,True
2026-07-31T08:26:24.774343038Z,23,GET /api/v1/scans/{id},GET,200,1070.584,True
2026-07-31T08:26:24.785007777Z,47,GET /api/v1/scans,GET,200,1254.943,True
2026-07-31T08:26:24.785546026Z,74,GET /api/v1/scans,GET,200,515.33,True
2026-07-31T08:26:24.78600008Z,95,GET /api/v1/scans,GET,200,1230.089,True
2026-07-31T08:26:24.786766353Z,22,GET /api/v1/scans,GET,200,1199.808,True
2026-07-31T08:26:24.818464807Z,82,GET /api/v1/scans,GET,200,1512.866,True
2026-07-31T08:26:24.819117272Z,78,GET /api/v1/scans,GET,200,1131.112,True
2026-07-31T08:26:24.831600555Z,56,GET /api/v1/scans/{id},GET,200,422.467,True
2026-07-31T08:26:24.836865148Z,98,GET /api/v1/scans/{id},GET,200,422.566,True
2026-07-31T08:26:24.836960217Z,36,GET /api/v1/scans/{id},GET,200,641.943,True
2026-07-31T08:26:24.837020409Z,81,GET /api/v1/scans,GET,200,1034.108,True
2026-07-31T08:26:24.837445966Z,31,GET /api/v1/user/profile,GET,200,1119.746,True
2026-07-31T08:26:24.851718927Z,32,POST /api/v1/scans,POST,409,1643.679,False
2026-07-31T08:26:24.851778756Z,41,POST /api/v1/scans,POST,409,1645.181,False
2026-07-31T08:26:24.858690239Z,87,GET /api/v1/scans,GET,200,392.0,True
2026-07-31T08:26:24.858810709Z,26,GET /api/v1/scans,GET,200,1110.305,True
2026-07-31T08:26:24.858912969Z,33,GET /api/v1/scans/{id},GET,200,1323.416,True
2026-07-31T08:26:24.858939861Z,38,GET /api/v1/scans,GET,200,1211.302,True
2026-07-31T08:26:24.86718416Z,40,GET /api/v1/user/profile,GET,200,175.511,True
2026-07-31T08:26:24.86719822Z,83,GET /api/v1/scans,GET,200,1171.891,True
2026-07-31T08:26:24.870330519Z,12,GET /api/v1/scans,GET,200,1275.902,True
2026-07-31T08:26:24.870468754Z,69,GET /api/v1/scans,GET,200,650.067,True
2026-07-31T08:26:24.870847824Z,62,GET /api/v1/user/profile,GET,200,411.433,True
2026-07-31T08:26:24.870936701Z,29,GET /api/v1/scans,GET,200,510.576,True
2026-07-31T08:26:24.877463358Z,65,GET /api/v1/scans/{id},GET,200,498.766,True
2026-07-31T08:26:24.883126117Z,54,GET /api/v1/scans,GET,200,1271.246,True
2026-07-31T08:26:24.883197518Z,6,GET /api/v1/scans,GET,200,1297.54,True
2026-07-31T08:26:24.883295166Z,10,GET /api/v1/scans/{id},GET,200,1234.433,True
2026-07-31T08:26:24.883334893Z,28,GET /api/v1/scans/{id},GET,200,1358.93,True
2026-07-31T08:26:24.886347609Z,37,GET /api/v1/scans,GET,200,1315.712,True
2026-07-31T08:26:24.886678542Z,61,GET /api/v1/scans,GET,200,559.419,True
2026-07-31T08:26:24.886774188Z,66,GET /api/v1/scans,GET,200,231.402,True
2026-07-31T08:26:24.89227692Z,24,GET /api/v1/scans/{id},GET,200,197.763,True
2026-07-31T08:26:24.895272476Z,76,POST /api/v1/scans,POST,409,1475.275,False
2026-07-31T08:26:24.895399868Z,60,POST /api/v1/scans,POST,409,1588.519,False
2026-07-31T08:26:24.895410538Z,90,GET /api/v1/scans,GET,200,1524.111,True
2026-07-31T08:26:24.897412484Z,91,POST /api/v1/scans,POST,409,621.843,False
2026-07-31T08:26:24.907468154Z,70,GET /api/v1/scans/{id},GET,200,107.136,True
2026-07-31T08:26:24.907561074Z,89,GET /api/v1/scans,GET,200,192.79,True
2026-07-31T08:26:24.919609973Z,71,GET /api/v1/scans,GET,200,1215.834,True
2026-07-31T08:26:24.921684183Z,1,GET /api/v1/scans,GET,200,204.418,True
2026-07-31T08:26:24.9230856Z,80,POST /api/v1/scans,POST,409,1445.44,False
2026-07-31T08:26:24.935227087Z,15,POST /api/v1/scans,POST,409,1124.946,False
2026-07-31T08:26:24.935290812Z,18,POST /api/v1/scans,POST,409,1091.582,False
2026-07-31T08:26:24.946523094Z,86,POST /api/v1/scans,POST,409,1122.703,False
2026-07-31T08:26:24.963871046Z,45,POST /api/v1/scans,POST,409,401.897,False
2026-07-31T08:26:24.971441741Z,94,POST /api/v1/scans,POST,409,339.937,False
2026-07-31T08:26:24.988242068Z,53,GET /api/v1/scans,GET,200,19.031,True
2026-07-31T08:26:24.996189872Z,84,POST /api/v1/scans,POST,409,73.018,False
2026-07-31T08:26:25.129959633Z,14,GET /api/v1/scans,GET,200,9.005,True
2026-07-31T08:26:25.167552673Z,59,GET /api/v1/user/profile,GET,200,10.01,True
2026-07-31T08:26:25.176010573Z,11,GET /api/v1/user/profile,GET,200,16.108,True
2026-07-31T08:26:25.184981285Z,2,GET /api/v1/scans,GET,200,18.638,True
2026-07-31T08:26:25.189077203Z,88,GET /api/v1/scans,GET,200,15.088,True
2026-07-31T08:26:25.189739426Z,44,GET /api/v1/scans,GET,200,9.374,True
2026-07-31T08:26:25.227983655Z,5,GET /api/v1/scans/{id},GET,200,8.486,True
2026-07-31T08:26:25.264772572Z,52,GET /api/v1/scans,GET,200,8.033,True
2026-07-31T08:26:25.267725447Z,75,POST /api/v1/scans,POST,409,57.554,False
2026-07-31T08:26:25.2897689Z,25,GET /api/v1/scans,GET,200,10.626,True
2026-07-31T08:26:25.29557152Z,13,GET /api/v1/scans,GET,200,8.688,True
2026-07-31T08:26:25.324305813Z,100,GET /api/v1/user/profile,GET,200,6.114,True
2026-07-31T08:26:25.362372101Z,36,GET /api/v1/scans/{id},GET,200,5.588,True
2026-07-31T08:26:25.411707894Z,57,GET /api/v1/scans,GET,200,12.385,True
2026-07-31T08:26:25.418552392Z,21,POST /api/v1/scans,POST,409,49.821,False
2026-07-31T08:26:25.461595164Z,48,GET /api/v1/user/profile,GET,200,14.925,True
2026-07-31T08:26:25.470519087Z,63,GET /api/v1/scans/{id},GET,200,12.434,True
2026-07-31T08:26:25.479227756Z,64,GET /api/v1/user/profile,GET,200,8.529,True
2026-07-31T08:26:25.480265065Z,49,POST /api/v1/scans,POST,409,54.228,False
2026-07-31T08:26:25.483373734Z,24,GET /api/v1/scans,GET,200,10.38,True
2026-07-31T08:26:25.503059816Z,54,GET /api/v1/scans,GET,200,8.152,True
2026-07-31T08:26:25.549778443Z,41,GET /api/v1/scans/{id},GET,200,42.308,True
2026-07-31T08:26:25.555552334Z,89,GET /api/v1/scans,GET,200,40.657,True
2026-07-31T08:26:25.556629241Z,33,GET /api/v1/scans,GET,200,48.898,True
2026-07-31T08:26:25.559505544Z,17,GET /api/v1/user/profile,GET,200,38.091,True
2026-07-31T08:26:25.560668049Z,93,GET /api/v1/scans,GET,200,32.754,True
2026-07-31T08:26:25.562247868Z,78,GET /api/v1/scans/{id},GET,200,30.846,True
2026-07-31T08:26:25.581237717Z,43,GET /api/v1/scans,GET,200,14.477,True
2026-07-31T08:26:25.599391999Z,42,GET /api/v1/user/profile,GET,200,4.949,True
2026-07-31T08:26:25.603744969Z,72,POST /api/v1/scans,POST,409,82.332,False
2026-07-31T08:26:25.638438516Z,82,GET /api/v1/scans,GET,200,22.134,True
2026-07-31T08:26:25.662708358Z,39,GET /api/v1/scans,GET,200,40.018,True
2026-07-31T08:26:25.673694723Z,85,GET /api/v1/scans,GET,200,35.057,True
2026-07-31T08:26:25.6745129Z,56,GET /api/v1/scans,GET,200,34.556,True
2026-07-31T08:26:25.675983567Z,19,GET /api/v1/scans/{id},GET,200,29.424,True
2026-07-31T08:26:25.681083272Z,34,GET /api/v1/scans,GET,200,20.325,True
2026-07-31T08:26:25.695878239Z,12,POST /api/v1/scans,POST,409,90.837,False
2026-07-31T08:26:25.769743506Z,99,GET /api/v1/scans,GET,200,82.847,True
2026-07-31T08:26:25.788343551Z,27,GET /api/v1/user/profile,GET,200,96.864,True
2026-07-31T08:26:25.865748223Z,53,GET /api/v1/scans/{id},GET,200,150.646,True
2026-07-31T08:26:25.865850421Z,8,GET /api/v1/user/profile,GET,200,150.773,True
2026-07-31T08:26:25.877412952Z,65,GET /api/v1/user/profile,GET,200,167.754,True
2026-07-31T08:26:25.892079896Z,67,GET /api/v1/scans,GET,200,188.853,True
2026-07-31T08:26:26.206599556Z,44,GET /api/v1/scans/{id},GET,200,413.83,True
2026-07-31T08:26:26.206627103Z,10,POST /api/v1/scans,POST,409,545.75,False
2026-07-31T08:26:26.249101075Z,23,GET /api/v1/scans/{id},GET,200,441.412,True
2026-07-31T08:26:26.472423286Z,51,GET /api/v1/scans,GET,200,653.508,True
2026-07-31T08:26:26.472612583Z,35,GET /api/v1/user/profile,GET,200,677.597,True
2026-07-31T08:26:26.473614588Z,59,GET /api/v1/scans/{id},GET,200,673.27,True
2026-07-31T08:26:26.727769397Z,26,GET /api/v1/scans,GET,200,757.451,True
2026-07-31T08:26:26.727993757Z,77,GET /api/v1/user/profile,GET,200,765.09,True
2026-07-31T08:26:26.967573125Z,70,GET /api/v1/scans,GET,200,962.973,True
2026-07-31T08:26:26.976525112Z,98,GET /api/v1/scans,GET,200,970.829,True
2026-07-31T08:26:27.008058778Z,38,POST /api/v1/scans,POST,409,1326.378,False
2026-07-31T08:26:27.029268559Z,50,POST /api/v1/scans,POST,409,1401.291,False
2026-07-31T08:26:27.035060012Z,40,GET /api/v1/scans,GET,200,801.985,True
2026-07-31T08:26:27.045746737Z,48,GET /api/v1/scans/{id},GET,200,377.396,True
2026-07-31T08:26:27.064160118Z,99,GET /api/v1/user/profile,GET,200,703.558,True
2026-07-31T08:26:27.090797463Z,54,GET /api/v1/scans,GET,200,499.275,True
2026-07-31T08:26:27.090866041Z,86,GET /api/v1/scans,GET,200,724.996,True
2026-07-31T08:26:27.116142791Z,2,GET /api/v1/scans,GET,200,733.347,True
2026-07-31T08:26:27.116202769Z,92,GET /api/v1/user/profile,GET,200,1351.739,True
2026-07-31T08:26:27.140615347Z,59,GET /api/v1/scans,GET,200,146.043,True
2026-07-31T08:26:27.165819755Z,28,GET /api/v1/scans/{id},GET,200,1424.456,True
2026-07-31T08:26:27.17488412Z,21,GET /api/v1/scans,GET,200,770.767,True
2026-07-31T08:26:27.199463957Z,80,GET /api/v1/user/profile,GET,200,803.739,True
2026-07-31T08:26:27.199470671Z,49,GET /api/v1/scans,GET,200,959.773,True
2026-07-31T08:26:27.209988002Z,9,GET /api/v1/scans/{id},GET,200,1380.746,True
2026-07-31T08:26:27.210127497Z,35,GET /api/v1/scans/{id},GET,200,143.441,True
2026-07-31T08:26:27.210163048Z,20,GET /api/v1/scans/{id},GET,200,1359.263,True
2026-07-31T08:26:27.210310299Z,4,GET /api/v1/scans/{id},GET,200,1285.267,True
2026-07-31T08:26:27.210385839Z,46,GET /api/v1/scans/{id},GET,200,1391.335,True
2026-07-31T08:26:27.210483807Z,81,GET /api/v1/user/profile,GET,200,1260.973,True
2026-07-31T08:26:27.245373086Z,51,GET /api/v1/user/profile,GET,200,132.795,True
2026-07-31T08:26:27.261507157Z,1,GET /api/v1/scans/{id},GET,200,1435.981,True
2026-07-31T08:26:27.274911044Z,3,GET /api/v1/scans,GET,200,1378.464,True
2026-07-31T08:26:27.275331319Z,47,GET /api/v1/scans/{id},GET,200,1362.862,True
2026-07-31T08:26:27.2753314Z,13,GET /api/v1/user/profile,GET,200,1115.761,True
2026-07-31T08:26:27.275524769Z,6,GET /api/v1/scans,GET,200,1396.659,True
2026-07-31T08:26:27.28672044Z,39,GET /api/v1/scans/{id},GET,200,771.381,True
2026-07-31T08:26:27.28696155Z,65,GET /api/v1/user/profile,GET,200,761.249,True
2026-07-31T08:26:27.309749442Z,52,GET /api/v1/scans,GET,200,1376.226,True
2026-07-31T08:26:27.309990251Z,5,GET /api/v1/user/profile,GET,200,1204.504,True
2026-07-31T08:26:27.309996652Z,55,GET /api/v1/scans,GET,200,1445.582,True
2026-07-31T08:26:27.310003112Z,69,GET /api/v1/scans,GET,200,1465.295,True
2026-07-31T08:26:27.310078513Z,79,GET /api/v1/scans,GET,200,1392.258,True
2026-07-31T08:26:27.325184845Z,62,GET /api/v1/user/profile,GET,200,1316.256,True
2026-07-31T08:26:27.325780715Z,67,GET /api/v1/user/profile,GET,200,867.049,True
2026-07-31T08:26:27.325914104Z,29,GET /api/v1/user/profile,GET,200,1344.028,True
2026-07-31T08:26:27.34846063Z,17,GET /api/v1/scans/{id},GET,200,1259.761,True
2026-07-31T08:26:27.348489858Z,58,GET /api/v1/scans,GET,200,1320.219,True
2026-07-31T08:26:27.372929143Z,60,GET /api/v1/user/profile,GET,200,1248.626,True
2026-07-31T08:26:27.373274667Z,91,POST /api/v1/scans,POST,409,1657.918,False
2026-07-31T08:26:27.373315532Z,85,GET /api/v1/scans,GET,200,838.94,True
2026-07-31T08:26:27.373567484Z,78,GET /api/v1/scans,GET,200,893.253,True
2026-07-31T08:26:27.392693116Z,22,GET /api/v1/scans,GET,200,1345.535,True
2026-07-31T08:26:27.410136527Z,36,GET /api/v1/scans,GET,200,1355.483,True
2026-07-31T08:26:27.410427326Z,14,GET /api/v1/scans/{id},GET,200,838.718,True
2026-07-31T08:26:27.410431157Z,8,GET /api/v1/scans/{id},GET,200,865.563,True
2026-07-31T08:26:27.433636315Z,75,GET /api/v1/scans,GET,200,838.363,True
2026-07-31T08:26:27.434323149Z,18,GET /api/v1/scans/{id},GET,200,1461.852,True
2026-07-31T08:26:27.434393305Z,34,GET /api/v1/user/profile,GET,200,840.474,True
2026-07-31T08:26:27.439520652Z,32,GET /api/v1/scans,GET,200,1170.359,True
2026-07-31T08:26:27.440069574Z,42,GET /api/v1/user/profile,GET,200,771.431,True
2026-07-31T08:26:27.44017578Z,90,GET /api/v1/user/profile,GET,200,1149.269,True
2026-07-31T08:26:27.440253877Z,41,GET /api/v1/scans,GET,200,817.224,True
2026-07-31T08:26:27.4577281Z,83,GET /api/v1/scans,GET,200,1327.978,True
2026-07-31T08:26:27.476875916Z,15,GET /api/v1/scans/{id},GET,200,1528.661,True
2026-07-31T08:26:27.476905236Z,93,GET /api/v1/scans/{id},GET,200,682.722,True
2026-07-31T08:26:27.47700411Z,25,GET /api/v1/scans/{id},GET,200,1176.219,True
2026-07-31T08:26:27.477008644Z,11,GET /api/v1/scans,GET,200,881.882,True
2026-07-31T08:26:27.477140965Z,84,GET /api/v1/scans,GET,200,1290.66,True
2026-07-31T08:26:27.523738014Z,53,GET /api/v1/scans/{id},GET,200,976.43,True
2026-07-31T08:26:27.523912134Z,16,GET /api/v1/scans,GET,200,1589.139,True
2026-07-31T08:26:27.532165234Z,72,GET /api/v1/scans,GET,200,748.863,True
2026-07-31T08:26:27.543727985Z,12,GET /api/v1/user/profile,GET,200,1153.333,True
2026-07-31T08:26:27.543850581Z,30,POST /api/v1/scans,POST,409,1665.125,False
2026-07-31T08:26:27.543866051Z,27,GET /api/v1/scans,GET,200,591.104,True
2026-07-31T08:26:27.543962516Z,94,GET /api/v1/scans,GET,200,1500.154,True
2026-07-31T08:26:27.543995435Z,88,GET /api/v1/scans,GET,200,1163.763,True
2026-07-31T08:26:27.557105585Z,76,GET /api/v1/scans,GET,200,1474.279,True
2026-07-31T08:26:27.557281999Z,74,GET /api/v1/scans,GET,200,1479.882,True
2026-07-31T08:26:27.557308063Z,96,POST /api/v1/scans,POST,409,1869.0,False
2026-07-31T08:26:27.557578238Z,68,GET /api/v1/scans,GET,200,1418.492,True
2026-07-31T08:26:27.561352618Z,64,GET /api/v1/scans/{id},GET,200,953.71,True
2026-07-31T08:26:27.57740709Z,43,GET /api/v1/scans,GET,200,883.015,True
2026-07-31T08:26:27.581864234Z,73,GET /api/v1/scans,GET,200,1485.709,True
2026-07-31T08:26:27.582173426Z,19,GET /api/v1/scans,GET,200,885.462,True
2026-07-31T08:26:27.605461338Z,61,POST /api/v1/scans,POST,409,1548.349,False
2026-07-31T08:26:27.60554936Z,45,GET /api/v1/scans,GET,200,1158.18,True
2026-07-31T08:26:27.624583216Z,24,POST /api/v1/scans,POST,409,879.759,False
2026-07-31T08:26:27.626919665Z,97,POST /api/v1/scans,POST,409,1885.923,False
2026-07-31T08:26:27.626976373Z,95,POST /api/v1/scans,POST,409,1576.51,False
2026-07-31T08:26:27.642087593Z,98,GET /api/v1/scans/{id},GET,200,154.923,True
2026-07-31T08:26:27.658755731Z,66,POST /api/v1/scans,POST,409,1762.116,False
2026-07-31T08:26:27.660153485Z,82,POST /api/v1/scans,POST,409,1316.182,False
2026-07-31T08:26:27.671922218Z,31,POST /api/v1/scans,POST,409,1761.798,False
2026-07-31T08:26:27.683794288Z,33,POST /api/v1/scans,POST,409,1390.317,False
2026-07-31T08:26:27.683891803Z,71,POST /api/v1/scans,POST,409,1299.655,False
2026-07-31T08:26:27.683891805Z,7,POST /api/v1/scans,POST,409,1883.305,False
2026-07-31T08:26:27.687951088Z,99,GET /api/v1/scans,GET,200,113.855,True
2026-07-31T08:26:27.689844857Z,100,POST /api/v1/scans,POST,409,1698.469,False
2026-07-31T08:26:27.690466609Z,89,POST /api/v1/scans,POST,409,1595.484,False
2026-07-31T08:26:27.703353673Z,87,POST /api/v1/scans,POST,409,1572.23,False
2026-07-31T08:26:27.707397526Z,37,POST /api/v1/scans,POST,409,1439.601,False
2026-07-31T08:26:27.707568233Z,63,POST /api/v1/scans,POST,409,953.57,False
2026-07-31T08:26:27.710524604Z,56,POST /api/v1/scans,POST,409,1412.924,False
2026-07-31T08:26:27.710726143Z,10,GET /api/v1/scans,GET,200,35.18,True
2026-07-31T08:26:27.712820873Z,44,POST /api/v1/scans,POST,409,896.11,False
2026-07-31T08:26:27.7149593Z,28,GET /api/v1/scans,GET,200,23.006,True
2026-07-31T08:26:27.715923203Z,21,GET /api/v1/scans,GET,200,21.608,True
2026-07-31T08:26:27.717242189Z,57,POST /api/v1/scans,POST,409,1600.322,False
2026-07-31T08:26:27.719881804Z,23,POST /api/v1/scans,POST,409,930.104,False
2026-07-31T08:26:27.737955096Z,77,GET /api/v1/user/profile,GET,200,5.585,True
2026-07-31T08:26:27.811574995Z,4,GET /api/v1/user/profile,GET,200,4.997,True
2026-07-31T08:26:27.894370796Z,48,GET /api/v1/scans,GET,200,8.021,True
2026-07-31T08:26:27.979431636Z,1,GET /api/v1/scans,GET,200,24.263,True
2026-07-31T08:26:27.980243158Z,91,GET /api/v1/scans,GET,200,23.572,True
2026-07-31T08:26:27.981176107Z,54,GET /api/v1/scans,GET,200,18.966,True
2026-07-31T08:26:27.981296283Z,51,GET /api/v1/scans,GET,200,18.934,True
2026-07-31T08:26:27.983617745Z,58,GET /api/v1/scans,GET,200,16.668,True
2026-07-31T08:26:27.996451161Z,2,GET /api/v1/user/profile,GET,200,5.193,True
2026-07-31T08:26:28.071864807Z,35,GET /api/v1/scans,GET,200,6.731,True
2026-07-31T08:26:28.081591581Z,12,GET /api/v1/user/profile,GET,200,5.037,True
2026-07-31T08:26:28.089079962Z,68,GET /api/v1/scans,GET,200,6.174,True
2026-07-31T08:26:28.106257295Z,39,GET /api/v1/user/profile,GET,200,5.555,True
2026-07-31T08:26:28.116541434Z,38,GET /api/v1/scans,GET,200,8.945,True
2026-07-31T08:26:28.124586382Z,73,GET /api/v1/scans/{id},GET,200,5.888,True
2026-07-31T08:26:28.137524052Z,88,GET /api/v1/user/profile,GET,200,7.404,True
2026-07-31T08:26:28.137893899Z,50,GET /api/v1/scans/{id},GET,200,7.753,True
2026-07-31T08:26:28.158037462Z,3,GET /api/v1/user/profile,GET,200,8.667,True
2026-07-31T08:26:28.158235149Z,86,GET /api/v1/scans/{id},GET,200,9.989,True
2026-07-31T08:26:28.16619535Z,9,GET /api/v1/scans,GET,200,6.656,True
2026-07-31T08:26:28.175114377Z,47,GET /api/v1/scans/{id},GET,200,6.355,True
2026-07-31T08:26:28.177505563Z,32,GET /api/v1/user/profile,GET,200,4.4,True
2026-07-31T08:26:28.191624823Z,95,GET /api/v1/scans,GET,200,5.77,True
2026-07-31T08:26:28.211227314Z,79,GET /api/v1/scans,GET,200,12.872,True
2026-07-31T08:26:28.245952629Z,17,GET /api/v1/scans/{id},GET,200,12.141,True
2026-07-31T08:26:28.247017478Z,55,GET /api/v1/user/profile,GET,200,7.817,True
2026-07-31T08:26:28.252744749Z,82,GET /api/v1/user/profile,GET,200,4.515,True
2026-07-31T08:26:28.25447214Z,59,POST /api/v1/scans,POST,409,58.544,False
2026-07-31T08:26:28.2565925Z,26,POST /api/v1/scans,POST,409,59.391,False
2026-07-31T08:26:28.261122343Z,61,GET /api/v1/scans/{id},GET,200,4.42,True
2026-07-31T08:26:28.272378483Z,21,GET /api/v1/scans,GET,200,5.929,True
2026-07-31T08:26:28.293666701Z,56,GET /api/v1/user/profile,GET,200,5.768,True
2026-07-31T08:26:28.294476766Z,36,GET /api/v1/user/profile,GET,200,4.264,True
2026-07-31T08:26:28.31181105Z,52,GET /api/v1/scans/{id},GET,200,8.032,True
2026-07-31T08:26:28.31497961Z,7,GET /api/v1/scans,GET,200,9.992,True
2026-07-31T08:26:28.317217007Z,5,GET /api/v1/scans,GET,200,6.902,True
2026-07-31T08:26:28.393820296Z,70,GET /api/v1/scans,GET,200,15.648,True
2026-07-31T08:26:28.397729006Z,18,GET /api/v1/user/profile,GET,200,12.186,True
2026-07-31T08:26:28.398780628Z,72,GET /api/v1/scans,GET,200,13.243,True
2026-07-31T08:26:28.400177052Z,30,POST /api/v1/scans,POST,409,37.23,False
2026-07-31T08:26:28.410655538Z,40,GET /api/v1/scans/{id},GET,200,10.524,True
2026-07-31T08:26:28.424259665Z,46,GET /api/v1/scans,GET,200,10.233,True
2026-07-31T08:26:28.430050698Z,92,POST /api/v1/scans,POST,409,38.011,False
2026-07-31T08:26:28.490117408Z,20,GET /api/v1/scans,GET,200,33.257,True
2026-07-31T08:26:28.490246061Z,43,GET /api/v1/scans/{id},GET,200,31.949,True
2026-07-31T08:26:28.490283796Z,8,GET /api/v1/scans,GET,200,33.43,True
2026-07-31T08:26:28.491903502Z,15,GET /api/v1/scans,GET,200,34.936,True
2026-07-31T08:26:28.499540165Z,83,GET /api/v1/scans,GET,200,32.884,True
2026-07-31T08:26:28.501263714Z,44,GET /api/v1/scans/{id},GET,200,13.518,True
2026-07-31T08:26:28.505982465Z,65,GET /api/v1/scans/{id},GET,200,10.539,True
2026-07-31T08:26:28.507367364Z,22,POST /api/v1/scans,POST,409,56.804,False
2026-07-31T08:26:28.512963555Z,6,GET /api/v1/scans/{id},GET,200,16.29,True
2026-07-31T08:26:28.516593356Z,16,GET /api/v1/user/profile,GET,200,10.363,True
2026-07-31T08:26:28.535870079Z,71,POST /api/v1/scans,POST,409,69.22,False
2026-07-31T08:26:28.567797387Z,64,GET /api/v1/scans,GET,200,18.305,True
2026-07-31T08:26:28.56790742Z,69,GET /api/v1/scans,GET,200,20.677,True
2026-07-31T08:26:28.569733071Z,78,GET /api/v1/user/profile,GET,200,10.148,True
2026-07-31T08:26:28.580162877Z,93,POST /api/v1/scans,POST,409,55.244,False
2026-07-31T08:26:28.586738037Z,99,GET /api/v1/scans,GET,200,10.53,True
2026-07-31T08:26:28.591050889Z,42,POST /api/v1/scans,POST,409,41.533,False
2026-07-31T08:26:28.602515023Z,13,GET /api/v1/scans,GET,200,6.841,True
2026-07-31T08:26:28.6189005Z,49,GET /api/v1/user/profile,GET,200,3.864,True
2026-07-31T08:26:28.628632724Z,11,GET /api/v1/user/profile,GET,200,7.438,True
2026-07-31T08:26:28.649714075Z,2,GET /api/v1/scans,GET,200,15.459,True
2026-07-31T08:26:28.656337577Z,97,GET /api/v1/scans,GET,200,6.95,True
2026-07-31T08:26:28.660258643Z,81,POST /api/v1/scans,POST,409,39.002,False
2026-07-31T08:26:28.661743341Z,29,GET /api/v1/scans,GET,200,8.312,True
2026-07-31T08:26:28.662720256Z,67,GET /api/v1/scans/{id},GET,200,6.338,True
2026-07-31T08:26:28.670952342Z,85,GET /api/v1/scans,GET,200,4.981,True
2026-07-31T08:26:28.692620862Z,60,GET /api/v1/scans,GET,200,6.591,True
2026-07-31T08:26:28.695092398Z,80,GET /api/v1/user/profile,GET,200,3.885,True
2026-07-31T08:26:28.708490536Z,12,GET /api/v1/scans/{id},GET,200,8.182,True
2026-07-31T08:26:28.710748928Z,62,GET /api/v1/scans/{id},GET,200,9.28,True
2026-07-31T08:26:28.748412564Z,87,GET /api/v1/user/profile,GET,200,27.216,True
2026-07-31T08:26:28.764760235Z,45,GET /api/v1/user/profile,GET,200,14.128,True
2026-07-31T08:26:28.766766457Z,1,POST /api/v1/scans,POST,409,59.897,False
2026-07-31T08:26:28.766766948Z,86,GET /api/v1/scans,GET,200,16.114,True
2026-07-31T08:26:28.76832496Z,41,GET /api/v1/scans/{id},GET,200,6.282,True
2026-07-31T08:26:28.769039998Z,94,POST /api/v1/scans,POST,409,54.906,False
2026-07-31T08:26:28.789693561Z,57,GET /api/v1/user/profile,GET,200,4.229,True
2026-07-31T08:26:28.804285104Z,26,GET /api/v1/scans,GET,200,5.346,True
2026-07-31T08:26:28.8140597Z,51,GET /api/v1/user/profile,GET,200,5.476,True
2026-07-31T08:26:28.814890613Z,63,GET /api/v1/user/profile,GET,200,5.065,True
2026-07-31T08:26:28.84526951Z,19,GET /api/v1/scans,GET,200,9.512,True
2026-07-31T08:26:28.845403573Z,23,GET /api/v1/scans,GET,200,8.216,True
2026-07-31T08:26:28.856590633Z,53,GET /api/v1/scans,GET,200,4.677,True
2026-07-31T08:26:28.872864773Z,75,GET /api/v1/scans/{id},GET,200,13.617,True
2026-07-31T08:26:28.878830015Z,90,GET /api/v1/user/profile,GET,200,18.309,True
2026-07-31T08:26:28.883117074Z,84,GET /api/v1/scans/{id},GET,200,21.364,True
2026-07-31T08:26:28.915712126Z,14,GET /api/v1/user/profile,GET,200,40.074,True
2026-07-31T08:26:28.921419708Z,98,GET /api/v1/scans,GET,200,45.916,True
2026-07-31T08:26:28.925432611Z,25,GET /api/v1/scans/{id},GET,200,41.053,True
2026-07-31T08:26:28.951680507Z,73,GET /api/v1/scans,GET,200,68.415,True
2026-07-31T08:26:28.951751068Z,74,GET /api/v1/user/profile,GET,200,65.033,True
2026-07-31T08:26:28.951827231Z,82,GET /api/v1/user/profile,GET,200,60.082,True
2026-07-31T08:26:28.966814627Z,32,POST /api/v1/scans,POST,409,109.953,False
2026-07-31T08:26:28.978140925Z,58,GET /api/v1/scans/{id},GET,200,63.148,True
2026-07-31T08:26:28.988407192Z,34,GET /api/v1/scans/{id},GET,200,64.535,True
2026-07-31T08:26:28.99412874Z,89,GET /api/v1/scans,GET,200,62.273,True
2026-07-31T08:26:29.009465223Z,55,GET /api/v1/scans/{id},GET,200,17.744,True
2026-07-31T08:26:29.009823778Z,39,POST /api/v1/scans,POST,409,150.717,False
2026-07-31T08:26:29.010621851Z,27,POST /api/v1/scans,POST,409,120.092,False
2026-07-31T08:26:29.012134248Z,66,POST /api/v1/scans,POST,409,122.879,False
2026-07-31T08:26:29.019144536Z,96,GET /api/v1/scans/{id},GET,200,6.912,True
2026-07-31T08:26:29.019186488Z,47,POST /api/v1/scans,POST,409,100.998,False
2026-07-31T08:26:29.057063327Z,76,GET /api/v1/scans,GET,200,14.244,True
2026-07-31T08:26:29.063845628Z,31,GET /api/v1/user/profile,GET,200,6.538,True
2026-07-31T08:26:29.072152841Z,100,POST /api/v1/scans,POST,409,180.244,False
2026-07-31T08:26:29.078481133Z,56,GET /api/v1/scans,GET,200,6.586,True
2026-07-31T08:26:29.085602495Z,28,POST /api/v1/scans,POST,409,35.442,False
2026-07-31T08:26:29.092932042Z,20,GET /api/v1/scans,GET,200,7.929,True
2026-07-31T08:26:29.094677846Z,33,GET /api/v1/scans/{id},GET,200,4.759,True
2026-07-31T08:26:29.107105189Z,37,GET /api/v1/user/profile,GET,200,5.92,True
2026-07-31T08:26:29.107471618Z,10,GET /api/v1/scans,GET,200,7.521,True
2026-07-31T08:26:29.114680203Z,42,GET /api/v1/user/profile,GET,200,4.935,True
2026-07-31T08:26:29.115047702Z,79,GET /api/v1/user/profile,GET,200,5.227,True
2026-07-31T08:26:29.122095993Z,24,GET /api/v1/user/profile,GET,200,3.751,True
2026-07-31T08:26:29.129664667Z,6,GET /api/v1/user/profile,GET,200,4.14,True
2026-07-31T08:26:29.144365583Z,40,GET /api/v1/scans,GET,200,5.201,True
2026-07-31T08:26:29.168510965Z,71,GET /api/v1/scans,GET,200,17.3,True
2026-07-31T08:26:29.168650255Z,77,GET /api/v1/scans,GET,200,17.348,True
2026-07-31T08:26:29.178891333Z,48,GET /api/v1/scans,GET,200,6.018,True
2026-07-31T08:26:29.18616477Z,50,POST /api/v1/scans,POST,409,39.266,False
2026-07-31T08:26:29.217710028Z,62,GET /api/v1/scans,GET,200,5.233,True
2026-07-31T08:26:29.288821732Z,78,GET /api/v1/user/profile,GET,200,58.219,True
2026-07-31T08:26:29.288932704Z,7,GET /api/v1/scans,GET,200,64.754,True
2026-07-31T08:26:29.28964274Z,97,GET /api/v1/scans,GET,200,57.823,True
2026-07-31T08:26:29.334039553Z,30,POST /api/v1/scans,POST,409,115.174,False
2026-07-31T08:26:29.335607206Z,3,GET /api/v1/scans/{id},GET,200,42.29,True
2026-07-31T08:26:29.36707099Z,4,GET /api/v1/scans,GET,200,65.266,True
2026-07-31T08:26:29.372065233Z,67,GET /api/v1/scans,GET,200,54.614,True
2026-07-31T08:26:29.374670756Z,63,GET /api/v1/scans,GET,200,55.003,True
2026-07-31T08:26:29.38179406Z,52,POST /api/v1/scans,POST,409,112.477,False
2026-07-31T08:26:29.38616195Z,64,GET /api/v1/scans,GET,200,56.075,True
2026-07-31T08:26:29.386245655Z,68,GET /api/v1/scans,GET,200,49.371,True
2026-07-31T08:26:29.386245773Z,22,GET /api/v1/scans,GET,200,47.971,True
2026-07-31T08:26:29.389202155Z,43,POST /api/v1/scans,POST,409,128.501,False
2026-07-31T08:26:29.397933731Z,59,GET /api/v1/scans,GET,200,33.009,True
2026-07-31T08:26:29.407191488Z,91,GET /api/v1/scans,GET,200,27.952,True
2026-07-31T08:26:29.420208129Z,61,POST /api/v1/scans,POST,409,74.707,False
2026-07-31T08:26:29.446313361Z,12,GET /api/v1/scans,GET,200,27.26,True
2026-07-31T08:26:29.449929651Z,54,GET /api/v1/scans,GET,200,27.411,True
2026-07-31T08:26:29.449974201Z,95,GET /api/v1/scans,GET,200,25.046,True
2026-07-31T08:26:29.451863362Z,9,GET /api/v1/scans/{id},GET,200,11.291,True
2026-07-31T08:26:29.460704148Z,21,POST /api/v1/scans,POST,409,48.98,False
2026-07-31T08:26:29.472476606Z,19,GET /api/v1/scans,GET,200,17.322,True
2026-07-31T08:26:29.484961559Z,5,POST /api/v1/scans,POST,409,49.687,False
2026-07-31T08:26:29.493230649Z,35,GET /api/v1/scans,GET,200,15.357,True
2026-07-31T08:26:29.501622354Z,32,POST /api/v1/scans,POST,409,32.403,False
2026-07-31T08:26:29.506819408Z,88,GET /api/v1/scans,GET,200,10.238,True
2026-07-31T08:26:29.523345206Z,18,GET /api/v1/user/profile,GET,200,13.184,True
2026-07-31T08:26:29.530731715Z,16,POST /api/v1/scans,POST,409,30.906,False
2026-07-31T08:26:29.563286569Z,86,GET /api/v1/scans/{id},GET,200,12.056,True
2026-07-31T08:26:29.563976599Z,49,GET /api/v1/scans,GET,200,12.747,True
2026-07-31T08:26:29.608345463Z,17,GET /api/v1/scans,GET,200,26.011,True
2026-07-31T08:26:29.608381357Z,11,GET /api/v1/scans/{id},GET,200,26.036,True
2026-07-31T08:26:29.608764492Z,55,GET /api/v1/scans/{id},GET,200,21.961,True
2026-07-31T08:26:29.610217162Z,38,POST /api/v1/scans,POST,409,57.753,False
2026-07-31T08:26:29.613719309Z,81,POST /api/v1/scans,POST,409,49.306,False
2026-07-31T08:26:29.646995536Z,51,GET /api/v1/scans/{id},GET,200,12.537,True
2026-07-31T08:26:29.657482097Z,44,GET /api/v1/scans,GET,200,16.906,True
2026-07-31T08:26:29.666599446Z,28,GET /api/v1/scans,GET,200,9.098,True
2026-07-31T08:26:29.670762431Z,66,GET /api/v1/scans,GET,200,10.776,True
2026-07-31T08:26:29.671591158Z,8,GET /api/v1/scans,GET,200,8.284,True
2026-07-31T08:26:29.684870551Z,74,GET /api/v1/user/profile,GET,200,8.781,True
2026-07-31T08:26:29.684944031Z,36,GET /api/v1/scans/{id},GET,200,8.826,True
2026-07-31T08:26:29.686580709Z,99,GET /api/v1/user/profile,GET,200,8.011,True
2026-07-31T08:26:29.686594903Z,72,POST /api/v1/scans,POST,409,56.344,False
2026-07-31T08:26:29.745475327Z,92,GET /api/v1/scans,GET,200,16.26,True
2026-07-31T08:26:29.746478562Z,33,GET /api/v1/scans,GET,200,13.021,True
2026-07-31T08:26:29.757073306Z,69,POST /api/v1/scans,POST,409,38.94,False
2026-07-31T08:26:29.76808062Z,23,GET /api/v1/scans,GET,200,5.706,True
2026-07-31T08:26:29.782379532Z,25,GET /api/v1/user/profile,GET,200,6.047,True
2026-07-31T08:26:29.782780679Z,45,GET /api/v1/user/profile,GET,200,5.276,True
2026-07-31T08:26:29.788583686Z,47,GET /api/v1/user/profile,GET,200,3.491,True
2026-07-31T08:26:29.795353486Z,96,GET /api/v1/scans/{id},GET,200,3.526,True
2026-07-31T08:26:29.806645083Z,53,GET /api/v1/scans/{id},GET,200,3.965,True
2026-07-31T08:26:29.818751441Z,60,GET /api/v1/user/profile,GET,200,6.582,True
2026-07-31T08:26:29.835525609Z,39,GET /api/v1/user/profile,GET,200,6.321,True
2026-07-31T08:26:29.847236436Z,48,POST /api/v1/scans,POST,409,36.258,False
2026-07-31T08:26:29.859426822Z,79,GET /api/v1/user/profile,GET,200,8.765,True
2026-07-31T08:26:29.866941703Z,26,GET /api/v1/scans,GET,200,13.478,True
2026-07-31T08:26:29.868401268Z,76,GET /api/v1/scans/{id},GET,200,10.481,True
2026-07-31T08:26:29.869268787Z,85,GET /api/v1/scans/{id},GET,200,11.227,True
2026-07-31T08:26:29.890049979Z,80,GET /api/v1/user/profile,GET,200,16.208,True
2026-07-31T08:26:29.890232678Z,70,GET /api/v1/user/profile,GET,200,16.433,True
2026-07-31T08:26:29.890856373Z,15,GET /api/v1/scans,GET,200,14.503,True
2026-07-31T08:26:29.89397128Z,73,POST /api/v1/scans,POST,409,41.876,False
2026-07-31T08:26:29.928498176Z,46,GET /api/v1/scans/{id},GET,200,4.15,True
2026-07-31T08:26:29.947952663Z,83,GET /api/v1/scans/{id},GET,200,3.86,True
2026-07-31T08:26:29.961821971Z,97,GET /api/v1/user/profile,GET,200,3.601,True
2026-07-31T08:26:29.966560823Z,75,GET /api/v1/scans/{id},GET,200,3.474,True
2026-07-31T08:26:29.976704358Z,14,GET /api/v1/scans,GET,200,5.912,True
2026-07-31T08:26:29.978915748Z,6,GET /api/v1/scans/{id},GET,200,3.808,True
2026-07-31T08:26:29.987238683Z,87,GET /api/v1/scans,GET,200,5.077,True
2026-07-31T08:26:29.996331824Z,65,GET /api/v1/scans,GET,200,5.595,True
2026-07-31T08:26:30.004227679Z,93,GET /api/v1/user/profile,GET,200,3.655,True
2026-07-31T08:26:30.047999243Z,41,GET /api/v1/user/profile,GET,200,27.437,True
2026-07-31T08:26:30.048462346Z,64,GET /api/v1/scans,GET,200,29.344,True
2026-07-31T08:26:30.049917681Z,71,GET /api/v1/scans,GET,200,26.062,True
2026-07-31T08:26:30.050524496Z,29,GET /api/v1/scans,GET,200,30.018,True
2026-07-31T08:26:30.052025828Z,84,GET /api/v1/scans,GET,200,23.66,True
2026-07-31T08:26:30.053905574Z,13,GET /api/v1/scans,GET,200,16.809,True
2026-07-31T08:26:30.054669116Z,20,GET /api/v1/user/profile,GET,200,4.826,True
2026-07-31T08:26:30.056149655Z,82,POST /api/v1/scans,POST,409,44.575,False
2026-07-31T08:26:30.065933174Z,56,GET /api/v1/user/profile,GET,200,3.333,True
2026-07-31T08:26:30.080274516Z,2,GET /api/v1/scans,GET,200,5.091,True
2026-07-31T08:26:30.086472688Z,57,GET /api/v1/scans/{id},GET,200,3.842,True
2026-07-31T08:26:30.138151737Z,18,GET /api/v1/scans,GET,200,11.087,True
2026-07-31T08:26:30.15393911Z,17,POST /api/v1/scans,POST,409,31.171,False
2026-07-31T08:26:30.154261495Z,67,GET /api/v1/scans,GET,200,5.644,True
2026-07-31T08:26:30.19492822Z,42,GET /api/v1/scans,GET,200,19.827,True
2026-07-31T08:26:30.205289931Z,90,POST /api/v1/scans,POST,409,49.531,False
2026-07-31T08:26:30.23421151Z,81,GET /api/v1/user/profile,GET,200,18.293,True
2026-07-31T08:26:30.234838103Z,94,POST /api/v1/scans,POST,409,57.359,False
2026-07-31T08:26:30.243794721Z,1,POST /api/v1/scans,POST,409,54.706,False
2026-07-31T08:26:30.260550157Z,27,GET /api/v1/scans,GET,200,24.242,True
2026-07-31T08:26:30.263539492Z,10,GET /api/v1/user/profile,GET,200,17.367,True
2026-07-31T08:26:30.270544118Z,51,GET /api/v1/user/profile,GET,200,7.235,True
2026-07-31T08:26:30.270626249Z,9,GET /api/v1/scans,GET,200,9.937,True
2026-07-31T08:26:30.272695766Z,31,POST /api/v1/scans,POST,409,47.56,False
2026-07-31T08:26:30.284965318Z,58,GET /api/v1/scans,GET,200,5.98,True
2026-07-31T08:26:30.291590778Z,40,GET /api/v1/user/profile,GET,200,4.371,True
2026-07-31T08:26:30.297879475Z,100,GET /api/v1/user/profile,GET,200,3.982,True
2026-07-31T08:26:30.309483932Z,5,GET /api/v1/user/profile,GET,200,7.28,True
2026-07-31T08:26:30.309569423Z,92,GET /api/v1/scans/{id},GET,200,7.133,True
2026-07-31T08:26:30.319092791Z,61,GET /api/v1/user/profile,GET,200,5.219,True
2026-07-31T08:26:30.333515285Z,28,GET /api/v1/scans/{id},GET,200,5.099,True
2026-07-31T08:26:30.342766225Z,98,GET /api/v1/scans/{id},GET,200,4.908,True
2026-07-31T08:26:30.3467537Z,34,GET /api/v1/user/profile,GET,200,4.732,True
2026-07-31T08:26:30.363274052Z,37,GET /api/v1/scans/{id},GET,200,5.249,True
2026-07-31T08:26:30.422491839Z,23,GET /api/v1/scans,GET,200,6.577,True
2026-07-31T08:26:30.436180511Z,77,GET /api/v1/scans,GET,200,8.337,True
2026-07-31T08:26:30.439650695Z,79,GET /api/v1/scans/{id},GET,200,7.376,True
2026-07-31T08:26:30.443993924Z,89,GET /api/v1/user/profile,GET,200,7.674,True
2026-07-31T08:26:30.44486561Z,50,GET /api/v1/user/profile,GET,200,6.146,True
2026-07-31T08:26:30.450252082Z,3,GET /api/v1/user/profile,GET,200,4.193,True
2026-07-31T08:26:30.467521116Z,16,GET /api/v1/scans,GET,200,8.734,True
2026-07-31T08:26:30.471594621Z,8,GET /api/v1/scans,GET,200,8.447,True
2026-07-31T08:26:30.475982781Z,62,GET /api/v1/scans,GET,200,6.161,True
2026-07-31T08:26:30.516885292Z,96,GET /api/v1/user/profile,GET,200,23.044,True
2026-07-31T08:26:30.551058461Z,63,POST /api/v1/scans,POST,409,67.64,False
2026-07-31T08:26:30.559732355Z,78,GET /api/v1/scans/{id},GET,200,29.46,True
2026-07-31T08:26:30.564315683Z,35,GET /api/v1/user/profile,GET,200,30.884,True
2026-07-31T08:26:30.56552332Z,49,GET /api/v1/scans,GET,200,30.924,True
2026-07-31T08:26:30.56840606Z,33,GET /api/v1/scans/{id},GET,200,15.947,True
2026-07-31T08:26:30.56841527Z,12,POST /api/v1/scans,POST,409,72.198,False
2026-07-31T08:26:30.568970289Z,24,GET /api/v1/scans,GET,200,18.185,True
2026-07-31T08:26:30.578555654Z,86,GET /api/v1/scans,GET,200,13.144,True
2026-07-31T08:26:30.580622669Z,11,GET /api/v1/user/profile,GET,200,6.688,True
2026-07-31T08:26:30.586835292Z,21,GET /api/v1/scans/{id},GET,200,5.018,True
2026-07-31T08:26:30.620662373Z,76,GET /api/v1/scans,GET,200,7.631,True
2026-07-31T08:26:30.633278391Z,56,GET /api/v1/user/profile,GET,200,5.399,True
2026-07-31T08:26:30.640631106Z,48,GET /api/v1/scans,GET,200,6.124,True
2026-07-31T08:26:30.702015103Z,55,GET /api/v1/user/profile,GET,200,48.123,True
2026-07-31T08:26:30.741254674Z,53,GET /api/v1/scans,GET,200,79.253,True
2026-07-31T08:26:30.751861517Z,75,GET /api/v1/scans,GET,200,83.659,True
2026-07-31T08:26:30.762853736Z,47,GET /api/v1/scans,GET,200,91.249,True
2026-07-31T08:26:30.762856692Z,66,GET /api/v1/scans,GET,200,90.011,True
2026-07-31T08:26:30.762885751Z,72,GET /api/v1/scans,GET,200,77.048,True
2026-07-31T08:26:30.893370812Z,59,GET /api/v1/scans,GET,200,207.533,True
2026-07-31T08:26:30.926580041Z,46,GET /api/v1/scans,GET,200,225.272,True
2026-07-31T08:26:30.959677123Z,54,POST /api/v1/scans,POST,409,314.758,False
2026-07-31T08:26:30.973076629Z,22,POST /api/v1/scans,POST,409,325.783,False
2026-07-31T08:26:31.207367635Z,25,GET /api/v1/user/profile,GET,200,385.774,True
2026-07-31T08:26:31.207478882Z,91,GET /api/v1/scans,GET,200,450.715,True
2026-07-31T08:26:31.20804736Z,95,GET /api/v1/scans/{id},GET,200,457.604,True
2026-07-31T08:26:31.299501665Z,30,GET /api/v1/scans,GET,200,510.786,True
2026-07-31T08:26:31.300975494Z,7,GET /api/v1/scans/{id},GET,200,549.453,True
2026-07-31T08:26:31.301270674Z,45,GET /api/v1/user/profile,GET,200,506.18,True
2026-07-31T08:26:31.32940952Z,19,GET /api/v1/user/profile,GET,200,534.247,True
2026-07-31T08:26:31.329510489Z,84,GET /api/v1/user/profile,GET,200,543.997,True
2026-07-31T08:26:31.477265309Z,20,GET /api/v1/user/profile,GET,200,535.969,True
2026-07-31T08:26:31.477274503Z,15,GET /api/v1/scans/{id},GET,200,524.306,True
2026-07-31T08:26:31.47802237Z,74,GET /api/v1/scans,GET,200,531.295,True
2026-07-31T08:26:31.47811501Z,29,GET /api/v1/scans,GET,200,582.343,True
2026-07-31T08:26:31.837438622Z,3,GET /api/v1/user/profile,GET,200,745.467,True
2026-07-31T08:26:31.927442628Z,41,GET /api/v1/user/profile,GET,200,928.425,True
2026-07-31T08:26:31.979233231Z,16,GET /api/v1/user/profile,GET,200,909.267,True
2026-07-31T08:26:31.979335593Z,42,GET /api/v1/user/profile,GET,200,964.59,True
2026-07-31T08:26:31.979366957Z,58,GET /api/v1/user/profile,GET,200,723.71,True
2026-07-31T08:26:31.979368786Z,35,GET /api/v1/user/profile,GET,200,715.308,True
2026-07-31T08:26:31.984013771Z,33,GET /api/v1/scans,GET,200,742.08,True
2026-07-31T08:26:31.993186769Z,90,GET /api/v1/scans,GET,200,727.734,True
2026-07-31T08:26:32.011980578Z,13,GET /api/v1/user/profile,GET,200,614.457,True
2026-07-31T08:26:32.04147061Z,81,GET /api/v1/scans,GET,200,556.782,True
2026-07-31T08:26:32.054884309Z,93,GET /api/v1/scans,GET,200,632.167,True
2026-07-31T08:26:32.054960072Z,2,GET /api/v1/scans,GET,200,652.771,True
2026-07-31T08:26:32.055575447Z,17,GET /api/v1/user/profile,GET,200,653.546,True
2026-07-31T08:26:32.070012134Z,52,GET /api/v1/user/profile,GET,200,1353.282,True
2026-07-31T08:26:32.087038316Z,72,GET /api/v1/scans,GET,200,401.51,True
2026-07-31T08:26:32.098826913Z,57,POST /api/v1/scans,POST,409,1445.169,False
2026-07-31T08:26:32.125432991Z,10,GET /api/v1/scans/{id},GET,200,625.576,True
2026-07-31T08:26:32.144713478Z,78,GET /api/v1/user/profile,GET,200,711.822,True
2026-07-31T08:26:32.170975115Z,53,GET /api/v1/user/profile,GET,200,557.306,True
2026-07-31T08:26:32.171452286Z,21,GET /api/v1/scans,GET,200,647.973,True
2026-07-31T08:26:32.17220239Z,62,GET /api/v1/user/profile,GET,200,736.882,True
2026-07-31T08:26:32.172741565Z,99,GET /api/v1/user/profile,GET,200,1459.201,True
2026-07-31T08:26:32.173070332Z,88,GET /api/v1/user/profile,GET,200,1448.855,True
2026-07-31T08:26:32.187952889Z,48,GET /api/v1/scans,GET,200,608.309,True
2026-07-31T08:26:32.213750813Z,12,GET /api/v1/scans/{id},GET,200,179.714,True
2026-07-31T08:26:32.222820113Z,75,GET /api/v1/scans/{id},GET,200,646.492,True
2026-07-31T08:26:32.24623613Z,80,GET /api/v1/scans/{id},GET,200,1410.873,True
2026-07-31T08:26:32.246295097Z,34,GET /api/v1/scans,GET,200,1363.345,True
2026-07-31T08:26:32.25949168Z,1,GET /api/v1/scans,GET,200,611.66,True
2026-07-31T08:26:32.274550343Z,95,GET /api/v1/scans/{id},GET,200,179.649,True
2026-07-31T08:26:32.291896414Z,47,GET /api/v1/user/profile,GET,200,620.888,True
2026-07-31T08:26:32.292023557Z,23,GET /api/v1/scans/{id},GET,200,1356.079,True
2026-07-31T08:26:32.292695224Z,37,GET /api/v1/scans,GET,200,624.078,True
2026-07-31T08:26:32.30764696Z,9,GET /api/v1/scans/{id},GET,200,561.535,True
2026-07-31T08:26:32.327099075Z,39,GET /api/v1/scans,GET,200,1418.898,True
2026-07-31T08:26:32.327516907Z,82,GET /api/v1/user/profile,GET,200,1410.917,True
2026-07-31T08:26:32.327801928Z,79,GET /api/v1/user/profile,GET,200,665.481,True
2026-07-31T08:26:32.345082024Z,86,GET /api/v1/scans/{id},GET,200,1063.243,True
2026-07-31T08:26:32.345282402Z,28,GET /api/v1/scans/{id},GET,200,597.874,True
2026-07-31T08:26:32.355441207Z,32,GET /api/v1/scans,GET,200,1523.731,True
2026-07-31T08:26:32.355919314Z,19,GET /api/v1/scans/{id},GET,200,507.569,True
2026-07-31T08:26:32.356120182Z,27,GET /api/v1/scans/{id},GET,200,1219.408,True
2026-07-31T08:26:32.356283155Z,67,GET /api/v1/scans/{id},GET,200,1427.017,True
2026-07-31T08:26:32.372177874Z,36,GET /api/v1/scans,GET,200,1192.651,True
2026-07-31T08:26:32.372415347Z,14,GET /api/v1/scans/{id},GET,200,1501.779,True
2026-07-31T08:26:32.37242253Z,98,GET /api/v1/user/profile,GET,200,606.239,True
2026-07-31T08:26:32.372493803Z,38,GET /api/v1/scans,GET,200,1460.054,True
2026-07-31T08:26:32.389413094Z,87,GET /api/v1/scans,GET,200,1468.686,True
2026-07-31T08:26:32.389828185Z,50,GET /api/v1/scans,GET,200,569.918,True
2026-07-31T08:26:32.389829911Z,96,GET /api/v1/scans,GET,200,584.223,True
2026-07-31T08:26:32.389855561Z,71,GET /api/v1/scans,GET,200,1211.63,True
2026-07-31T08:26:32.400289442Z,94,GET /api/v1/user/profile,GET,200,948.197,True
2026-07-31T08:26:32.400348925Z,8,GET /api/v1/scans,GET,200,640.527,True
2026-07-31T08:26:32.400529735Z,64,GET /api/v1/scans,GET,200,1271.363,True
2026-07-31T08:26:32.400689157Z,5,GET /api/v1/scans/{id},GET,200,1087.166,True
2026-07-31T08:26:32.40105978Z,22,GET /api/v1/scans/{id},GET,200,497.176,True
2026-07-31T08:26:32.41425654Z,61,GET /api/v1/user/profile,GET,200,1288.663,True
2026-07-31T08:26:32.428506887Z,83,GET /api/v1/user/profile,GET,200,1311.068,True
2026-07-31T08:26:32.438995569Z,59,GET /api/v1/user/profile,GET,200,808.853,True
2026-07-31T08:26:32.443788947Z,63,GET /api/v1/scans,GET,200,991.826,True
2026-07-31T08:26:32.444176389Z,29,GET /api/v1/user/profile,GET,200,416.518,True
2026-07-31T08:26:32.444197919Z,49,GET /api/v1/scans/{id},GET,200,1100.059,True
2026-07-31T08:26:32.454274094Z,73,GET /api/v1/scans,GET,200,1570.055,True
2026-07-31T08:26:32.454555152Z,91,GET /api/v1/user/profile,GET,200,327.591,True
2026-07-31T08:26:32.459762523Z,20,GET /api/v1/user/profile,GET,200,198.502,True
2026-07-31T08:26:32.459832324Z,66,GET /api/v1/scans,GET,200,351.466,True
2026-07-31T08:26:32.463588352Z,55,GET /api/v1/scans,GET,200,1101.57,True
2026-07-31T08:26:32.463774198Z,11,GET /api/v1/user/profile,GET,200,1107.171,True
2026-07-31T08:26:32.46761014Z,77,GET /api/v1/scans,GET,200,723.808,True
2026-07-31T08:26:32.473564161Z,46,GET /api/v1/scans/{id},GET,200,118.314,True
2026-07-31T08:26:32.473566219Z,30,GET /api/v1/scans/{id},GET,200,128.382,True
2026-07-31T08:26:32.47361139Z,26,GET /api/v1/scans,GET,200,1294.155,True
2026-07-31T08:26:32.488419589Z,56,GET /api/v1/scans,GET,200,1337.268,True
2026-07-31T08:26:32.488836164Z,31,GET /api/v1/scans,GET,200,1359.616,True
2026-07-31T08:26:32.488842611Z,100,POST /api/v1/scans,POST,409,1076.399,False
2026-07-31T08:26:32.492798608Z,18,GET /api/v1/scans/{id},GET,200,1364.89,True
2026-07-31T08:26:32.492804604Z,97,POST /api/v1/scans,POST,409,1047.211,False
2026-07-31T08:26:32.500362918Z,54,POST /api/v1/scans,POST,409,988.158,False
2026-07-31T08:26:32.500409966Z,69,POST /api/v1/scans,POST,409,1558.989,False
2026-07-31T08:26:32.517607559Z,6,GET /api/v1/scans,GET,200,1145.175,True
2026-07-31T08:26:32.517691601Z,76,GET /api/v1/scans,GET,200,643.792,True
2026-07-31T08:26:32.52262751Z,4,POST /api/v1/scans,POST,409,1828.651,False
2026-07-31T08:26:32.533380159Z,89,POST /api/v1/scans,POST,409,1289.024,False
2026-07-31T08:26:32.533461842Z,24,GET /api/v1/scans,GET,200,1332.67,True
2026-07-31T08:26:32.541606885Z,85,POST /api/v1/scans,POST,409,1277.459,False
2026-07-31T08:26:32.559633507Z,15,GET /api/v1/scans,GET,200,128.539,True
2026-07-31T08:26:32.570027156Z,70,POST /api/v1/scans,POST,409,1818.487,False
2026-07-31T08:26:32.587864415Z,68,POST /api/v1/scans,POST,409,1724.297,False
2026-07-31T08:26:32.600286167Z,92,POST /api/v1/scans,POST,409,1553.54,False
2026-07-31T08:26:32.616560376Z,65,POST /api/v1/scans,POST,409,1459.969,False
2026-07-31T08:26:32.61805646Z,40,POST /api/v1/scans,POST,409,889.76,False
2026-07-31T08:26:32.620374439Z,43,POST /api/v1/scans,POST,409,1785.089,False
2026-07-31T08:26:32.624754286Z,44,POST /api/v1/scans,POST,409,1622.353,False
2026-07-31T08:26:32.630727535Z,42,GET /api/v1/scans/{id},GET,200,81.677,True
2026-07-31T08:26:32.634062111Z,25,POST /api/v1/scans,POST,409,190.179,False
2026-07-31T08:26:32.63684234Z,90,GET /api/v1/scans,GET,200,41.512,True
2026-07-31T08:26:32.640926614Z,45,GET /api/v1/scans/{id},GET,200,34.987,True
2026-07-31T08:26:32.641040969Z,51,POST /api/v1/scans,POST,409,951.113,False
2026-07-31T08:26:32.643855845Z,60,POST /api/v1/scans,POST,409,1467.927,False
2026-07-31T08:26:32.646824141Z,52,GET /api/v1/scans,GET,200,23.903,True
2026-07-31T08:26:32.654566995Z,81,GET /api/v1/scans,GET,200,10.742,True
2026-07-31T08:26:32.718015338Z,58,GET /api/v1/scans,GET,200,11.252,True
2026-07-31T08:26:32.764041138Z,13,GET /api/v1/scans,GET,200,16.447,True
2026-07-31T08:26:32.772254146Z,93,GET /api/v1/user/profile,GET,200,5.943,True
2026-07-31T08:26:32.799198218Z,21,GET /api/v1/scans/{id},GET,200,6.453,True
2026-07-31T08:26:32.819016136Z,84,GET /api/v1/scans,GET,200,20.593,True
2026-07-31T08:26:32.829286623Z,37,GET /api/v1/scans/{id},GET,200,17.399,True
2026-07-31T08:26:32.847847299Z,7,POST /api/v1/scans,POST,409,49.295,False
2026-07-31T08:26:32.901030393Z,57,POST /api/v1/scans,POST,409,35.662,False
2026-07-31T08:26:32.917297526Z,64,GET /api/v1/user/profile,GET,200,7.842,True
2026-07-31T08:26:32.931698597Z,75,GET /api/v1/scans,GET,200,13.13,True
2026-07-31T08:26:32.988186696Z,61,GET /api/v1/scans/{id},GET,200,8.458,True
2026-07-31T08:26:33.007851216Z,91,GET /api/v1/scans,GET,200,9.864,True
2026-07-31T08:26:33.035393684Z,38,GET /api/v1/scans/{id},GET,200,6.149,True
2026-07-31T08:26:33.049606526Z,36,GET /api/v1/scans,GET,200,8.92,True
2026-07-31T08:26:33.069211442Z,66,GET /api/v1/scans,GET,200,10.295,True
2026-07-31T08:26:33.096805369Z,35,GET /api/v1/scans,GET,200,10.907,True
2026-07-31T08:26:33.109981263Z,5,GET /api/v1/scans/{id},GET,200,8.513,True
2026-07-31T08:26:33.140755686Z,16,GET /api/v1/scans,GET,200,28.349,True
2026-07-31T08:26:33.14682285Z,77,GET /api/v1/scans,GET,200,11.752,True
2026-07-31T08:26:33.155543304Z,65,GET /api/v1/scans/{id},GET,200,5.074,True
2026-07-31T08:26:33.164368104Z,29,POST /api/v1/scans,POST,409,58.543,False
2026-07-31T08:26:33.199714718Z,18,GET /api/v1/scans,GET,200,16.225,True
2026-07-31T08:26:33.211809453Z,3,GET /api/v1/scans/{id},GET,200,26.22,True
2026-07-31T08:26:33.246631677Z,41,GET /api/v1/user/profile,GET,200,38.253,True
2026-07-31T08:26:33.251380736Z,47,GET /api/v1/scans,GET,200,48.198,True
2026-07-31T08:26:33.252461119Z,28,GET /api/v1/scans,GET,200,38.126,True
2026-07-31T08:26:33.254961625Z,73,GET /api/v1/scans/{id},GET,200,26.035,True
2026-07-31T08:26:33.255110198Z,63,GET /api/v1/user/profile,GET,200,17.585,True
2026-07-31T08:26:33.264580503Z,53,POST /api/v1/scans,POST,409,92.571,False
2026-07-31T08:26:33.267834651Z,68,POST /api/v1/scans,POST,409,95.875,False
2026-07-31T08:26:33.270207502Z,33,GET /api/v1/user/profile,GET,200,10.752,True
2026-07-31T08:26:33.271637126Z,88,GET /api/v1/user/profile,GET,200,7.703,True
2026-07-31T08:26:33.291200567Z,4,GET /api/v1/user/profile,GET,200,6.703,True
2026-07-31T08:26:33.320151153Z,52,GET /api/v1/scans/{id},GET,200,8.83,True
2026-07-31T08:26:33.332524862Z,62,GET /api/v1/user/profile,GET,200,9.089,True
2026-07-31T08:26:33.342662808Z,49,POST /api/v1/scans,POST,409,48.909,False
2026-07-31T08:26:33.345211349Z,19,GET /api/v1/user/profile,GET,200,6.167,True
2026-07-31T08:26:33.362361551Z,9,GET /api/v1/user/profile,GET,200,5.958,True
2026-07-31T08:26:33.397596155Z,82,GET /api/v1/scans,GET,200,20.144,True
2026-07-31T08:26:33.407136417Z,80,GET /api/v1/scans,GET,200,6.973,True
2026-07-31T08:26:33.408341066Z,12,POST /api/v1/scans,POST,409,38.367,False
2026-07-31T08:26:33.419953834Z,21,GET /api/v1/scans/{id},GET,200,6.728,True
2026-07-31T08:26:33.459138923Z,79,GET /api/v1/user/profile,GET,200,24.45,True
2026-07-31T08:26:33.462847367Z,46,GET /api/v1/scans,GET,200,23.836,True
2026-07-31T08:26:33.462862321Z,69,GET /api/v1/scans/{id},GET,200,23.712,True
2026-07-31T08:26:33.463533475Z,22,GET /api/v1/user/profile,GET,200,17.041,True
2026-07-31T08:26:33.463570594Z,7,GET /api/v1/scans/{id},GET,200,16.908,True
2026-07-31T08:26:33.468281241Z,60,POST /api/v1/scans,POST,409,57.519,False
2026-07-31T08:26:33.486131293Z,86,GET /api/v1/scans,GET,200,13.514,True
2026-07-31T08:26:33.496788638Z,2,POST /api/v1/scans,POST,409,41.792,False
2026-07-31T08:26:33.503845222Z,32,GET /api/v1/user/profile,GET,200,12.047,True
2026-07-31T08:26:33.51324096Z,71,GET /api/v1/scans/{id},GET,200,16.667,True
2026-07-31T08:26:33.52802546Z,85,GET /api/v1/scans/{id},GET,200,27.994,True
2026-07-31T08:26:33.531613846Z,17,GET /api/v1/scans/{id},GET,200,22.167,True
2026-07-31T08:26:33.531626986Z,81,GET /api/v1/user/profile,GET,200,18.159,True
2026-07-31T08:26:33.537743859Z,59,POST /api/v1/scans,POST,409,49.305,False
2026-07-31T08:26:33.544342943Z,30,GET /api/v1/scans/{id},GET,200,5.381,True
2026-07-31T08:26:33.563357522Z,39,GET /api/v1/scans,GET,200,7.668,True
2026-07-31T08:26:33.586626959Z,26,GET /api/v1/scans,GET,200,6.031,True
2026-07-31T08:26:33.621512138Z,15,GET /api/v1/scans/{id},GET,200,5.364,True
2026-07-31T08:26:33.639971505Z,10,GET /api/v1/scans,GET,200,15.651,True
2026-07-31T08:26:33.64095442Z,24,GET /api/v1/scans,GET,200,14.914,True
2026-07-31T08:26:33.641013519Z,1,GET /api/v1/scans,GET,200,14.818,True
2026-07-31T08:26:33.64144975Z,56,GET /api/v1/user/profile,GET,200,11.043,True
2026-07-31T08:26:33.659057025Z,45,GET /api/v1/scans,GET,200,8.346,True
2026-07-31T08:26:33.659197218Z,23,GET /api/v1/scans/{id},GET,200,7.237,True
2026-07-31T08:26:33.668901192Z,67,GET /api/v1/scans,GET,200,7.141,True
2026-07-31T08:26:33.669369239Z,34,GET /api/v1/user/profile,GET,200,6.293,True
2026-07-31T08:26:33.729683031Z,35,POST /api/v1/scans,POST,409,45.61,False
2026-07-31T08:26:33.739077305Z,54,GET /api/v1/user/profile,GET,200,19.119,True
2026-07-31T08:26:33.743561605Z,83,GET /api/v1/scans/{id},GET,200,16.002,True
2026-07-31T08:26:33.74433793Z,55,GET /api/v1/scans,GET,200,18.012,True
2026-07-31T08:26:33.749709936Z,6,POST /api/v1/scans,POST,409,36.021,False
2026-07-31T08:26:33.790701233Z,70,GET /api/v1/scans,GET,200,8.684,True
2026-07-31T08:26:33.809741708Z,29,GET /api/v1/user/profile,GET,200,15.357,True
2026-07-31T08:26:33.811191358Z,8,GET /api/v1/scans,GET,200,14.511,True
2026-07-31T08:26:33.862950739Z,50,GET /api/v1/user/profile,GET,200,51.456,True
2026-07-31T08:26:33.86619069Z,76,GET /api/v1/user/profile,GET,200,48.086,True
2026-07-31T08:26:33.866322713Z,27,GET /api/v1/user/profile,GET,200,42.717,True
2026-07-31T08:26:33.867149912Z,14,GET /api/v1/scans,GET,200,55.832,True
2026-07-31T08:26:33.867535778Z,43,GET /api/v1/user/profile,GET,200,40.496,True
2026-07-31T08:26:33.870965081Z,44,GET /api/v1/user/profile,GET,200,46.11,True
2026-07-31T08:26:33.873938515Z,11,GET /api/v1/scans,GET,200,32.339,True
2026-07-31T08:26:33.879179919Z,37,POST /api/v1/scans,POST,409,87.993,False
2026-07-31T08:26:33.8806905Z,31,GET /api/v1/scans,GET,200,20.619,True
2026-07-31T08:26:33.90688489Z,25,POST /api/v1/scans,POST,409,65.16,False
2026-07-31T08:26:33.950695223Z,4,GET /api/v1/scans/{id},GET,200,17.14,True
2026-07-31T08:26:33.951282973Z,62,GET /api/v1/user/profile,GET,200,14.533,True
2026-07-31T08:26:33.95219624Z,20,GET /api/v1/scans,GET,200,13.105,True
2026-07-31T08:26:33.957082049Z,36,POST /api/v1/scans,POST,409,46.9,False
2026-07-31T08:26:33.973171416Z,18,GET /api/v1/scans/{id},GET,200,5.711,True
2026-07-31T08:26:34.022465318Z,49,GET /api/v1/user/profile,GET,200,26.024,True
2026-07-31T08:26:34.032137931Z,51,POST /api/v1/scans,POST,409,49.608,False
2026-07-31T08:26:34.039758967Z,58,POST /api/v1/scans,POST,409,52.752,False
2026-07-31T08:26:34.053863223Z,42,POST /api/v1/scans,POST,409,34.946,False
2026-07-31T08:26:34.079260507Z,13,GET /api/v1/scans,GET,200,7.802,True
2026-07-31T08:26:34.08580825Z,73,GET /api/v1/user/profile,GET,200,6.111,True
2026-07-31T08:26:34.093097173Z,68,GET /api/v1/scans,GET,200,10.234,True
2026-07-31T08:26:34.122738107Z,3,GET /api/v1/user/profile,GET,200,19.831,True
2026-07-31T08:26:34.142370402Z,46,POST /api/v1/scans,POST,409,56.391,False
2026-07-31T08:26:34.192940538Z,81,GET /api/v1/scans/{id},GET,200,41.866,True
2026-07-31T08:26:34.220916201Z,80,GET /api/v1/scans,GET,200,71.117,True
2026-07-31T08:26:34.222270801Z,19,GET /api/v1/scans/{id},GET,200,58.474,True
2026-07-31T08:26:34.225844373Z,28,GET /api/v1/user/profile,GET,200,55.84,True
2026-07-31T08:26:34.225894357Z,64,GET /api/v1/user/profile,GET,200,52.45,True
2026-07-31T08:26:34.225997556Z,52,GET /api/v1/scans,GET,200,68.474,True
2026-07-31T08:26:34.230693683Z,61,POST /api/v1/scans,POST,409,120.314,False
2026-07-31T08:26:34.25167742Z,2,GET /api/v1/scans,GET,200,59.623,True
2026-07-31T08:26:34.251926126Z,59,GET /api/v1/scans/{id},GET,200,56.329,True
2026-07-31T08:26:34.252010177Z,9,GET /api/v1/scans/{id},GET,200,38.897,True
2026-07-31T08:26:34.254658449Z,82,GET /api/v1/user/profile,GET,200,33.63,True
2026-07-31T08:26:34.259147827Z,26,GET /api/v1/scans,GET,200,16.449,True
2026-07-31T08:26:34.269505509Z,57,POST /api/v1/scans,POST,409,147.459,False
2026-07-31T08:26:34.269868414Z,45,GET /api/v1/user/profile,GET,200,5.236,True
2026-07-31T08:26:34.274211134Z,47,POST /api/v1/scans,POST,409,116.431,False
2026-07-31T08:26:34.286244809Z,79,GET /api/v1/user/profile,GET,200,6.136,True
2026-07-31T08:26:34.286871496Z,65,GET /api/v1/scans,GET,200,7.993,True
2026-07-31T08:26:34.312730336Z,63,GET /api/v1/scans,GET,200,6.894,True
2026-07-31T08:26:34.318082304Z,77,GET /api/v1/user/profile,GET,200,3.93,True
2026-07-31T08:26:34.356234251Z,7,GET /api/v1/scans/{id},GET,200,5.915,True
2026-07-31T08:26:34.356271051Z,75,POST /api/v1/scans,POST,409,35.779,False
2026-07-31T08:26:34.379530107Z,29,GET /api/v1/scans,GET,200,18.97,True
2026-07-31T08:26:34.393871Z,53,POST /api/v1/scans,POST,409,39.099,False
2026-07-31T08:26:34.41831385Z,39,GET /api/v1/scans,GET,200,12.784,True
2026-07-31T08:26:34.427042303Z,71,POST /api/v1/scans,POST,409,78.971,False
2026-07-31T08:26:34.477271791Z,54,GET /api/v1/scans/{id},GET,200,9.02,True
2026-07-31T08:26:34.485119904Z,38,POST /api/v1/scans,POST,409,37.469,False
2026-07-31T08:26:34.510394852Z,69,POST /api/v1/scans,POST,409,32.804,False
2026-07-31T08:26:34.511155684Z,60,GET /api/v1/scans,GET,200,8.496,True
2026-07-31T08:26:34.511611402Z,5,GET /api/v1/user/profile,GET,200,6.631,True
2026-07-31T08:26:34.521765576Z,66,GET /api/v1/user/profile,GET,200,4.848,True
2026-07-31T08:26:34.544595674Z,14,GET /api/v1/user/profile,GET,200,4.298,True
2026-07-31T08:26:34.549207878Z,49,GET /api/v1/scans/{id},GET,200,4.465,True
2026-07-31T08:26:34.564404714Z,62,GET /api/v1/user/profile,GET,200,3.823,True
2026-07-31T08:26:34.5812579Z,33,GET /api/v1/scans,GET,200,6.4,True
2026-07-31T08:26:34.595027105Z,21,GET /api/v1/scans,GET,200,5.954,True
2026-07-31T08:26:34.604247335Z,16,GET /api/v1/user/profile,GET,200,3.667,True
2026-07-31T08:26:34.637630182Z,12,GET /api/v1/scans,GET,200,6.311,True
2026-07-31T08:26:34.644171469Z,30,GET /api/v1/scans/{id},GET,200,3.673,True
2026-07-31T08:26:34.655677271Z,44,GET /api/v1/scans,GET,200,4.849,True
2026-07-31T08:26:34.679490152Z,34,GET /api/v1/scans/{id},GET,200,4.974,True
2026-07-31T08:26:34.70064352Z,55,GET /api/v1/scans,GET,200,7.337,True
2026-07-31T08:26:34.704033244Z,56,GET /api/v1/scans,GET,200,7.087,True
2026-07-31T08:26:34.728966762Z,76,GET /api/v1/scans,GET,200,5.387,True
2026-07-31T08:26:34.73868231Z,8,GET /api/v1/scans,GET,200,5.254,True
2026-07-31T08:26:34.797691555Z,9,GET /api/v1/user/profile,GET,200,40.271,True
2026-07-31T08:26:34.798571329Z,59,GET /api/v1/scans/{id},GET,200,39.91,True
2026-07-31T08:26:34.798996539Z,61,GET /api/v1/scans,GET,200,41.552,True
2026-07-31T08:26:34.799880797Z,1,GET /api/v1/user/profile,GET,200,23.578,True
2026-07-31T08:26:34.800087675Z,22,GET /api/v1/scans,GET,200,35.089,True
2026-07-31T08:26:34.805089753Z,51,POST /api/v1/scans,POST,409,53.971,False
2026-07-31T08:26:34.848675462Z,10,POST /api/v1/scans,POST,409,31.239,False
2026-07-31T08:26:34.864784305Z,67,GET /api/v1/user/profile,GET,200,4.646,True
2026-07-31T08:26:34.871756023Z,47,GET /api/v1/scans/{id},GET,200,4.756,True
2026-07-31T08:26:34.896524013Z,15,GET /api/v1/scans/{id},GET,200,5.923,True
2026-07-31T08:26:34.945097972Z,32,GET /api/v1/user/profile,GET,200,4.846,True
2026-07-31T08:26:34.952208925Z,4,GET /api/v1/scans,GET,200,6.951,True
2026-07-31T08:26:34.969124757Z,63,GET /api/v1/scans,GET,200,7.51,True
2026-07-31T08:26:34.985529689Z,17,GET /api/v1/scans,GET,200,6.713,True
2026-07-31T08:26:35.086783958Z,70,GET /api/v1/scans,GET,200,76.352,True
2026-07-31T08:26:35.08686087Z,6,GET /api/v1/user/profile,GET,200,75.11,True
2026-07-31T08:26:35.088401973Z,20,GET /api/v1/scans,GET,200,22.341,True
2026-07-31T08:26:35.088543354Z,35,GET /api/v1/scans,GET,200,25.826,True
2026-07-31T08:26:35.129589238Z,58,GET /api/v1/scans/{id},GET,200,35.665,True
2026-07-31T08:26:35.134568676Z,23,GET /api/v1/scans/{id},GET,200,23.518,True
2026-07-31T08:26:35.134628393Z,24,GET /api/v1/scans/{id},GET,200,30.882,True
2026-07-31T08:26:35.136837108Z,19,GET /api/v1/scans,GET,200,25.777,True
2026-07-31T08:26:35.139457981Z,52,POST /api/v1/scans,POST,409,128.94,False
2026-07-31T08:26:35.183181228Z,21,POST /api/v1/scans,POST,409,81.611,False
2026-07-31T08:26:35.188298088Z,77,GET /api/v1/scans/{id},GET,200,26.502,True
2026-07-31T08:26:35.188351842Z,13,GET /api/v1/user/profile,GET,200,26.418,True
2026-07-31T08:26:35.188815386Z,25,GET /api/v1/scans,GET,200,23.691,True
2026-07-31T08:26:35.194567971Z,5,POST /api/v1/scans,POST,409,44.381,False
2026-07-31T08:26:35.217521512Z,18,GET /api/v1/user/profile,GET,200,5.163,True
2026-07-31T08:26:35.240436668Z,12,GET /api/v1/scans,GET,200,7.461,True
2026-07-31T08:26:35.256390921Z,37,GET /api/v1/user/profile,GET,200,8.366,True
2026-07-31T08:26:35.258759687Z,68,GET /api/v1/scans/{id},GET,200,8.295,True
2026-07-31T08:26:35.261288553Z,42,GET /api/v1/scans,GET,200,7.73,True
2026-07-31T08:26:35.302646533Z,33,GET /api/v1/scans/{id},GET,200,17.349,True
2026-07-31T08:26:35.306423643Z,7,GET /api/v1/scans,GET,200,13.79,True
2026-07-31T08:26:35.324420554Z,11,POST /api/v1/scans,POST,409,51.691,False
2026-07-31T08:26:35.336858054Z,16,GET /api/v1/user/profile,GET,200,27.824,True
2026-07-31T08:26:35.339627826Z,2,GET /api/v1/scans/{id},GET,200,26.142,True
2026-07-31T08:26:35.339948304Z,8,GET /api/v1/scans,GET,200,27.745,True
2026-07-31T08:26:35.340817037Z,46,GET /api/v1/scans,GET,200,17.891,True
2026-07-31T08:26:35.360430162Z,31,GET /api/v1/scans,GET,200,9.045,True
2026-07-31T08:26:35.380678186Z,28,GET /api/v1/scans,GET,200,16.564,True
2026-07-31T08:26:35.386502424Z,26,GET /api/v1/scans,GET,200,20.299,True
2026-07-31T08:26:35.397419304Z,30,GET /api/v1/user/profile,GET,200,17.836,True
2026-07-31T08:26:35.403801903Z,57,GET /api/v1/scans,GET,200,22.997,True
2026-07-31T08:26:35.416426528Z,44,GET /api/v1/user/profile,GET,200,18.78,True
2026-07-31T08:26:35.43626058Z,3,POST /api/v1/scans,POST,409,56.733,False
2026-07-31T08:26:35.464237864Z,36,POST /api/v1/scans,POST,409,38.178,False
2026-07-31T08:26:35.491008724Z,4,GET /api/v1/user/profile,GET,200,16.141,True
2026-07-31T08:26:35.491629827Z,53,GET /api/v1/scans,GET,200,17.988,True
2026-07-31T08:26:35.491713233Z,55,GET /api/v1/scans,GET,200,16.8,True
2026-07-31T08:26:35.539425703Z,1,GET /api/v1/scans/{id},GET,200,5.049,True
2026-07-31T08:26:35.594351942Z,15,GET /api/v1/scans/{id},GET,200,6.118,True
2026-07-31T08:26:35.61745254Z,9,GET /api/v1/scans,GET,200,8.728,True
2026-07-31T08:26:35.630139501Z,65,GET /api/v1/scans,GET,200,8.296,True
2026-07-31T08:26:35.659787905Z,64,GET /api/v1/user/profile,GET,200,6.917,True
2026-07-31T08:26:35.723178318Z,22,GET /api/v1/scans,GET,200,8.333,True
2026-07-31T08:26:35.732701921Z,45,GET /api/v1/user/profile,GET,200,5.236,True
2026-07-31T08:26:35.744115269Z,39,GET /api/v1/scans/{id},GET,200,4.836,True
2026-07-31T08:26:35.752386111Z,61,GET /api/v1/scans/{id},GET,200,4.889,True
2026-07-31T08:26:35.782156932Z,69,GET /api/v1/user/profile,GET,200,5.31,True
2026-07-31T08:26:35.839469556Z,25,GET /api/v1/user/profile,GET,200,5.452,True
2026-07-31T08:26:35.856784693Z,29,GET /api/v1/scans,GET,200,7.018,True
2026-07-31T08:26:35.861816161Z,49,GET /api/v1/scans/{id},GET,200,4.497,True
2026-07-31T08:26:35.88202127Z,56,GET /api/v1/scans,GET,200,11.505,True
2026-07-31T08:26:35.883438367Z,35,GET /api/v1/scans,GET,200,12.77,True
2026-07-31T08:26:35.88673031Z,59,GET /api/v1/user/profile,GET,200,9.63,True
2026-07-31T08:26:35.910509041Z,60,GET /api/v1/scans,GET,200,21.278,True
2026-07-31T08:26:35.933381114Z,37,GET /api/v1/scans,GET,200,33.471,True
2026-07-31T08:26:35.933655556Z,23,GET /api/v1/scans,GET,200,32.427,True
2026-07-31T08:26:35.93475431Z,62,GET /api/v1/user/profile,GET,200,13.972,True
2026-07-31T08:26:35.935110753Z,19,GET /api/v1/user/profile,GET,200,11.932,True
2026-07-31T08:26:35.942086717Z,32,GET /api/v1/user/profile,GET,200,4.591,True
2026-07-31T08:26:35.945954764Z,33,POST /api/v1/scans,POST,409,63.751,False
2026-07-31T08:26:35.949874481Z,14,GET /api/v1/user/profile,GET,200,3.877,True
2026-07-31T08:26:35.955629413Z,38,GET /api/v1/scans,GET,200,5.763,True
2026-07-31T08:26:35.973263428Z,54,GET /api/v1/user/profile,GET,200,4.183,True
2026-07-31T08:26:35.984099326Z,18,GET /api/v1/user/profile,GET,200,5.434,True
2026-07-31T08:26:35.985095983Z,66,GET /api/v1/user/profile,GET,200,4.066,True
2026-07-31T08:26:36.002212109Z,12,GET /api/v1/user/profile,GET,200,3.556,True
2026-07-31T08:26:36.063169577Z,58,GET /api/v1/scans,GET,200,10.576,True
2026-07-31T08:26:36.083027054Z,7,GET /api/v1/user/profile,GET,200,4.168,True
2026-07-31T08:26:36.116117578Z,46,POST /api/v1/scans,POST,409,25.404,False
2026-07-31T08:26:36.120819545Z,31,GET /api/v1/scans,GET,200,8.592,True
2026-07-31T08:26:36.125799057Z,42,GET /api/v1/scans,GET,200,9.528,True
2026-07-31T08:26:36.126023064Z,10,GET /api/v1/scans,GET,200,8.559,True
2026-07-31T08:26:36.129132782Z,2,GET /api/v1/scans,GET,200,5.874,True
2026-07-31T08:26:36.152601327Z,26,GET /api/v1/scans,GET,200,4.875,True
2026-07-31T08:26:36.160348288Z,13,GET /api/v1/scans,GET,200,4.52,True
2026-07-31T08:26:36.174131645Z,6,GET /api/v1/user/profile,GET,200,3.528,True
2026-07-31T08:26:36.222129948Z,30,GET /api/v1/user/profile,GET,200,4.261,True
2026-07-31T08:26:36.237431575Z,57,GET /api/v1/scans,GET,200,8.828,True
2026-07-31T08:26:36.258354506Z,17,GET /api/v1/scans/{id},GET,200,5.413,True
2026-07-31T08:26:36.262971669Z,51,POST /api/v1/scans,POST,409,35.528,False
2026-07-31T08:26:36.284079596Z,47,POST /api/v1/scans,POST,409,27.988,False
2026-07-31T08:26:36.286491456Z,8,GET /api/v1/scans/{id},GET,200,7.168,True
2026-07-31T08:26:36.286845936Z,5,GET /api/v1/scans,GET,200,7.532,True
2026-07-31T08:26:36.300790863Z,24,GET /api/v1/user/profile,GET,200,3.356,True
2026-07-31T08:26:36.313877126Z,9,GET /api/v1/user/profile,GET,200,3.474,True
2026-07-31T08:26:36.357459043Z,20,GET /api/v1/user/profile,GET,200,4.075,True
2026-07-31T08:26:36.426023918Z,44,GET /api/v1/user/profile,GET,200,7.121,True
2026-07-31T08:26:36.491331945Z,11,GET /api/v1/scans/{id},GET,200,9.308,True
2026-07-31T08:26:36.55210163Z,59,GET /api/v1/scans,GET,200,7.766,True
2026-07-31T08:26:36.578565242Z,28,GET /api/v1/scans,GET,200,4.543,True
2026-07-31T08:26:36.581441833Z,36,POST /api/v1/scans,POST,409,34.993,False
2026-07-31T08:26:36.586232196Z,1,GET /api/v1/scans,GET,200,4.543,True
2026-07-31T08:26:36.602620319Z,22,GET /api/v1/user/profile,GET,200,3.504,True
2026-07-31T08:26:36.646197989Z,16,GET /api/v1/user/profile,GET,200,12.235,True
2026-07-31T08:26:36.64687439Z,37,GET /api/v1/scans/{id},GET,200,7.715,True
2026-07-31T08:26:36.669844685Z,4,GET /api/v1/scans/{id},GET,200,5.199,True
2026-07-31T08:26:36.674668335Z,54,GET /api/v1/scans/{id},GET,200,3.414,True
2026-07-31T08:26:36.690527101Z,21,GET /api/v1/scans,GET,200,8.017,True
2026-07-31T08:26:36.723359789Z,3,GET /api/v1/scans,GET,200,7.219,True
2026-07-31T08:26:36.777407248Z,55,GET /api/v1/scans,GET,200,14.939,True
2026-07-31T08:26:36.78566293Z,30,GET /api/v1/scans,GET,200,4.871,True
2026-07-31T08:26:36.793998005Z,18,POST /api/v1/scans,POST,409,39.791,False
2026-07-31T08:26:36.813608292Z,19,POST /api/v1/scans,POST,409,23.578,False
2026-07-31T08:26:36.874670159Z,2,GET /api/v1/scans,GET,200,8.156,True
2026-07-31T08:26:36.878387767Z,15,POST /api/v1/scans,POST,409,41.256,False
2026-07-31T08:26:36.880731232Z,45,POST /api/v1/scans,POST,409,43.601,False
2026-07-31T08:26:36.90592374Z,42,GET /api/v1/scans,GET,200,12.2,True
2026-07-31T08:26:36.921590021Z,57,POST /api/v1/scans,POST,409,39.529,False
2026-07-31T08:26:36.933307693Z,14,GET /api/v1/scans/{id},GET,200,17.637,True
2026-07-31T08:26:36.934325121Z,10,GET /api/v1/scans,GET,200,21.923,True
2026-07-31T08:26:36.937022752Z,58,GET /api/v1/scans,GET,200,11.959,True
2026-07-31T08:26:36.943325281Z,32,POST /api/v1/scans,POST,409,42.088,False
2026-07-31T08:26:36.953905821Z,29,GET /api/v1/scans/{id},GET,200,3.192,True
2026-07-31T08:26:36.956260023Z,23,POST /api/v1/scans,POST,409,38.54,False
2026-07-31T08:26:37.022561391Z,20,GET /api/v1/user/profile,GET,200,27.113,True
2026-07-31T08:26:37.022674756Z,26,GET /api/v1/user/profile,GET,200,24.919,True
2026-07-31T08:26:37.03198756Z,56,POST /api/v1/scans,POST,409,50.284,False
2026-07-31T08:26:37.034245259Z,53,POST /api/v1/scans,POST,409,50.162,False
2026-07-31T08:26:37.100564257Z,7,POST /api/v1/scans,POST,409,25.354,False
2026-07-31T08:26:37.110321167Z,35,GET /api/v1/user/profile,GET,200,6.529,True
2026-07-31T08:26:37.110492338Z,22,GET /api/v1/user/profile,GET,200,6.703,True
2026-07-31T08:26:37.129127489Z,13,GET /api/v1/scans,GET,200,7.311,True
2026-07-31T08:26:37.178390256Z,24,GET /api/v1/scans,GET,200,5.484,True
2026-07-31T08:26:37.192329324Z,39,GET /api/v1/user/profile,GET,200,3.007,True
2026-07-31T08:26:37.208177938Z,33,GET /api/v1/scans/{id},GET,200,4.121,True
2026-07-31T08:26:37.216720695Z,25,GET /api/v1/scans,GET,200,5.181,True
2026-07-31T08:26:37.224942532Z,49,GET /api/v1/scans,GET,200,4.568,True
2026-07-31T08:26:37.273228202Z,11,GET /api/v1/scans,GET,200,6.073,True
2026-07-31T08:26:37.283122426Z,9,GET /api/v1/user/profile,GET,200,3.448,True
2026-07-31T08:26:37.305236295Z,31,GET /api/v1/scans/{id},GET,200,3.346,True
2026-07-31T08:26:37.309556901Z,44,GET /api/v1/scans/{id},GET,200,3.132,True
2026-07-31T08:26:37.318247306Z,38,GET /api/v1/user/profile,GET,200,3.507,True
2026-07-31T08:26:37.468243188Z,8,GET /api/v1/scans,GET,200,5.284,True
2026-07-31T08:26:37.484366189Z,12,GET /api/v1/user/profile,GET,200,6.254,True
2026-07-31T08:26:37.485051694Z,6,GET /api/v1/scans,GET,200,5.714,True
2026-07-31T08:26:37.518318716Z,17,GET /api/v1/scans,GET,200,8.362,True
2026-07-31T08:26:37.541776746Z,14,POST /api/v1/scans,POST,409,28.521,False
2026-07-31T08:26:37.555247697Z,10,GET /api/v1/scans/{id},GET,200,4.046,True
2026-07-31T08:26:37.575518155Z,23,GET /api/v1/user/profile,GET,200,3.846,True
2026-07-31T08:26:37.591157816Z,36,GET /api/v1/scans/{id},GET,200,3.198,True
2026-07-31T08:26:37.621083935Z,16,POST /api/v1/scans,POST,409,22.488,False
2026-07-31T08:26:37.660832271Z,5,GET /api/v1/scans,GET,200,9.59,True
2026-07-31T08:26:37.665461074Z,18,GET /api/v1/scans,GET,200,6.697,True
2026-07-31T08:26:37.677966182Z,2,GET /api/v1/scans/{id},GET,200,4.142,True
2026-07-31T08:26:37.721608371Z,3,POST /api/v1/scans,POST,409,26.57,False
2026-07-31T08:26:37.726599551Z,42,GET /api/v1/user/profile,GET,200,3.786,True
2026-07-31T08:26:37.753737678Z,1,POST /api/v1/scans,POST,409,27.692,False
2026-07-31T08:26:37.774972234Z,37,POST /api/v1/scans,POST,409,24.686,False
2026-07-31T08:26:37.845811465Z,25,GET /api/v1/user/profile,GET,200,11.034,True
2026-07-31T08:26:37.855233589Z,15,GET /api/v1/scans/{id},GET,200,5.642,True
2026-07-31T08:26:37.868978005Z,32,GET /api/v1/scans/{id},GET,200,5.234,True
2026-07-31T08:26:37.877234249Z,20,GET /api/v1/scans,GET,200,4.336,True
2026-07-31T08:26:37.955179062Z,11,GET /api/v1/scans,GET,200,8.077,True
2026-07-31T08:26:37.956213834Z,19,GET /api/v1/scans/{id},GET,200,4.748,True
2026-07-31T08:26:38.000076691Z,39,GET /api/v1/scans,GET,200,15.776,True
2026-07-31T08:26:38.01269279Z,28,GET /api/v1/scans,GET,200,6.16,True
2026-07-31T08:26:38.015394184Z,21,POST /api/v1/scans,POST,409,40.763,False
2026-07-31T08:26:38.047216005Z,12,GET /api/v1/scans/{id},GET,200,5.115,True
2026-07-31T08:26:38.060318315Z,6,GET /api/v1/scans,GET,200,9.605,True
2026-07-31T08:26:38.079197684Z,30,POST /api/v1/scans,POST,409,29.651,False
2026-07-31T08:26:38.079638384Z,22,GET /api/v1/user/profile,GET,200,3.815,True
2026-07-31T08:26:38.119791846Z,9,GET /api/v1/user/profile,GET,200,4.501,True
2026-07-31T08:26:38.123833779Z,8,GET /api/v1/user/profile,GET,200,4.166,True
2026-07-31T08:26:38.145429567Z,33,GET /api/v1/scans,GET,200,8.035,True
2026-07-31T08:26:38.164303423Z,4,POST /api/v1/scans,POST,409,29.061,False
2026-07-31T08:26:38.28000547Z,10,GET /api/v1/user/profile,GET,200,6.3,True
2026-07-31T08:26:38.309622269Z,31,GET /api/v1/scans,GET,200,5.633,True
2026-07-31T08:26:38.347146613Z,16,POST /api/v1/scans,POST,409,35.173,False
2026-07-31T08:26:38.357568871Z,14,GET /api/v1/scans,GET,200,4.861,True
2026-07-31T08:26:38.364558071Z,29,GET /api/v1/scans/{id},GET,200,2.843,True
2026-07-31T08:26:38.403057946Z,35,GET /api/v1/scans,GET,200,7.367,True
2026-07-31T08:26:38.429070454Z,7,GET /api/v1/scans,GET,200,10.182,True
2026-07-31T08:26:38.458491798Z,18,POST /api/v1/scans,POST,409,29.903,False
2026-07-31T08:26:38.463053582Z,23,GET /api/v1/scans,GET,200,4.409,True
2026-07-31T08:26:38.48425316Z,26,GET /api/v1/scans/{id},GET,200,4.697,True
2026-07-31T08:26:38.533265991Z,38,POST /api/v1/scans,POST,409,25.024,False
2026-07-31T08:26:38.575397703Z,13,POST /api/v1/scans,POST,409,22.724,False
2026-07-31T08:26:38.589958493Z,1,GET /api/v1/user/profile,GET,200,6.157,True
2026-07-31T08:26:38.590008531Z,24,GET /api/v1/user/profile,GET,200,6.214,True
2026-07-31T08:26:38.603251329Z,12,GET /api/v1/user/profile,GET,200,3.674,True
2026-07-31T08:26:38.710163024Z,17,GET /api/v1/scans,GET,200,5.673,True
2026-07-31T08:26:38.761688765Z,8,GET /api/v1/scans,GET,200,11.768,True
2026-07-31T08:26:38.796195117Z,19,GET /api/v1/scans/{id},GET,200,10.161,True
2026-07-31T08:26:38.801811132Z,2,GET /api/v1/scans,GET,200,11.438,True
2026-07-31T08:26:38.826842312Z,11,GET /api/v1/user/profile,GET,200,4.573,True
2026-07-31T08:26:38.882631257Z,33,GET /api/v1/scans/{id},GET,200,6.348,True
2026-07-31T08:26:38.923674274Z,3,POST /api/v1/scans,POST,409,34.183,False
2026-07-31T08:26:39.015354517Z,5,GET /api/v1/user/profile,GET,200,30.182,True
2026-07-31T08:26:39.015423781Z,18,GET /api/v1/user/profile,GET,200,26.856,True
2026-07-31T08:26:39.018842076Z,15,POST /api/v1/scans,POST,409,45.966,False
2026-07-31T08:26:39.024265121Z,10,POST /api/v1/scans,POST,409,47.698,False
2026-07-31T08:26:39.046050784Z,21,GET /api/v1/scans,GET,200,5.142,True
2026-07-31T08:26:39.06775685Z,4,GET /api/v1/scans,GET,200,18.014,True
2026-07-31T08:26:39.077281558Z,38,POST /api/v1/scans,POST,409,30.939,False
2026-07-31T08:26:39.085271521Z,32,GET /api/v1/user/profile,GET,200,3.459,True
2026-07-31T08:26:39.129641396Z,1,GET /api/v1/user/profile,GET,200,7.676,True
2026-07-31T08:26:39.135125159Z,12,POST /api/v1/scans,POST,409,24.299,False
2026-07-31T08:26:39.24867597Z,9,GET /api/v1/scans,GET,200,5.014,True
2026-07-31T08:26:39.256284852Z,25,GET /api/v1/scans,GET,200,4.369,True
2026-07-31T08:26:39.31122974Z,20,GET /api/v1/scans,GET,200,5.112,True
2026-07-31T08:26:39.353722528Z,26,GET /api/v1/scans/{id},GET,200,10.788,True
2026-07-31T08:26:39.354461261Z,11,GET /api/v1/scans,GET,200,9.871,True
2026-07-31T08:26:39.360754738Z,22,GET /api/v1/user/profile,GET,200,3.487,True
2026-07-31T08:26:39.427292328Z,28,GET /api/v1/scans/{id},GET,200,7.536,True
2026-07-31T08:26:39.464826533Z,8,GET /api/v1/scans,GET,200,10.922,True
2026-07-31T08:26:39.468519931Z,19,GET /api/v1/scans,GET,200,6.147,True
2026-07-31T08:26:39.532602161Z,2,GET /api/v1/scans,GET,200,5.362,True
2026-07-31T08:26:39.575661897Z,17,GET /api/v1/scans,GET,200,5.148,True
2026-07-31T08:26:39.627456583Z,16,GET /api/v1/user/profile,GET,200,7.342,True
2026-07-31T08:26:39.694409998Z,13,GET /api/v1/scans,GET,200,5.258,True
2026-07-31T08:26:39.920728209Z,18,GET /api/v1/user/profile,GET,200,11.898,True
2026-07-31T08:26:39.938692274Z,5,POST /api/v1/scans,POST,409,44.127,False
2026-07-31T08:26:39.956212238Z,12,GET /api/v1/scans/{id},GET,200,5.161,True
2026-07-31T08:26:40.004984366Z,9,POST /api/v1/scans,POST,409,25.727,False
2026-07-31T08:26:40.059763065Z,3,GET /api/v1/scans,GET,200,13.008,True
2026-07-31T08:26:40.101897718Z,17,GET /api/v1/scans,GET,200,7.366,True
2026-07-31T08:26:40.123649883Z,15,GET /api/v1/scans,GET,200,8.478,True
2026-07-31T08:26:40.148897491Z,4,GET /api/v1/user/profile,GET,200,4.385,True
2026-07-31T08:26:40.194898333Z,11,POST /api/v1/scans,POST,409,40.364,False
2026-07-31T08:26:40.195387736Z,2,GET /api/v1/scans,GET,200,6.697,True
2026-07-31T08:26:40.352608696Z,1,GET /api/v1/scans/{id},GET,200,4.097,True
2026-07-31T08:26:40.360458452Z,8,GET /api/v1/user/profile,GET,200,3.577,True
2026-07-31T08:26:40.472064205Z,16,GET /api/v1/scans,GET,200,7.466,True
2026-07-31T08:26:40.485122292Z,18,GET /api/v1/scans,GET,200,5.711,True
2026-07-31T08:26:40.509314272Z,10,GET /api/v1/scans,GET,200,5.547,True
2026-07-31T08:26:40.629289245Z,19,GET /api/v1/scans/{id},GET,200,4.392,True
2026-07-31T08:26:40.773162329Z,4,GET /api/v1/scans/{id},GET,200,4.148,True
2026-07-31T08:26:40.86320817Z,11,GET /api/v1/scans,GET,200,6.098,True
2026-07-31T08:26:40.903889422Z,9,GET /api/v1/scans,GET,200,5.329,True
2026-07-31T08:26:41.264773564Z,15,GET /api/v1/scans/{id},GET,200,8.523,True
2026-07-31T08:26:41.322646632Z,1,GET /api/v1/scans,GET,200,6.484,True
