timestamp,virtual_user,endpoint,method,status_code,response_time_ms,success
2026-07-31T03:38:40.699809921Z,1,POST /api/v1/auth/login,POST,200,1384.952,True
2026-07-31T03:38:41.525745639Z,3,POST /api/v1/auth/login,POST,200,2309.771,True
2026-07-31T03:38:43.015268174Z,4,POST /api/v1/auth/login,POST,200,3599.068,True
2026-07-31T03:38:43.257078672Z,19,POST /api/v1/auth/login,POST,200,3743.06,True
2026-07-31T03:38:43.781908138Z,3,GET /api/v1/user/profile,GET,200,2255.83,True
2026-07-31T03:38:43.791823246Z,1,GET /api/v1/scans,GET,200,3091.781,True
2026-07-31T03:38:44.295781296Z,9,POST /api/v1/auth/login,POST,200,3981.425,True
2026-07-31T03:38:45.277568998Z,16,POST /api/v1/auth/login,POST,200,5463.215,True
2026-07-31T03:38:45.522591736Z,10,POST /api/v1/auth/login,POST,200,4807.812,True
2026-07-31T03:38:45.524246103Z,3,GET /api/v1/scans,GET,401,615.575,False
2026-07-31T03:38:45.524270572Z,1,GET /api/v1/scans,GET,401,514.989,False
2026-07-31T03:38:45.531386833Z,6,POST /api/v1/auth/login,POST,200,5416.786,True
2026-07-31T03:38:45.539375262Z,19,GET /api/v1/scans,GET,200,2282.087,True
2026-07-31T03:38:46.509313253Z,4,GET /api/v1/scans,GET,200,3493.865,True
2026-07-31T03:38:46.510534913Z,23,POST /api/v1/auth/login,POST,200,6495.96,True
2026-07-31T03:38:47.051866532Z,11,POST /api/v1/auth/login,POST,200,6138.088,True
2026-07-31T03:38:47.054973263Z,1,GET /api/v1/scans,GET,401,702.928,False
2026-07-31T03:38:47.057915566Z,3,GET /api/v1/user/profile,GET,401,293.074,False
2026-07-31T03:38:47.063069862Z,19,GET /api/v1/scans,GET,401,98.191,False
2026-07-31T03:38:47.155576956Z,4,GET /api/v1/scans,GET,401,4.324,False
2026-07-31T03:38:47.822500542Z,19,GET /api/v1/user/profile,GET,401,2.036,False
2026-07-31T03:38:48.271558109Z,4,GET /api/v1/user/profile,GET,401,1.499,False
2026-07-31T03:38:48.387220571Z,1,GET /api/v1/scans,GET,401,2.612,False
2026-07-31T03:38:48.516048161Z,19,GET /api/v1/user/profile,GET,401,2.295,False
2026-07-31T03:38:48.536006663Z,3,GET /api/v1/scans,GET,401,1.504,False
2026-07-31T03:38:49.068976027Z,1,GET /api/v1/scans/{id},GET,401,1.921,False
2026-07-31T03:38:49.43200133Z,19,POST /api/v1/scans,POST,401,2.25,False
2026-07-31T03:38:49.445681047Z,4,GET /api/v1/user/profile,GET,401,1.441,False
2026-07-31T03:38:49.592765545Z,1,GET /api/v1/scans,GET,401,1.429,False
2026-07-31T03:38:49.600664422Z,3,GET /api/v1/scans,GET,401,1.588,False
2026-07-31T03:38:50.049066785Z,4,GET /api/v1/scans,GET,401,2.795,False
2026-07-31T03:38:50.653819276Z,3,GET /api/v1/scans,GET,401,1.641,False
2026-07-31T03:38:50.787362312Z,1,GET /api/v1/user/profile,GET,401,1.515,False
2026-07-31T03:38:50.830271451Z,19,GET /api/v1/scans,GET,401,1.909,False
2026-07-31T03:38:51.324867715Z,1,GET /api/v1/scans/{id},GET,401,1.54,False
2026-07-31T03:38:51.479240645Z,19,GET /api/v1/scans,GET,401,1.794,False
2026-07-31T03:38:51.489640761Z,4,GET /api/v1/scans,GET,401,2.085,False
2026-07-31T03:38:51.80627255Z,3,GET /api/v1/scans,GET,401,1.969,False
2026-07-31T03:38:52.365700232Z,1,POST /api/v1/scans,POST,401,2.724,False
2026-07-31T03:38:52.444920292Z,4,GET /api/v1/scans,GET,401,1.613,False
2026-07-31T03:38:52.696787046Z,19,GET /api/v1/scans,GET,401,1.84,False
2026-07-31T03:38:52.822702748Z,3,POST /api/v1/scans,POST,401,2.032,False
2026-07-31T03:38:53.188400109Z,4,GET /api/v1/scans,GET,401,2.75,False
2026-07-31T03:38:53.238185027Z,19,GET /api/v1/user/profile,GET,401,1.659,False
2026-07-31T03:38:53.391054773Z,3,GET /api/v1/scans,GET,401,1.939,False
2026-07-31T03:38:53.709247473Z,1,POST /api/v1/scans,POST,401,2.449,False
2026-07-31T03:38:53.948345873Z,19,POST /api/v1/scans,POST,401,2.123,False
2026-07-31T03:38:53.96336889Z,4,GET /api/v1/scans,GET,401,1.552,False
2026-07-31T03:38:54.360048828Z,3,GET /api/v1/scans,GET,401,1.487,False
2026-07-31T03:38:54.974804865Z,1,GET /api/v1/user/profile,GET,401,2.984,False
2026-07-31T03:38:55.15185726Z,4,GET /api/v1/user/profile,GET,401,2.649,False
2026-07-31T03:38:55.198940044Z,19,GET /api/v1/scans,GET,401,2.225,False
2026-07-31T03:38:55.535865821Z,3,GET /api/v1/scans,GET,401,2.851,False
2026-07-31T03:38:55.85065105Z,1,GET /api/v1/scans,GET,401,3.351,False
2026-07-31T03:38:55.911085209Z,19,GET /api/v1/scans,GET,401,1.781,False
2026-07-31T03:38:56.329388511Z,4,POST /api/v1/scans,POST,401,3.067,False
2026-07-31T03:38:56.929062154Z,3,GET /api/v1/scans,GET,401,1.616,False
2026-07-31T03:38:57.172093732Z,4,GET /api/v1/scans,GET,401,1.854,False
2026-07-31T03:38:57.186434072Z,1,GET /api/v1/scans/{id},GET,401,1.965,False
2026-07-31T03:38:57.273672033Z,19,GET /api/v1/user/profile,GET,401,2.062,False
2026-07-31T03:38:57.566462021Z,3,GET /api/v1/scans,GET,401,2.411,False
2026-07-31T03:38:58.198794077Z,1,GET /api/v1/scans,GET,401,2.696,False
2026-07-31T03:38:58.237789064Z,4,GET /api/v1/scans,GET,401,1.891,False
2026-07-31T03:38:58.752757362Z,19,GET /api/v1/user/profile,GET,401,2.504,False
2026-07-31T03:38:58.778735302Z,3,GET /api/v1/user/profile,GET,401,2.33,False
2026-07-31T03:38:59.127090665Z,4,GET /api/v1/user/profile,GET,401,2.162,False
2026-07-31T03:38:59.295484534Z,19,GET /api/v1/scans,GET,401,1.336,False
2026-07-31T03:38:59.622218659Z,1,POST /api/v1/scans,POST,401,2.309,False
2026-07-31T03:38:59.720115859Z,3,GET /api/v1/scans,GET,401,1.415,False
2026-07-31T03:38:59.776365168Z,4,GET /api/v1/scans,GET,401,2.727,False
2026-07-31T03:39:00.180249355Z,1,GET /api/v1/user/profile,GET,401,1.722,False
2026-07-31T03:39:00.253157842Z,19,GET /api/v1/user/profile,GET,401,2.789,False
2026-07-31T03:39:00.457086997Z,4,GET /api/v1/scans,GET,401,2.111,False
2026-07-31T03:39:00.487151383Z,3,GET /api/v1/scans,GET,401,1.523,False
2026-07-31T03:39:00.80021523Z,1,POST /api/v1/scans,POST,401,2.115,False
2026-07-31T03:39:01.039002396Z,19,GET /api/v1/scans,GET,401,1.411,False
2026-07-31T03:39:01.940815087Z,4,GET /api/v1/scans,GET,401,1.85,False
2026-07-31T03:39:01.965301342Z,3,GET /api/v1/scans,GET,401,1.692,False
2026-07-31T03:39:01.993126015Z,19,GET /api/v1/scans,GET,401,2.446,False
2026-07-31T03:39:02.134479244Z,1,POST /api/v1/scans,POST,401,2.476,False
2026-07-31T03:39:02.510035105Z,3,GET /api/v1/user/profile,GET,401,1.424,False
2026-07-31T03:39:03.276767728Z,3,GET /api/v1/scans,GET,401,2.514,False
2026-07-31T03:39:03.371163822Z,1,GET /api/v1/scans/{id},GET,401,1.543,False
2026-07-31T03:39:03.392216763Z,19,GET /api/v1/user/profile,GET,401,1.375,False
2026-07-31T03:39:03.421405041Z,4,GET /api/v1/scans,GET,401,2.038,False
2026-07-31T03:39:04.611982138Z,1,GET /api/v1/scans/{id},GET,401,1.765,False
2026-07-31T03:39:04.671703609Z,3,GET /api/v1/scans,GET,401,1.611,False
2026-07-31T03:39:04.750081478Z,4,POST /api/v1/scans,POST,401,2.206,False
2026-07-31T03:39:04.784768009Z,19,GET /api/v1/user/profile,GET,401,2.599,False
2026-07-31T03:39:05.401524069Z,1,GET /api/v1/scans/{id},GET,401,2.787,False
2026-07-31T03:39:05.850563833Z,3,GET /api/v1/user/profile,GET,401,2.68,False
2026-07-31T03:39:05.983852807Z,19,POST /api/v1/scans,POST,401,4.451,False
2026-07-31T03:39:06.154482581Z,4,GET /api/v1/scans,GET,401,2.668,False
2026-07-31T03:39:06.381447698Z,3,GET /api/v1/user/profile,GET,401,3.029,False
2026-07-31T03:39:06.735197855Z,1,GET /api/v1/scans/{id},GET,401,1.37,False
2026-07-31T03:39:06.897672386Z,19,POST /api/v1/scans,POST,401,2.499,False
2026-07-31T03:39:06.980360113Z,4,GET /api/v1/scans,GET,401,1.624,False
2026-07-31T03:39:07.476039491Z,19,GET /api/v1/user/profile,GET,401,3.262,False
2026-07-31T03:39:07.625396516Z,1,GET /api/v1/scans/{id},GET,401,3.184,False
2026-07-31T03:39:07.772039473Z,3,GET /api/v1/scans,GET,401,1.581,False
2026-07-31T03:39:07.842673446Z,4,GET /api/v1/user/profile,GET,401,1.578,False
2026-07-31T03:39:08.11860848Z,19,GET /api/v1/scans,GET,401,1.481,False
2026-07-31T03:39:08.417649828Z,1,GET /api/v1/user/profile,GET,401,3.132,False
2026-07-31T03:39:09.11895646Z,4,GET /api/v1/scans,GET,401,1.636,False
2026-07-31T03:39:09.195569907Z,3,GET /api/v1/scans,GET,401,1.909,False
2026-07-31T03:39:09.266353765Z,19,GET /api/v1/scans,GET,401,1.512,False
2026-07-31T03:39:09.574427363Z,1,GET /api/v1/scans,GET,401,1.937,False
2026-07-31T03:39:09.631844179Z,4,GET /api/v1/scans,GET,401,1.647,False
2026-07-31T03:39:10.025521466Z,19,GET /api/v1/scans,GET,401,3.843,False
2026-07-31T03:39:10.13056355Z,1,GET /api/v1/scans/{id},GET,401,1.281,False
2026-07-31T03:39:10.620964251Z,3,GET /api/v1/scans,GET,401,1.389,False
2026-07-31T03:39:10.698079202Z,4,GET /api/v1/scans,GET,401,1.307,False
2026-07-31T03:39:10.873733594Z,1,GET /api/v1/scans,GET,401,2.908,False
2026-07-31T03:39:11.087458962Z,19,GET /api/v1/scans,GET,401,2.831,False
2026-07-31T03:39:11.407457571Z,4,GET /api/v1/scans,GET,401,3.234,False
2026-07-31T03:39:11.737086124Z,19,GET /api/v1/scans,GET,401,1.389,False
2026-07-31T03:39:11.967732597Z,1,GET /api/v1/user/profile,GET,401,1.795,False
2026-07-31T03:39:12.09260026Z,3,GET /api/v1/scans,GET,401,1.684,False
2026-07-31T03:39:12.309703196Z,19,GET /api/v1/scans,GET,401,1.416,False
2026-07-31T03:39:12.508256095Z,4,GET /api/v1/scans,GET,401,1.974,False
2026-07-31T03:39:12.847882878Z,1,GET /api/v1/user/profile,GET,401,1.481,False
2026-07-31T03:39:13.001085508Z,3,GET /api/v1/scans,GET,401,2.903,False
2026-07-31T03:39:13.045640091Z,19,GET /api/v1/scans,GET,401,2.015,False
2026-07-31T03:39:13.288965708Z,2,POST /api/v1/auth/login,POST,500,32474.662,False
2026-07-31T03:39:13.551497042Z,21,POST /api/v1/auth/login,POST,500,31637.273,False
2026-07-31T03:39:13.618302618Z,4,POST /api/v1/scans,POST,401,3.953,False
2026-07-31T03:39:13.734243163Z,3,GET /api/v1/user/profile,GET,401,1.393,False
2026-07-31T03:39:13.776448276Z,19,GET /api/v1/user/profile,GET,401,1.448,False
2026-07-31T03:39:13.806852903Z,13,POST /api/v1/auth/login,POST,500,31293.011,False
2026-07-31T03:39:13.806901907Z,43,POST /api/v1/auth/login,POST,500,31392.66,False
2026-07-31T03:39:13.816126202Z,22,POST /api/v1/auth/login,POST,500,33402.353,False
2026-07-31T03:39:13.821035498Z,26,POST /api/v1/auth/login,POST,500,31206.546,False
2026-07-31T03:39:14.068446731Z,48,POST /api/v1/auth/login,POST,500,31354.155,False
2026-07-31T03:39:14.079716944Z,44,POST /api/v1/auth/login,POST,500,31065.296,False
2026-07-31T03:39:14.079765962Z,46,POST /api/v1/auth/login,POST,500,31165.341,False
2026-07-31T03:39:14.192653073Z,1,GET /api/v1/user/profile,GET,401,2.271,False
2026-07-31T03:39:14.281316407Z,3,GET /api/v1/scans,GET,401,1.722,False
2026-07-31T03:39:14.295620383Z,45,POST /api/v1/auth/login,POST,500,31180.956,False
2026-07-31T03:39:14.547614929Z,12,POST /api/v1/auth/login,POST,500,34633.905,False
2026-07-31T03:39:14.559400711Z,8,POST /api/v1/auth/login,POST,500,34044.728,False
2026-07-31T03:39:14.607235447Z,36,POST /api/v1/auth/login,POST,500,31093.537,False
2026-07-31T03:39:14.607317978Z,20,POST /api/v1/auth/login,POST,500,30993.243,False
2026-07-31T03:39:14.607317987Z,51,POST /api/v1/auth/login,POST,500,30893.596,False
2026-07-31T03:39:14.607507445Z,30,POST /api/v1/auth/login,POST,500,31293.071,False
2026-07-31T03:39:14.607513451Z,49,POST /api/v1/auth/login,POST,500,31193.54,False
2026-07-31T03:39:14.607525972Z,47,POST /api/v1/auth/login,POST,500,31393.237,False
2026-07-31T03:39:14.630346873Z,9,GET /api/v1/user/profile,GET,500,30334.337,False
2026-07-31T03:39:14.630435617Z,53,POST /api/v1/auth/login,POST,500,30816.236,False
2026-07-31T03:39:14.630440099Z,58,POST /api/v1/auth/login,POST,500,30716.125,False
2026-07-31T03:39:14.631749198Z,2,GET /api/v1/scans,GET,401,341.697,False
2026-07-31T03:39:14.663652327Z,28,POST /api/v1/auth/login,POST,500,30549.122,False
2026-07-31T03:39:14.663654238Z,32,POST /api/v1/auth/login,POST,500,33649.312,False
2026-07-31T03:39:14.663712869Z,5,POST /api/v1/auth/login,POST,500,35049.565,False
2026-07-31T03:39:14.663816115Z,60,POST /api/v1/auth/login,POST,500,30449.205,False
2026-07-31T03:39:14.673208694Z,24,POST /api/v1/auth/login,POST,500,34059.062,False
2026-07-31T03:39:14.67422229Z,4,GET /api/v1/scans,GET,401,157.1,False
2026-07-31T03:39:14.914640323Z,21,GET /api/v1/scans,GET,401,361.015,False
2026-07-31T03:39:15.396608734Z,7,POST /api/v1/auth/login,POST,200,35182.167,True
2026-07-31T03:39:15.400532515Z,19,GET /api/v1/user/profile,GET,401,658.27,False
2026-07-31T03:39:15.403439185Z,13,GET /api/v1/user/profile,GET,401,595.654,False
2026-07-31T03:39:15.405311546Z,18,POST /api/v1/auth/login,POST,200,35690.675,True
2026-07-31T03:39:15.405353048Z,43,GET /api/v1/scans,GET,401,597.467,False
2026-07-31T03:39:15.645794055Z,26,GET /api/v1/scans,GET,401,823.577,False
2026-07-31T03:39:15.654898462Z,48,GET /api/v1/scans,GET,401,585.698,False
2026-07-31T03:39:15.655002121Z,63,POST /api/v1/auth/login,POST,500,31040.59,False
2026-07-31T03:39:15.65837459Z,44,GET /api/v1/scans,GET,401,577.572,False
2026-07-31T03:39:15.661138142Z,3,POST /api/v1/scans,POST,401,676.545,False
2026-07-31T03:39:15.661203868Z,22,POST /api/v1/scans,POST,401,843.738,False
2026-07-31T03:39:15.661390594Z,46,GET /api/v1/scans,GET,401,580.463,False
2026-07-31T03:39:15.663343107Z,45,GET /api/v1/scans,GET,401,366.224,False
2026-07-31T03:39:15.665846873Z,9,GET /api/v1/scans,GET,401,316.719,False
2026-07-31T03:39:15.674932545Z,37,POST /api/v1/auth/login,POST,500,34460.383,False
2026-07-31T03:39:15.735301314Z,69,POST /api/v1/auth/login,POST,500,30520.614,False
2026-07-31T03:39:15.735352124Z,67,POST /api/v1/auth/login,POST,500,30721.348,False
2026-07-31T03:39:15.735403151Z,52,POST /api/v1/auth/login,POST,500,30320.826,False
2026-07-31T03:39:15.735446634Z,66,POST /api/v1/auth/login,POST,500,30621.246,False
2026-07-31T03:39:15.735447811Z,10,GET /api/v1/scans,GET,500,30212.639,False
2026-07-31T03:39:15.735453552Z,31,POST /api/v1/auth/login,POST,500,30221.047,False
2026-07-31T03:39:15.735486368Z,54,POST /api/v1/auth/login,POST,500,30421.423,False
2026-07-31T03:39:15.735503179Z,6,POST /api/v1/scans,POST,500,30203.855,False
2026-07-31T03:39:15.735537478Z,65,POST /api/v1/auth/login,POST,500,30921.353,False
2026-07-31T03:39:15.735539311Z,15,POST /api/v1/auth/login,POST,500,30810.865,False
2026-07-31T03:39:15.737287374Z,1,GET /api/v1/scans/{id},GET,401,267.671,False
2026-07-31T03:39:15.738984836Z,12,GET /api/v1/user/profile,GET,401,190.335,False
2026-07-31T03:39:15.741003578Z,8,GET /api/v1/scans,GET,401,180.151,False
2026-07-31T03:39:15.751373083Z,20,GET /api/v1/scans,GET,401,143.365,False
2026-07-31T03:39:15.751463712Z,34,POST /api/v1/auth/login,POST,500,34137.059,False
2026-07-31T03:39:16.232940669Z,30,GET /api/v1/scans,GET,401,624.88,False
2026-07-31T03:39:16.233062855Z,38,POST /api/v1/auth/login,POST,200,35118.61,True
2026-07-31T03:39:16.239419016Z,2,GET /api/v1/user/profile,GET,401,537.503,False
2026-07-31T03:39:16.239459188Z,51,GET /api/v1/scans,GET,401,631.214,False
2026-07-31T03:39:16.241663416Z,47,POST /api/v1/scans,POST,401,633.623,False
2026-07-31T03:39:16.241669108Z,49,GET /api/v1/scans,GET,401,631.984,False
2026-07-31T03:39:16.242884587Z,53,GET /api/v1/scans,GET,401,611.483,False
2026-07-31T03:39:16.244465352Z,36,POST /api/v1/scans,POST,401,636.23,False
2026-07-31T03:39:16.244523603Z,58,GET /api/v1/scans,GET,401,613.014,False
2026-07-31T03:39:16.488924325Z,32,GET /api/v1/scans,GET,401,823.666,False
2026-07-31T03:39:16.491681163Z,5,GET /api/v1/scans,GET,401,826.44,False
2026-07-31T03:39:16.491803195Z,21,GET /api/v1/user/profile,GET,401,571.991,False
2026-07-31T03:39:16.494445155Z,60,GET /api/v1/scans,GET,401,829.175,False
2026-07-31T03:39:16.4945061Z,22,GET /api/v1/user/profile,GET,401,300.041,False
2026-07-31T03:39:16.494599365Z,46,GET /api/v1/scans,GET,401,279.172,False
2026-07-31T03:39:16.495526199Z,28,GET /api/v1/scans,GET,401,829.405,False
2026-07-31T03:39:16.737930524Z,16,GET /api/v1/scans,GET,200,31460.101,True
2026-07-31T03:39:16.737989148Z,24,GET /api/v1/scans,GET,401,1064.089,False
2026-07-31T03:39:16.739919609Z,4,POST /api/v1/scans,POST,401,960.927,False
2026-07-31T03:39:16.746600438Z,43,GET /api/v1/scans,GET,401,369.191,False
2026-07-31T03:39:16.74671322Z,20,GET /api/v1/user/profile,GET,401,439.491,False
2026-07-31T03:39:16.746724554Z,1,GET /api/v1/scans/{id},GET,401,431.2,False
2026-07-31T03:39:16.746756435Z,8,GET /api/v1/scans,GET,401,279.836,False
2026-07-31T03:39:16.746799082Z,19,GET /api/v1/scans,GET,401,430.027,False
2026-07-31T03:39:16.756724893Z,13,GET /api/v1/user/profile,GET,401,153.434,False
2026-07-31T03:39:16.756725273Z,26,GET /api/v1/user/profile,GET,401,29.429,False
2026-07-31T03:39:16.756815005Z,9,GET /api/v1/user/profile,GET,401,247.149,False
2026-07-31T03:39:16.757952652Z,63,GET /api/v1/scans,GET,401,102.452,False
2026-07-31T03:39:16.759090015Z,37,GET /api/v1/user/profile,GET,401,82.659,False
2026-07-31T03:39:16.760051294Z,54,GET /api/v1/user/profile,GET,401,24.194,False
2026-07-31T03:39:16.761048869Z,65,GET /api/v1/scans,GET,401,25.164,False
2026-07-31T03:39:16.763202118Z,31,GET /api/v1/scans,GET,401,27.308,False
2026-07-31T03:39:16.763935919Z,52,GET /api/v1/scans,GET,401,28.038,False
2026-07-31T03:39:16.766039621Z,69,GET /api/v1/scans,GET,401,30.122,False
2026-07-31T03:39:16.767550947Z,66,GET /api/v1/scans,GET,401,31.53,False
2026-07-31T03:39:16.768093723Z,15,POST /api/v1/scans,POST,401,32.176,False
2026-07-31T03:39:16.768097067Z,10,GET /api/v1/user/profile,GET,401,21.488,False
2026-07-31T03:39:16.768589352Z,34,GET /api/v1/user/profile,GET,401,16.013,False
2026-07-31T03:39:16.768654873Z,67,POST /api/v1/scans,POST,401,32.647,False
2026-07-31T03:39:16.786190073Z,48,GET /api/v1/scans,GET,401,2.025,False
2026-07-31T03:39:16.830940924Z,44,GET /api/v1/user/profile,GET,401,1.603,False
2026-07-31T03:39:16.928278367Z,2,GET /api/v1/scans,GET,401,2.106,False
2026-07-31T03:39:16.963037625Z,58,GET /api/v1/scans,GET,401,2.001,False
2026-07-31T03:39:16.996282397Z,45,GET /api/v1/scans,GET,401,1.892,False
2026-07-31T03:39:17.019907194Z,6,GET /api/v1/scans,GET,401,1.847,False
2026-07-31T03:39:17.027179146Z,30,GET /api/v1/scans,GET,401,1.904,False
2026-07-31T03:39:17.05315997Z,22,GET /api/v1/user/profile,GET,401,1.594,False
2026-07-31T03:39:17.063948537Z,29,POST /api/v1/auth/login,POST,500,34848.959,False
2026-07-31T03:39:17.118079523Z,85,POST /api/v1/auth/login,POST,500,31104.211,False
2026-07-31T03:39:17.118147434Z,76,POST /api/v1/auth/login,POST,500,30503.567,False
2026-07-31T03:39:17.118229661Z,81,POST /api/v1/auth/login,POST,500,30903.369,False
2026-07-31T03:39:17.118246419Z,77,POST /api/v1/auth/login,POST,500,30804.027,False
2026-07-31T03:39:17.11825302Z,80,POST /api/v1/auth/login,POST,500,30604.017,False
2026-07-31T03:39:17.11825966Z,72,POST /api/v1/auth/login,POST,500,31003.563,False
2026-07-31T03:39:17.118269604Z,86,POST /api/v1/auth/login,POST,500,30703.852,False
2026-07-31T03:39:17.118306951Z,74,POST /api/v1/auth/login,POST,500,30403.364,False
2026-07-31T03:39:17.136487253Z,79,POST /api/v1/auth/login,POST,500,30121.493,False
2026-07-31T03:39:17.136487254Z,55,POST /api/v1/auth/login,POST,500,30221.465,False
2026-07-31T03:39:17.13656563Z,78,POST /api/v1/auth/login,POST,500,30322.154,False
2026-07-31T03:39:17.150115975Z,71,POST /api/v1/auth/login,POST,500,30035.57,False
2026-07-31T03:39:17.150560744Z,12,GET /api/v1/scans,GET,401,56.306,False
2026-07-31T03:39:17.150580091Z,3,GET /api/v1/scans,GET,401,59.669,False
2026-07-31T03:39:17.151962491Z,5,POST /api/v1/scans,POST,401,62.404,False
2026-07-31T03:39:17.152093642Z,28,POST /api/v1/scans,POST,401,53.414,False
2026-07-31T03:39:17.428448859Z,11,GET /api/v1/scans,GET,200,30376.351,True
2026-07-31T03:39:17.456573542Z,89,POST /api/v1/auth/login,POST,500,30142.118,False
2026-07-31T03:39:17.456648206Z,56,POST /api/v1/auth/login,POST,500,30041.749,False
2026-07-31T03:39:17.457216972Z,53,GET /api/v1/user/profile,GET,401,169.066,False
2026-07-31T03:39:17.457245302Z,52,GET /api/v1/user/profile,GET,401,75.282,False
2026-07-31T03:39:17.45731088Z,8,GET /api/v1/scans,GET,401,146.648,False
2026-07-31T03:39:17.457330222Z,9,GET /api/v1/user/profile,GET,401,87.956,False
2026-07-31T03:39:17.457348509Z,21,GET /api/v1/user/profile,GET,401,142.968,False
2026-07-31T03:39:17.457351492Z,26,GET /api/v1/user/profile,GET,401,141.626,False
2026-07-31T03:39:17.457449243Z,1,GET /api/v1/scans,GET,401,169.42,False
2026-07-31T03:39:17.457449685Z,48,GET /api/v1/user/profile,GET,401,102.59,False
2026-07-31T03:39:17.458616866Z,47,POST /api/v1/scans,POST,401,244.457,False
2026-07-31T03:39:17.501632521Z,4,GET /api/v1/scans,GET,401,2.435,False
2026-07-31T03:39:17.521860133Z,92,POST /api/v1/auth/login,POST,500,30007.544,False
2026-07-31T03:39:17.547720046Z,51,GET /api/v1/scans,GET,401,2.581,False
2026-07-31T03:39:17.548119662Z,36,GET /api/v1/user/profile,GET,401,2.829,False
2026-07-31T03:39:17.549022965Z,46,GET /api/v1/scans,GET,401,1.454,False
2026-07-31T03:39:17.591847152Z,32,GET /api/v1/user/profile,GET,401,1.919,False
2026-07-31T03:39:17.593548003Z,13,GET /api/v1/user/profile,GET,401,1.524,False
2026-07-31T03:39:17.612345682Z,37,GET /api/v1/user/profile,GET,401,1.957,False
2026-07-31T03:39:17.623171366Z,87,POST /api/v1/auth/login,POST,500,30008.881,False
2026-07-31T03:39:17.624920998Z,34,GET /api/v1/scans,GET,401,5.026,False
2026-07-31T03:39:17.666530365Z,65,GET /api/v1/scans,GET,401,1.885,False
2026-07-31T03:39:17.675222314Z,12,GET /api/v1/scans,GET,401,2.337,False
2026-07-31T03:39:17.675267329Z,60,GET /api/v1/user/profile,GET,401,2.373,False
2026-07-31T03:39:17.694074219Z,15,GET /api/v1/scans,GET,401,1.447,False
2026-07-31T03:39:17.723166737Z,68,POST /api/v1/auth/login,POST,500,30008.704,False
2026-07-31T03:39:17.725716796Z,49,GET /api/v1/scans,GET,401,1.377,False
2026-07-31T03:39:17.729035775Z,31,GET /api/v1/scans,GET,401,1.025,False
2026-07-31T03:39:17.795229467Z,16,GET /api/v1/scans,GET,401,1.537,False
2026-07-31T03:39:17.822850262Z,94,POST /api/v1/auth/login,POST,500,30007.548,False
2026-07-31T03:39:17.824049745Z,69,GET /api/v1/scans,GET,401,1.15,False
2026-07-31T03:39:17.838695339Z,54,GET /api/v1/user/profile,GET,401,1.193,False
2026-07-31T03:39:17.892562225Z,3,GET /api/v1/scans,GET,401,1.309,False
2026-07-31T03:39:17.898777651Z,10,GET /api/v1/scans,GET,401,0.982,False
2026-07-31T03:39:17.921081538Z,93,POST /api/v1/auth/login,POST,500,30006.617,False
2026-07-31T03:39:17.922092881Z,58,POST /api/v1/scans,POST,401,8.562,False
2026-07-31T03:39:17.922484727Z,66,GET /api/v1/scans,GET,401,5.797,False
2026-07-31T03:39:17.929585196Z,43,GET /api/v1/scans,GET,401,3.572,False
2026-07-31T03:39:17.974161433Z,19,GET /api/v1/user/profile,GET,401,1.741,False
2026-07-31T03:39:17.982345579Z,24,GET /api/v1/user/profile,GET,401,1.825,False
2026-07-31T03:39:17.983796287Z,20,POST /api/v1/scans,POST,401,2.042,False
2026-07-31T03:39:17.991202753Z,48,POST /api/v1/scans,POST,401,2.083,False
2026-07-31T03:39:18.004286921Z,45,GET /api/v1/scans,GET,401,1.555,False
2026-07-31T03:39:18.021182409Z,73,POST /api/v1/auth/login,POST,500,30006.333,False
2026-07-31T03:39:18.03205247Z,6,GET /api/v1/user/profile,GET,401,1.514,False
2026-07-31T03:39:18.064062321Z,11,GET /api/v1/scans/{id},GET,401,1.452,False
2026-07-31T03:39:18.065729198Z,29,GET /api/v1/user/profile,GET,401,1.225,False
2026-07-31T03:39:18.082861635Z,63,GET /api/v1/scans,GET,401,1.38,False
2026-07-31T03:39:18.102074769Z,44,GET /api/v1/scans,GET,401,1.484,False
2026-07-31T03:39:18.121675087Z,91,POST /api/v1/auth/login,POST,500,30007.274,False
2026-07-31T03:39:18.126709217Z,72,GET /api/v1/user/profile,GET,401,7.21,False
2026-07-31T03:39:18.127647954Z,76,GET /api/v1/scans,GET,401,8.148,False
2026-07-31T03:39:18.128111198Z,77,GET /api/v1/user/profile,GET,401,8.577,False
2026-07-31T03:39:18.128621133Z,85,GET /api/v1/user/profile,GET,401,9.062,False
2026-07-31T03:39:18.129175149Z,86,GET /api/v1/scans,GET,401,9.564,False
2026-07-31T03:39:18.129641427Z,81,GET /api/v1/user/profile,GET,401,10.004,False
2026-07-31T03:39:18.129968844Z,80,GET /api/v1/scans,GET,401,10.229,False
2026-07-31T03:39:18.130076141Z,74,GET /api/v1/scans,GET,401,10.223,False
2026-07-31T03:39:18.140566986Z,78,GET /api/v1/scans,GET,401,2.894,False
2026-07-31T03:39:18.140919286Z,79,GET /api/v1/scans,GET,401,3.274,False
2026-07-31T03:39:18.140968205Z,55,GET /api/v1/scans,GET,401,3.317,False
2026-07-31T03:39:18.15292584Z,71,GET /api/v1/user/profile,GET,401,1.406,False
2026-07-31T03:39:18.17761965Z,67,GET /api/v1/scans,GET,401,2.298,False
2026-07-31T03:39:18.189633905Z,13,GET /api/v1/user/profile,GET,401,1.706,False
2026-07-31T03:39:18.198187344Z,22,GET /api/v1/scans,GET,401,1.297,False
2026-07-31T03:39:18.220883795Z,95,POST /api/v1/auth/login,POST,500,30006.889,False
2026-07-31T03:39:18.253786201Z,49,POST /api/v1/scans,POST,401,2.336,False
2026-07-31T03:39:18.259357024Z,30,GET /api/v1/scans,GET,401,1.104,False
2026-07-31T03:39:18.276014807Z,34,POST /api/v1/scans,POST,401,2.059,False
2026-07-31T03:39:18.313745331Z,65,GET /api/v1/user/profile,GET,401,1.764,False
2026-07-31T03:39:18.321392527Z,57,POST /api/v1/auth/login,POST,500,30006.963,False
2026-07-31T03:39:18.385388479Z,2,GET /api/v1/user/profile,GET,401,1.428,False
2026-07-31T03:39:18.423416946Z,100,POST /api/v1/auth/login,POST,500,30008.394,False
2026-07-31T03:39:18.430716801Z,4,GET /api/v1/user/profile,GET,401,1.109,False
2026-07-31T03:39:18.445887917Z,3,GET /api/v1/scans,GET,401,1.803,False
2026-07-31T03:39:18.445935227Z,21,GET /api/v1/user/profile,GET,401,1.728,False
2026-07-31T03:39:18.460104392Z,89,GET /api/v1/user/profile,GET,401,1.973,False
2026-07-31T03:39:18.460104463Z,56,GET /api/v1/user/profile,GET,401,1.983,False
2026-07-31T03:39:18.476625286Z,28,GET /api/v1/user/profile,GET,401,1.118,False
2026-07-31T03:39:18.490062101Z,31,GET /api/v1/user/profile,GET,401,0.979,False
2026-07-31T03:39:18.50583811Z,1,GET /api/v1/scans,GET,401,1.328,False
2026-07-31T03:39:18.51479716Z,5,GET /api/v1/scans,GET,401,1.675,False
2026-07-31T03:39:18.52242358Z,99,POST /api/v1/auth/login,POST,500,30008.423,False
2026-07-31T03:39:18.525051846Z,92,GET /api/v1/scans,GET,401,2.183,False
2026-07-31T03:39:18.570503202Z,46,GET /api/v1/scans,GET,401,1.919,False
2026-07-31T03:39:18.571604894Z,19,GET /api/v1/user/profile,GET,401,1.726,False
2026-07-31T03:39:18.606770881Z,37,GET /api/v1/user/profile,GET,401,1.4,False
2026-07-31T03:39:18.621917002Z,90,POST /api/v1/auth/login,POST,500,30007.539,False
2026-07-31T03:39:18.626032151Z,87,POST /api/v1/scans,POST,401,1.628,False
2026-07-31T03:39:18.645707772Z,26,POST /api/v1/scans,POST,401,1.988,False
2026-07-31T03:39:18.672728599Z,16,POST /api/v1/scans,POST,401,3.096,False
2026-07-31T03:39:18.673354914Z,53,GET /api/v1/user/profile,GET,401,1.51,False
2026-07-31T03:39:18.691184132Z,29,POST /api/v1/scans,POST,401,2.242,False
2026-07-31T03:39:18.722100214Z,88,POST /api/v1/auth/login,POST,500,30007.437,False
2026-07-31T03:39:18.723861339Z,51,GET /api/v1/scans,GET,401,1.61,False
2026-07-31T03:39:18.725921455Z,68,GET /api/v1/scans,GET,401,1.757,False
2026-07-31T03:39:18.732176313Z,36,GET /api/v1/scans,GET,401,1.807,False
2026-07-31T03:39:18.7792568Z,47,GET /api/v1/scans,GET,401,2.069,False
2026-07-31T03:39:18.795735944Z,13,GET /api/v1/user/profile,GET,401,1.904,False
2026-07-31T03:39:18.822243317Z,96,POST /api/v1/auth/login,POST,500,30007.676,False
2026-07-31T03:39:18.825065163Z,79,GET /api/v1/scans,GET,401,3.806,False
2026-07-31T03:39:18.826254845Z,69,POST /api/v1/scans,POST,401,3.826,False
2026-07-31T03:39:18.826662536Z,94,GET /api/v1/scans,GET,401,2.787,False
2026-07-31T03:39:18.848679414Z,8,GET /api/v1/user/profile,GET,401,1.483,False
2026-07-31T03:39:18.849807764Z,9,GET /api/v1/scans,GET,401,0.986,False
2026-07-31T03:39:18.88821678Z,72,GET /api/v1/user/profile,GET,401,2.551,False
2026-07-31T03:39:18.924309032Z,97,POST /api/v1/auth/login,POST,500,30009.14,False
2026-07-31T03:39:18.926406378Z,93,GET /api/v1/scans,GET,401,4.469,False
2026-07-31T03:39:18.928853328Z,15,POST /api/v1/scans,POST,401,2.446,False
2026-07-31T03:39:18.935394392Z,52,GET /api/v1/scans,GET,401,1.205,False
2026-07-31T03:39:18.9379407Z,86,POST /api/v1/scans,POST,401,2.38,False
2026-07-31T03:39:18.955394694Z,3,GET /api/v1/scans,GET,401,1.7,False
2026-07-31T03:39:18.970348884Z,12,GET /api/v1/scans,GET,401,1.529,False
2026-07-31T03:39:18.993046341Z,76,GET /api/v1/scans,GET,401,1.32,False
2026-07-31T03:39:18.994052528Z,43,GET /api/v1/scans,GET,401,1.06,False
2026-07-31T03:39:19.001514679Z,32,GET /api/v1/scans,GET,401,1.083,False
2026-07-31T03:39:19.011965385Z,85,POST /api/v1/scans,POST,401,2.133,False
2026-07-31T03:39:19.021948204Z,98,POST /api/v1/auth/login,POST,500,30007.764,False
2026-07-31T03:39:19.02389365Z,73,GET /api/v1/scans,GET,401,1.423,False
2026-07-31T03:39:19.039695732Z,21,GET /api/v1/scans,GET,401,1.138,False
2026-07-31T03:39:19.047589426Z,6,GET /api/v1/user/profile,GET,401,1.156,False
2026-07-31T03:39:19.060884169Z,78,GET /api/v1/user/profile,GET,401,1.695,False
2026-07-31T03:39:19.121953223Z,83,POST /api/v1/auth/login,POST,500,30007.78,False
2026-07-31T03:39:19.123925688Z,91,GET /api/v1/scans,GET,401,1.587,False
2026-07-31T03:39:19.125314863Z,80,GET /api/v1/user/profile,GET,401,1.336,False
2026-07-31T03:39:19.13621204Z,34,GET /api/v1/user/profile,GET,401,1.576,False
2026-07-31T03:39:19.144763771Z,74,GET /api/v1/user/profile,GET,401,1.126,False
2026-07-31T03:39:19.153384134Z,60,GET /api/v1/scans,GET,401,1.142,False
2026-07-31T03:39:19.155203206Z,1,GET /api/v1/user/profile,GET,401,0.938,False
2026-07-31T03:39:19.162482221Z,2,POST /api/v1/scans,POST,401,2.002,False
2026-07-31T03:39:19.168990426Z,54,GET /api/v1/user/profile,GET,401,1.219,False
2026-07-31T03:39:19.183554816Z,45,GET /api/v1/scans,GET,401,3.145,False
2026-07-31T03:39:19.184116903Z,48,POST /api/v1/scans,POST,401,3.7,False
2026-07-31T03:39:19.185890755Z,66,POST /api/v1/scans,POST,401,1.804,False
2026-07-31T03:39:19.204810987Z,37,GET /api/v1/scans,GET,401,3.312,False
2026-07-31T03:39:19.204855337Z,89,GET /api/v1/scans,GET,401,3.407,False
2026-07-31T03:39:19.204976071Z,10,GET /api/v1/scans,GET,401,3.388,False
2026-07-31T03:39:19.223961631Z,77,GET /api/v1/scans,GET,401,2.17,False
2026-07-31T03:39:19.224441371Z,95,POST /api/v1/scans,POST,401,2.59,False
2026-07-31T03:39:19.236321445Z,11,POST /api/v1/scans,POST,401,2.222,False
2026-07-31T03:39:19.264416118Z,26,POST /api/v1/scans,POST,401,2.077,False
2026-07-31T03:39:19.288263054Z,30,GET /api/v1/scans,GET,401,2.128,False
2026-07-31T03:39:19.301501111Z,81,POST /api/v1/scans,POST,401,2.332,False
2026-07-31T03:39:19.316555382Z,24,GET /api/v1/scans,GET,401,1.473,False
2026-07-31T03:39:19.323248158Z,57,GET /api/v1/user/profile,GET,401,1.186,False
2026-07-31T03:39:19.339126488Z,5,GET /api/v1/user/profile,GET,401,1.468,False
2026-07-31T03:39:19.340226985Z,13,GET /api/v1/scans,GET,401,1.07,False
2026-07-31T03:39:19.348808412Z,51,GET /api/v1/scans,GET,401,1.286,False
2026-07-31T03:39:19.350564403Z,22,GET /api/v1/scans,GET,401,1.482,False
2026-07-31T03:39:19.351942742Z,55,POST /api/v1/scans,POST,401,1.941,False
2026-07-31T03:39:19.365590658Z,63,GET /api/v1/scans,GET,401,1.273,False
2026-07-31T03:39:19.369896694Z,58,GET /api/v1/scans,GET,401,1.057,False
2026-07-31T03:39:19.372120991Z,28,GET /api/v1/scans,GET,401,1.035,False
2026-07-31T03:39:19.392858908Z,20,GET /api/v1/scans,GET,401,1.434,False
2026-07-31T03:39:19.404006014Z,19,GET /api/v1/scans,GET,401,1.644,False
2026-07-31T03:39:19.41349104Z,71,GET /api/v1/user/profile,GET,401,2.233,False
2026-07-31T03:39:19.413902569Z,65,GET /api/v1/scans,GET,401,1.608,False
2026-07-31T03:39:19.426125739Z,100,GET /api/v1/scans,GET,401,1.6,False
2026-07-31T03:39:19.431668001Z,44,POST /api/v1/scans,POST,401,2.045,False
2026-07-31T03:39:19.472688288Z,92,GET /api/v1/scans,GET,401,1.29,False
2026-07-31T03:39:19.474803988Z,16,GET /api/v1/user/profile,GET,401,0.905,False
2026-07-31T03:39:19.48719295Z,4,GET /api/v1/user/profile,GET,401,1.084,False
2026-07-31T03:39:19.526070882Z,99,GET /api/v1/scans,GET,401,2.388,False
2026-07-31T03:39:19.553519535Z,69,GET /api/v1/user/profile,GET,401,2.018,False
2026-07-31T03:39:19.556866343Z,21,GET /api/v1/scans,GET,401,1.971,False
2026-07-31T03:39:19.561654941Z,43,GET /api/v1/scans,GET,401,1.434,False
2026-07-31T03:39:19.565667549Z,31,GET /api/v1/scans,GET,401,1.716,False
2026-07-31T03:39:19.585988268Z,67,GET /api/v1/scans,GET,401,1.948,False
2026-07-31T03:39:19.587840348Z,93,GET /api/v1/scans,GET,401,1.701,False
2026-07-31T03:39:19.624241006Z,90,GET /api/v1/user/profile,GET,401,1.515,False
2026-07-31T03:39:19.625130362Z,49,GET /api/v1/user/profile,GET,401,1.073,False
2026-07-31T03:39:19.646698579Z,53,POST /api/v1/scans,POST,401,2.286,False
2026-07-31T03:39:19.670534068Z,52,GET /api/v1/scans,GET,401,2.154,False
2026-07-31T03:39:19.703256252Z,56,GET /api/v1/scans,GET,401,2.042,False
2026-07-31T03:39:19.709211714Z,72,POST /api/v1/scans,POST,401,2.601,False
2026-07-31T03:39:19.722836577Z,68,GET /api/v1/scans,GET,401,1.885,False
2026-07-31T03:39:19.725496155Z,88,POST /api/v1/scans,POST,401,2.48,False
2026-07-31T03:39:19.756464273Z,91,GET /api/v1/scans,GET,401,2.148,False
2026-07-31T03:39:19.775552893Z,95,GET /api/v1/user/profile,GET,401,1.711,False
2026-07-31T03:39:19.798594085Z,74,POST /api/v1/scans,POST,401,2.703,False
2026-07-31T03:39:19.819558505Z,46,GET /api/v1/scans,GET,401,3.32,False
2026-07-31T03:39:19.820054852Z,30,POST /api/v1/scans,POST,401,3.635,False
2026-07-31T03:39:19.825020563Z,96,GET /api/v1/scans,GET,401,1.224,False
2026-07-31T03:39:19.845865912Z,80,GET /api/v1/scans,GET,401,1.416,False
2026-07-31T03:39:19.883479692Z,60,GET /api/v1/scans,GET,401,1.629,False
2026-07-31T03:39:19.895953827Z,10,GET /api/v1/scans,GET,401,1.972,False
2026-07-31T03:39:19.904926606Z,34,GET /api/v1/user/profile,GET,401,1.264,False
2026-07-31T03:39:19.926728283Z,97,GET /api/v1/user/profile,GET,401,1.271,False
2026-07-31T03:39:19.936053875Z,13,GET /api/v1/scans,GET,401,1.051,False
2026-07-31T03:39:19.937080155Z,66,GET /api/v1/scans,GET,401,0.94,False
2026-07-31T03:39:19.943378405Z,5,GET /api/v1/scans,GET,401,1.075,False
2026-07-31T03:39:19.970514836Z,87,GET /api/v1/scans,GET,401,1.566,False
2026-07-31T03:39:19.994882026Z,51,POST /api/v1/scans,POST,401,2.007,False
2026-07-31T03:39:19.996122824Z,19,GET /api/v1/user/profile,GET,401,1.145,False
2026-07-31T03:39:19.999481371Z,29,GET /api/v1/scans,GET,401,1.151,False
2026-07-31T03:39:20.001456882Z,48,POST /api/v1/scans,POST,401,1.897,False
2026-07-31T03:39:20.021315446Z,57,GET /api/v1/user/profile,GET,401,1.41,False
2026-07-31T03:39:20.023784955Z,98,GET /api/v1/scans,GET,401,1.089,False
2026-07-31T03:39:20.030965838Z,55,GET /api/v1/scans,GET,401,0.868,False
2026-07-31T03:39:20.03776683Z,77,POST /api/v1/scans,POST,401,1.51,False
2026-07-31T03:39:20.041047152Z,12,GET /api/v1/user/profile,GET,401,0.937,False
2026-07-31T03:39:20.049380679Z,47,GET /api/v1/user/profile,GET,401,2.913,False
2026-07-31T03:39:20.049877821Z,94,POST /api/v1/scans,POST,401,3.251,False
2026-07-31T03:39:20.057520745Z,81,GET /api/v1/scans,GET,401,0.948,False
2026-07-31T03:39:20.059879067Z,8,GET /api/v1/user/profile,GET,401,1.109,False
2026-07-31T03:39:20.081651129Z,73,POST /api/v1/scans,POST,401,2.109,False
2026-07-31T03:39:20.120991037Z,6,GET /api/v1/scans,GET,401,1.405,False
2026-07-31T03:39:20.124190937Z,83,POST /api/v1/scans,POST,401,1.754,False
2026-07-31T03:39:20.137385247Z,32,POST /api/v1/scans,POST,401,2.897,False
2026-07-31T03:39:20.137928518Z,24,GET /api/v1/user/profile,GET,401,2.169,False
2026-07-31T03:39:20.137955185Z,9,GET /api/v1/user/profile,GET,401,2.296,False
2026-07-31T03:39:20.138580348Z,11,GET /api/v1/user/profile,GET,401,1.149,False
2026-07-31T03:39:20.176551259Z,36,GET /api/v1/user/profile,GET,401,1.357,False
2026-07-31T03:39:20.190314769Z,67,GET /api/v1/scans,GET,401,1.417,False
2026-07-31T03:39:20.20908042Z,54,GET /api/v1/scans,GET,401,1.302,False
2026-07-31T03:39:20.217051213Z,21,POST /api/v1/scans,POST,401,1.669,False
2026-07-31T03:39:20.225257473Z,1,GET /api/v1/user/profile,GET,401,1.01,False
2026-07-31T03:39:20.2603527Z,99,GET /api/v1/scans,GET,401,2.222,False
2026-07-31T03:39:20.270841492Z,53,GET /api/v1/user/profile,GET,401,2.096,False
2026-07-31T03:39:20.279265494Z,85,GET /api/v1/scans,GET,401,1.236,False
2026-07-31T03:39:20.295883209Z,78,GET /api/v1/scans,GET,401,1.271,False
2026-07-31T03:39:20.305795518Z,71,GET /api/v1/scans,GET,401,1.216,False
2026-07-31T03:39:20.309165535Z,16,GET /api/v1/scans,GET,401,1.066,False
2026-07-31T03:39:20.31368097Z,79,GET /api/v1/scans,GET,401,2.266,False
2026-07-31T03:39:20.314081382Z,28,POST /api/v1/scans,POST,401,2.46,False
2026-07-31T03:39:20.323177643Z,69,GET /api/v1/scans,GET,401,1.828,False
2026-07-31T03:39:20.338765228Z,92,GET /api/v1/user/profile,GET,401,1.346,False
2026-07-31T03:39:20.346369462Z,15,GET /api/v1/scans,GET,401,1.226,False
2026-07-31T03:39:20.355191143Z,4,POST /api/v1/scans,POST,401,2.211,False
2026-07-31T03:39:20.355658979Z,86,GET /api/v1/user/profile,GET,401,1.506,False
2026-07-31T03:39:20.3619178Z,37,GET /api/v1/scans,GET,401,0.993,False
2026-07-31T03:39:20.374603885Z,89,POST /api/v1/scans,POST,401,3.331,False
2026-07-31T03:39:20.374907452Z,76,GET /api/v1/scans,GET,401,2.582,False
2026-07-31T03:39:20.40943387Z,31,GET /api/v1/user/profile,GET,401,1.673,False
2026-07-31T03:39:20.414012388Z,3,GET /api/v1/user/profile,GET,401,1.173,False
2026-07-31T03:39:20.42504192Z,96,GET /api/v1/scans,GET,401,1.689,False
2026-07-31T03:39:20.427603814Z,72,GET /api/v1/scans,GET,401,1.099,False
2026-07-31T03:39:20.473098451Z,68,GET /api/v1/scans,GET,401,2.833,False
2026-07-31T03:39:20.476936995Z,43,POST /api/v1/scans,POST,401,3.352,False
2026-07-31T03:39:20.498601368Z,22,GET /api/v1/user/profile,GET,401,3.116,False
2026-07-31T03:39:20.522953967Z,20,GET /api/v1/scans,GET,401,1.619,False
2026-07-31T03:39:20.540212977Z,49,GET /api/v1/scans,GET,401,1.528,False
2026-07-31T03:39:20.549069544Z,90,GET /api/v1/scans,GET,401,1.421,False
2026-07-31T03:39:20.55818127Z,52,GET /api/v1/scans,GET,401,1.363,False
2026-07-31T03:39:20.5831667Z,44,GET /api/v1/scans,GET,401,1.637,False
2026-07-31T03:39:20.600564489Z,2,GET /api/v1/user/profile,GET,401,1.873,False
2026-07-31T03:39:20.602148385Z,26,GET /api/v1/scans,GET,401,2.344,False
2026-07-31T03:39:20.602148929Z,45,GET /api/v1/scans,GET,401,2.232,False
2026-07-31T03:39:20.622552037Z,29,GET /api/v1/user/profile,GET,401,1.862,False
2026-07-31T03:39:20.633349775Z,56,GET /api/v1/scans,GET,401,1.409,False
2026-07-31T03:39:20.635427119Z,46,POST /api/v1/scans,POST,401,2.217,False
2026-07-31T03:39:20.638003013Z,58,GET /api/v1/scans,GET,401,1.183,False
2026-07-31T03:39:20.657654121Z,8,POST /api/v1/scans,POST,401,3.98,False
2026-07-31T03:39:20.657957624Z,100,POST /api/v1/scans,POST,401,3.961,False
2026-07-31T03:39:20.658446067Z,63,GET /api/v1/scans,GET,401,1.534,False
2026-07-31T03:39:20.699496823Z,19,GET /api/v1/scans,GET,401,1.525,False
2026-07-31T03:39:20.73088399Z,98,GET /api/v1/user/profile,GET,401,1.478,False
2026-07-31T03:39:20.76532179Z,32,GET /api/v1/scans,GET,401,1.632,False
2026-07-31T03:39:20.777535144Z,1,POST /api/v1/scans,POST,401,2.717,False
2026-07-31T03:39:20.792234294Z,13,GET /api/v1/scans,GET,401,1.329,False
2026-07-31T03:39:20.799356698Z,97,GET /api/v1/user/profile,GET,401,1.667,False
2026-07-31T03:39:20.817165939Z,34,GET /api/v1/scans,GET,401,1.264,False
2026-07-31T03:39:20.82988359Z,80,GET /api/v1/user/profile,GET,401,1.301,False
2026-07-31T03:39:20.85195527Z,6,GET /api/v1/scans,GET,401,1.727,False
2026-07-31T03:39:20.856418757Z,73,GET /api/v1/scans,GET,401,2.171,False
2026-07-31T03:39:20.857844867Z,57,POST /api/v1/scans,POST,401,2.233,False
2026-07-31T03:39:20.900836738Z,28,GET /api/v1/scans,GET,401,1.619,False
2026-07-31T03:39:20.912518684Z,65,GET /api/v1/scans,GET,401,1.271,False
2026-07-31T03:39:20.926316772Z,11,GET /api/v1/scans/{id},GET,401,1.501,False
2026-07-31T03:39:20.935245259Z,48,GET /api/v1/scans,GET,401,1.574,False
2026-07-31T03:39:20.961211956Z,93,GET /api/v1/scans,GET,401,1.323,False
2026-07-31T03:39:20.974553578Z,92,POST /api/v1/scans,POST,401,2.001,False
2026-07-31T03:39:20.982228149Z,31,GET /api/v1/scans,GET,401,1.14,False
2026-07-31T03:39:20.987801917Z,10,GET /api/v1/scans,GET,401,1.106,False
2026-07-31T03:39:21.025612539Z,51,GET /api/v1/user/profile,GET,401,2.637,False
2026-07-31T03:39:21.095174884Z,66,GET /api/v1/scans,GET,401,1.826,False
2026-07-31T03:39:21.110672347Z,86,GET /api/v1/user/profile,GET,401,1.286,False
2026-07-31T03:39:21.125997018Z,94,GET /api/v1/user/profile,GET,401,0.987,False
2026-07-31T03:39:21.142300808Z,96,GET /api/v1/scans,GET,401,1.036,False
2026-07-31T03:39:21.164095607Z,95,GET /api/v1/user/profile,GET,401,1.247,False
2026-07-31T03:39:21.170387506Z,9,GET /api/v1/scans,GET,401,1.001,False
2026-07-31T03:39:21.176648256Z,100,GET /api/v1/scans,GET,401,0.979,False
2026-07-31T03:39:21.19447575Z,91,GET /api/v1/user/profile,GET,401,1.423,False
2026-07-31T03:39:21.199352666Z,81,GET /api/v1/user/profile,GET,401,2.549,False
2026-07-31T03:39:21.19940447Z,74,GET /api/v1/scans,GET,401,2.63,False
2026-07-31T03:39:21.200601978Z,45,POST /api/v1/scans,POST,401,2.572,False
2026-07-31T03:39:21.212520776Z,88,GET /api/v1/scans,GET,401,1.369,False
2026-07-31T03:39:21.224107456Z,15,GET /api/v1/scans,GET,401,1.339,False
2026-07-31T03:39:21.245311277Z,71,POST /api/v1/scans,POST,401,1.899,False
2026-07-31T03:39:21.251220823Z,16,GET /api/v1/user/profile,GET,401,1.491,False
2026-07-31T03:39:21.251273647Z,60,GET /api/v1/scans,GET,401,1.584,False
2026-07-31T03:39:21.278302657Z,83,GET /api/v1/scans,GET,401,1.676,False
2026-07-31T03:39:21.302116437Z,30,GET /api/v1/user/profile,GET,401,2.288,False
2026-07-31T03:39:21.314892361Z,56,GET /api/v1/scans,GET,401,1.45,False
2026-07-31T03:39:21.317322671Z,55,POST /api/v1/scans,POST,401,2.281,False
2026-07-31T03:39:21.332840236Z,53,GET /api/v1/scans,GET,401,2.126,False
2026-07-31T03:39:21.337111608Z,21,GET /api/v1/scans,GET,401,1.851,False
2026-07-31T03:39:21.33998381Z,5,GET /api/v1/user/profile,GET,401,1.665,False
2026-07-31T03:39:21.34294919Z,54,GET /api/v1/user/profile,GET,401,1.727,False
2026-07-31T03:39:21.344124573Z,85,GET /api/v1/scans,GET,401,1.665,False
2026-07-31T03:39:21.346929499Z,43,GET /api/v1/scans,GET,401,1.487,False
2026-07-31T03:39:21.359431653Z,2,GET /api/v1/scans,GET,401,1.722,False
2026-07-31T03:39:21.361944637Z,24,GET /api/v1/scans,GET,401,1.374,False
2026-07-31T03:39:21.373539505Z,47,GET /api/v1/user/profile,GET,401,1.194,False
2026-07-31T03:39:21.380143882Z,87,GET /api/v1/user/profile,GET,401,1.32,False
2026-07-31T03:39:21.384350782Z,98,GET /api/v1/scans,GET,401,0.939,False
2026-07-31T03:39:21.390864712Z,8,POST /api/v1/scans,POST,401,2.098,False
2026-07-31T03:39:21.408787704Z,29,POST /api/v1/scans,POST,401,2.267,False
2026-07-31T03:39:21.409862994Z,37,GET /api/v1/user/profile,GET,401,0.997,False
2026-07-31T03:39:21.413723659Z,36,GET /api/v1/scans,GET,401,1.46,False
2026-07-31T03:39:21.428643381Z,68,GET /api/v1/scans,GET,401,1.515,False
2026-07-31T03:39:21.43201277Z,97,GET /api/v1/scans,GET,401,1.098,False
2026-07-31T03:39:21.439799206Z,65,GET /api/v1/scans,GET,401,1.456,False
2026-07-31T03:39:21.469476194Z,77,GET /api/v1/user/profile,GET,401,1.691,False
2026-07-31T03:39:21.51202159Z,92,GET /api/v1/user/profile,GET,401,1.661,False
2026-07-31T03:39:21.51347063Z,79,GET /api/v1/user/profile,GET,401,1.348,False
2026-07-31T03:39:21.515777055Z,72,GET /api/v1/scans,GET,401,1.134,False
2026-07-31T03:39:21.522920367Z,34,POST /api/v1/scans,POST,401,1.82,False
2026-07-31T03:39:21.526342287Z,93,GET /api/v1/scans,GET,401,1.09,False
2026-07-31T03:39:21.534468665Z,12,GET /api/v1/user/profile,GET,401,1.719,False
2026-07-31T03:39:21.545212217Z,52,POST /api/v1/scans,POST,401,2.4,False
2026-07-31T03:39:21.547484292Z,22,GET /api/v1/scans,GET,401,1.093,False
2026-07-31T03:39:21.549279724Z,73,POST /api/v1/scans,POST,401,1.665,False
2026-07-31T03:39:21.557703017Z,63,POST /api/v1/scans,POST,401,1.797,False
2026-07-31T03:39:21.579502892Z,78,GET /api/v1/user/profile,GET,401,1.426,False
2026-07-31T03:39:21.590661708Z,89,POST /api/v1/scans,POST,401,1.833,False
2026-07-31T03:39:21.605477887Z,90,GET /api/v1/scans,GET,401,1.278,False
2026-07-31T03:39:21.652815375Z,67,GET /api/v1/scans,GET,401,1.843,False
2026-07-31T03:39:21.668176139Z,11,GET /api/v1/scans,GET,401,1.939,False
2026-07-31T03:39:21.671756597Z,4,GET /api/v1/user/profile,GET,401,1.261,False
2026-07-31T03:39:21.692089993Z,76,GET /api/v1/scans,GET,401,1.769,False
2026-07-31T03:39:21.709608784Z,3,GET /api/v1/user/profile,GET,401,2.133,False
2026-07-31T03:39:21.730822115Z,99,GET /api/v1/scans,GET,401,1.833,False
2026-07-31T03:39:21.738068517Z,48,POST /api/v1/scans,POST,401,2.623,False
2026-07-31T03:39:21.749594366Z,57,GET /api/v1/scans,GET,401,2.133,False
2026-07-31T03:39:21.821591896Z,69,POST /api/v1/scans,POST,401,3.122,False
2026-07-31T03:39:21.824887297Z,88,GET /api/v1/scans,GET,401,2.073,False
2026-07-31T03:39:21.844432419Z,1,GET /api/v1/scans/{id},GET,401,2.052,False
2026-07-31T03:39:21.853787784Z,30,GET /api/v1/scans,GET,401,1.876,False
2026-07-31T03:39:21.881158055Z,15,GET /api/v1/scans,GET,401,1.91,False
2026-07-31T03:39:21.88202597Z,13,GET /api/v1/scans,GET,401,1.734,False
2026-07-31T03:39:21.88707794Z,44,GET /api/v1/scans,GET,401,1.607,False
2026-07-31T03:39:21.891960045Z,20,GET /api/v1/scans,GET,401,1.511,False
2026-07-31T03:39:21.924276577Z,49,GET /api/v1/user/profile,GET,401,1.643,False
2026-07-31T03:39:21.93525517Z,91,POST /api/v1/scans,POST,401,2.471,False
2026-07-31T03:39:21.940131862Z,55,GET /api/v1/scans,GET,401,1.442,False
2026-07-31T03:39:21.953337292Z,68,GET /api/v1/scans,GET,401,2.831,False
2026-07-31T03:39:21.953366453Z,96,GET /api/v1/user/profile,GET,401,2.846,False
2026-07-31T03:39:21.976333989Z,94,GET /api/v1/scans,GET,401,1.505,False
2026-07-31T03:39:21.993862545Z,46,GET /api/v1/scans,GET,401,2.124,False
2026-07-31T03:39:21.996436533Z,85,GET /api/v1/scans,GET,401,1.094,False
2026-07-31T03:39:22.010779334Z,58,GET /api/v1/user/profile,GET,401,1.551,False
2026-07-31T03:39:22.029923299Z,92,GET /api/v1/user/profile,GET,401,1.553,False
2026-07-31T03:39:22.034624561Z,53,GET /api/v1/scans,GET,401,1.234,False
2026-07-31T03:39:22.049378286Z,56,GET /api/v1/scans,GET,401,1.465,False
2026-07-31T03:39:22.051976705Z,66,GET /api/v1/scans,GET,401,1.333,False
2026-07-31T03:39:22.06317677Z,19,GET /api/v1/scans,GET,401,1.521,False
2026-07-31T03:39:22.082436049Z,28,GET /api/v1/scans,GET,401,2.031,False
2026-07-31T03:39:22.095138167Z,26,GET /api/v1/scans,GET,401,2.043,False
2026-07-31T03:39:22.104667601Z,10,GET /api/v1/scans,GET,401,2.938,False
2026-07-31T03:39:22.104700076Z,51,GET /api/v1/scans,GET,401,2.97,False
2026-07-31T03:39:22.107169715Z,81,GET /api/v1/user/profile,GET,401,1.206,False
2026-07-31T03:39:22.112359682Z,100,GET /api/v1/scans,GET,401,1.773,False
2026-07-31T03:39:22.126591121Z,32,GET /api/v1/scans,GET,401,1.779,False
2026-07-31T03:39:22.128013439Z,72,GET /api/v1/scans,GET,401,1.486,False
2026-07-31T03:39:22.134097242Z,79,GET /api/v1/user/profile,GET,401,1.684,False
2026-07-31T03:39:22.136659712Z,80,GET /api/v1/scans,GET,401,1.366,False
2026-07-31T03:39:22.144997102Z,60,GET /api/v1/user/profile,GET,401,2.971,False
2026-07-31T03:39:22.145669018Z,2,POST /api/v1/scans,POST,401,3.6,False
2026-07-31T03:39:22.166778519Z,37,GET /api/v1/scans,GET,401,1.502,False
2026-07-31T03:39:22.173749535Z,45,GET /api/v1/scans,GET,401,1.501,False
2026-07-31T03:39:22.175076114Z,86,GET /api/v1/user/profile,GET,401,1.201,False
2026-07-31T03:39:22.202125206Z,74,POST /api/v1/scans,POST,401,2.539,False
2026-07-31T03:39:22.269694975Z,73,GET /api/v1/scans,GET,401,1.742,False
2026-07-31T03:39:22.273886619Z,95,POST /api/v1/scans,POST,401,2.664,False
2026-07-31T03:39:22.278739823Z,90,GET /api/v1/scans,GET,401,1.495,False
2026-07-31T03:39:22.303052615Z,65,GET /api/v1/scans,GET,401,1.99,False
2026-07-31T03:39:22.314117585Z,6,GET /api/v1/scans,GET,401,1.61,False
2026-07-31T03:39:22.351082879Z,48,GET /api/v1/scans,GET,401,1.573,False
2026-07-31T03:39:22.352274502Z,83,GET /api/v1/scans,GET,401,1.068,False
2026-07-31T03:39:22.358235761Z,31,GET /api/v1/user/profile,GET,401,1.598,False
2026-07-31T03:39:22.370468169Z,76,GET /api/v1/scans,GET,401,1.896,False
2026-07-31T03:39:22.373024486Z,47,GET /api/v1/scans,GET,401,1.401,False
2026-07-31T03:39:22.386311471Z,4,GET /api/v1/user/profile,GET,401,1.868,False
2026-07-31T03:39:22.415079529Z,12,GET /api/v1/scans,GET,401,3.253,False
2026-07-31T03:39:22.415100083Z,44,GET /api/v1/user/profile,GET,401,3.33,False
2026-07-31T03:39:22.443332096Z,71,GET /api/v1/scans,GET,401,1.677,False
2026-07-31T03:39:22.45021258Z,24,POST /api/v1/scans,POST,401,2.377,False
2026-07-31T03:39:22.464759581Z,87,GET /api/v1/user/profile,GET,401,1.969,False
2026-07-31T03:39:22.474605919Z,77,GET /api/v1/scans,GET,401,1.381,False
2026-07-31T03:39:22.49387825Z,43,GET /api/v1/user/profile,GET,401,1.688,False
2026-07-31T03:39:22.500037538Z,98,POST /api/v1/scans,POST,401,2.722,False
2026-07-31T03:39:22.505045859Z,36,GET /api/v1/scans,GET,401,1.544,False
2026-07-31T03:39:22.5378358Z,5,POST /api/v1/scans,POST,401,2.35,False
2026-07-31T03:39:22.561800996Z,9,GET /api/v1/scans,GET,401,1.514,False
2026-07-31T03:39:22.591597194Z,69,GET /api/v1/user/profile,GET,401,1.544,False
2026-07-31T03:39:22.599057118Z,88,GET /api/v1/user/profile,GET,401,1.184,False
2026-07-31T03:39:22.609580732Z,57,GET /api/v1/user/profile,GET,401,1.048,False
2026-07-31T03:39:22.616150741Z,97,GET /api/v1/user/profile,GET,401,1.308,False
2026-07-31T03:39:22.619270265Z,21,POST /api/v1/scans,POST,401,1.9,False
2026-07-31T03:39:22.623733323Z,93,POST /api/v1/scans,POST,401,2.086,False
2026-07-31T03:39:22.631999569Z,22,GET /api/v1/scans,GET,401,1.016,False
2026-07-31T03:39:22.642594829Z,81,GET /api/v1/scans,GET,401,1.271,False
2026-07-31T03:39:22.654587388Z,16,GET /api/v1/scans,GET,401,2.365,False
2026-07-31T03:39:22.655251883Z,67,POST /api/v1/scans,POST,401,3.058,False
2026-07-31T03:39:22.659737182Z,20,GET /api/v1/user/profile,GET,401,1.215,False
2026-07-31T03:39:22.680805505Z,89,GET /api/v1/scans,GET,401,1.596,False
2026-07-31T03:39:22.714773595Z,30,GET /api/v1/scans,GET,401,2.215,False
2026-07-31T03:39:22.716264773Z,45,GET /api/v1/user/profile,GET,401,1.562,False
2026-07-31T03:39:22.736299584Z,54,GET /api/v1/scans,GET,401,1.691,False
2026-07-31T03:39:22.75282807Z,66,POST /api/v1/scans,POST,401,2.219,False
2026-07-31T03:39:22.803400658Z,32,GET /api/v1/user/profile,GET,401,2.242,False
2026-07-31T03:39:22.803422278Z,8,GET /api/v1/scans,GET,401,2.254,False
2026-07-31T03:39:22.812782557Z,15,GET /api/v1/user/profile,GET,401,1.043,False
2026-07-31T03:39:22.832376754Z,34,GET /api/v1/scans,GET,401,1.274,False
2026-07-31T03:39:22.838950108Z,52,GET /api/v1/scans,GET,401,1.249,False
2026-07-31T03:39:22.850672694Z,10,GET /api/v1/scans,GET,401,1.348,False
2026-07-31T03:39:22.873656575Z,29,GET /api/v1/scans,GET,401,2.228,False
2026-07-31T03:39:22.87455385Z,63,GET /api/v1/user/profile,GET,401,1.557,False
2026-07-31T03:39:22.881795953Z,37,GET /api/v1/user/profile,GET,401,1.538,False
2026-07-31T03:39:22.926629667Z,1,GET /api/v1/scans/{id},GET,401,1.552,False
2026-07-31T03:39:22.928832551Z,13,GET /api/v1/scans,GET,401,1.017,False
2026-07-31T03:39:22.939544145Z,11,GET /api/v1/scans,GET,401,1.291,False
2026-07-31T03:39:22.959498001Z,86,GET /api/v1/scans,GET,401,1.279,False
2026-07-31T03:39:22.971824211Z,94,GET /api/v1/scans,GET,401,1.029,False
2026-07-31T03:39:22.975085964Z,87,GET /api/v1/scans,GET,401,0.927,False
2026-07-31T03:39:22.97935191Z,90,GET /api/v1/user/profile,GET,401,1.043,False
2026-07-31T03:39:23.00646528Z,99,GET /api/v1/scans,GET,401,1.521,False
2026-07-31T03:39:23.015819099Z,31,POST /api/v1/scans,POST,401,3.044,False
2026-07-31T03:39:23.016276475Z,44,POST /api/v1/scans,POST,401,2.402,False
2026-07-31T03:39:23.022786193Z,51,GET /api/v1/scans,GET,401,1.244,False
2026-07-31T03:39:23.040338268Z,78,GET /api/v1/user/profile,GET,401,1.178,False
2026-07-31T03:39:23.072130481Z,3,GET /api/v1/user/profile,GET,401,2.017,False
2026-07-31T03:39:23.076246598Z,79,GET /api/v1/scans,GET,401,1.749,False
2026-07-31T03:39:23.088225492Z,2,POST /api/v1/scans,POST,401,2.45,False
2026-07-31T03:39:23.118424404Z,49,GET /api/v1/scans,GET,401,1.717,False
2026-07-31T03:39:23.119036483Z,47,GET /api/v1/scans,GET,401,1.027,False
2026-07-31T03:39:23.146540534Z,96,GET /api/v1/scans,GET,401,2.237,False
2026-07-31T03:39:23.146621094Z,58,GET /api/v1/scans,GET,401,2.206,False
2026-07-31T03:39:23.172455723Z,53,GET /api/v1/scans,GET,401,1.376,False
2026-07-31T03:39:23.17694567Z,12,GET /api/v1/scans,GET,401,0.976,False
2026-07-31T03:39:23.18494996Z,72,POST /api/v1/scans,POST,401,1.611,False
2026-07-31T03:39:23.194191972Z,85,GET /api/v1/scans,GET,401,1.002,False
2026-07-31T03:39:23.207939956Z,68,GET /api/v1/scans,GET,401,1.095,False
2026-07-31T03:39:23.214283717Z,55,GET /api/v1/user/profile,GET,401,0.871,False
2026-07-31T03:39:23.240232144Z,95,GET /api/v1/scans,GET,401,1.534,False
2026-07-31T03:39:23.248007989Z,71,GET /api/v1/scans,GET,401,1.125,False
2026-07-31T03:39:23.256926239Z,46,GET /api/v1/scans,GET,401,1.117,False
2026-07-31T03:39:23.262384867Z,69,GET /api/v1/scans,GET,401,1.096,False
2026-07-31T03:39:23.272820696Z,89,POST /api/v1/scans,POST,401,1.979,False
2026-07-31T03:39:23.275090203Z,66,GET /api/v1/user/profile,GET,401,0.977,False
2026-07-31T03:39:23.276072289Z,30,GET /api/v1/scans,GET,401,0.857,False
2026-07-31T03:39:23.293513269Z,97,GET /api/v1/scans,GET,401,2.009,False
2026-07-31T03:39:23.30931721Z,80,GET /api/v1/scans,GET,401,1.988,False
2026-07-31T03:39:23.310325516Z,20,GET /api/v1/scans,GET,401,1.716,False
2026-07-31T03:39:23.333955168Z,73,POST /api/v1/scans,POST,401,3.12,False
2026-07-31T03:39:23.33850077Z,60,POST /api/v1/scans,POST,401,3.052,False
2026-07-31T03:39:23.349495167Z,21,GET /api/v1/user/profile,GET,401,1.613,False
2026-07-31T03:39:23.353029519Z,91,GET /api/v1/scans,GET,401,1.158,False
2026-07-31T03:39:23.356533475Z,74,GET /api/v1/scans,GET,401,1.174,False
2026-07-31T03:39:23.388568642Z,4,GET /api/v1/scans,GET,401,1.609,False
2026-07-31T03:39:23.439958375Z,92,GET /api/v1/scans,GET,401,2.012,False
2026-07-31T03:39:23.448322043Z,19,GET /api/v1/scans,GET,401,2.034,False
2026-07-31T03:39:23.486208632Z,67,GET /api/v1/scans,GET,401,1.33,False
2026-07-31T03:39:23.496256932Z,56,GET /api/v1/scans,GET,401,1.655,False
2026-07-31T03:39:23.521451607Z,86,POST /api/v1/scans,POST,401,4.144,False
2026-07-31T03:39:23.521756842Z,76,GET /api/v1/scans,GET,401,2.398,False
2026-07-31T03:39:23.530905022Z,51,GET /api/v1/scans,GET,401,1.638,False
2026-07-31T03:39:23.554303903Z,26,GET /api/v1/scans,GET,401,1.814,False
2026-07-31T03:39:23.560660205Z,57,GET /api/v1/user/profile,GET,401,1.886,False
2026-07-31T03:39:23.568356807Z,100,GET /api/v1/user/profile,GET,401,1.205,False
2026-07-31T03:39:23.569540879Z,81,GET /api/v1/scans,GET,401,1.013,False
2026-07-31T03:39:23.574303663Z,24,GET /api/v1/scans,GET,401,1.236,False
2026-07-31T03:39:23.577789512Z,28,GET /api/v1/scans,GET,401,1.237,False
2026-07-31T03:39:23.588097799Z,54,POST /api/v1/scans,POST,401,2.893,False
2026-07-31T03:39:23.609157458Z,83,GET /api/v1/scans,GET,401,1.527,False
2026-07-31T03:39:23.616736303Z,16,GET /api/v1/scans,GET,401,1.32,False
2026-07-31T03:39:23.622162634Z,77,GET /api/v1/scans,GET,401,1.181,False
2026-07-31T03:39:23.632731077Z,49,GET /api/v1/scans,GET,401,1.297,False
2026-07-31T03:39:23.660480707Z,6,GET /api/v1/user/profile,GET,401,1.802,False
2026-07-31T03:39:23.680945862Z,65,GET /api/v1/scans,GET,401,2.146,False
2026-07-31T03:39:23.681840934Z,36,GET /api/v1/scans,GET,401,1.616,False
2026-07-31T03:39:23.714772734Z,79,GET /api/v1/scans,GET,401,1.684,False
2026-07-31T03:39:23.730971508Z,94,GET /api/v1/scans,GET,401,1.421,False
2026-07-31T03:39:23.74121693Z,48,GET /api/v1/scans,GET,401,1.585,False
2026-07-31T03:39:23.757011684Z,98,GET /api/v1/scans,GET,401,1.813,False
2026-07-31T03:39:23.77481105Z,9,POST /api/v1/scans,POST,401,2.4,False
2026-07-31T03:39:23.775821244Z,71,GET /api/v1/scans,GET,401,1.103,False
2026-07-31T03:39:23.804091764Z,47,GET /api/v1/scans,GET,401,1.607,False
2026-07-31T03:39:23.809846596Z,46,GET /api/v1/scans,GET,401,1.348,False
2026-07-31T03:39:23.814550436Z,93,GET /api/v1/scans,GET,401,1.355,False
2026-07-31T03:39:23.868863818Z,37,POST /api/v1/scans,POST,401,2.301,False
2026-07-31T03:39:23.87435056Z,43,GET /api/v1/scans,GET,401,1.021,False
2026-07-31T03:39:23.915033957Z,72,GET /api/v1/user/profile,GET,401,1.888,False
2026-07-31T03:39:23.919755771Z,87,GET /api/v1/user/profile,GET,401,1.402,False
2026-07-31T03:39:23.945610424Z,20,GET /api/v1/scans,GET,401,1.54,False
2026-07-31T03:39:23.96245296Z,68,POST /api/v1/scans,POST,401,2.18,False
2026-07-31T03:39:23.968878933Z,5,POST /api/v1/scans,POST,401,2.071,False
2026-07-31T03:39:23.984553826Z,74,GET /api/v1/user/profile,GET,401,2.316,False
2026-07-31T03:39:23.984621727Z,10,GET /api/v1/user/profile,GET,401,2.246,False
2026-07-31T03:39:23.987880047Z,69,GET /api/v1/user/profile,GET,401,0.96,False
2026-07-31T03:39:23.995440501Z,91,GET /api/v1/user/profile,GET,401,1.169,False
2026-07-31T03:39:24.01101044Z,97,GET /api/v1/scans,GET,401,1.814,False
2026-07-31T03:39:24.02862346Z,34,GET /api/v1/scans,GET,401,2.03,False
2026-07-31T03:39:24.028852518Z,3,GET /api/v1/scans,GET,401,2.147,False
2026-07-31T03:39:24.02989412Z,55,GET /api/v1/scans,GET,401,1.425,False
2026-07-31T03:39:24.049311421Z,88,GET /api/v1/scans,GET,401,2.62,False
2026-07-31T03:39:24.049318576Z,29,GET /api/v1/scans,GET,401,2.741,False
2026-07-31T03:39:24.057772308Z,99,GET /api/v1/scans,GET,401,1.481,False
2026-07-31T03:39:24.094009926Z,60,GET /api/v1/scans,GET,401,3.108,False
2026-07-31T03:39:24.106012774Z,22,GET /api/v1/scans,GET,401,1.565,False
2026-07-31T03:39:24.117543167Z,78,POST /api/v1/scans,POST,401,2.156,False
2026-07-31T03:39:24.122282126Z,90,GET /api/v1/scans,GET,401,1.5,False
2026-07-31T03:39:24.135876888Z,73,GET /api/v1/scans,GET,401,1.278,False
2026-07-31T03:39:24.15029806Z,53,POST /api/v1/scans,POST,401,1.954,False
2026-07-31T03:39:24.15567687Z,63,GET /api/v1/scans,GET,401,1.035,False
2026-07-31T03:39:24.174922106Z,57,POST /api/v1/scans,POST,401,1.95,False
2026-07-31T03:39:24.179464811Z,31,GET /api/v1/scans,GET,401,1.229,False
2026-07-31T03:39:24.181620511Z,1,GET /api/v1/scans,GET,401,1.019,False
2026-07-31T03:39:24.190069235Z,12,GET /api/v1/user/profile,GET,401,1.228,False
2026-07-31T03:39:24.199906805Z,45,GET /api/v1/user/profile,GET,401,1.44,False
2026-07-31T03:39:24.203774938Z,96,GET /api/v1/scans,GET,401,1.421,False
2026-07-31T03:39:24.207023178Z,32,GET /api/v1/scans,GET,401,1.067,False
2026-07-31T03:39:24.212785273Z,11,GET /api/v1/scans,GET,401,1.538,False
2026-07-31T03:39:24.233006064Z,8,GET /api/v1/scans,GET,401,1.707,False
2026-07-31T03:39:24.234137719Z,86,GET /api/v1/user/profile,GET,401,1.109,False
2026-07-31T03:39:24.254898021Z,2,GET /api/v1/scans,GET,401,1.173,False
2026-07-31T03:39:24.260056749Z,49,GET /api/v1/scans,GET,401,1.535,False
2026-07-31T03:39:24.266770893Z,85,GET /api/v1/scans,GET,401,1.152,False
2026-07-31T03:39:24.275034977Z,52,GET /api/v1/user/profile,GET,401,0.935,False
2026-07-31T03:39:24.277977361Z,21,POST /api/v1/scans,POST,401,1.732,False
2026-07-31T03:39:24.281437648Z,15,GET /api/v1/user/profile,GET,401,2.266,False
2026-07-31T03:39:24.281535186Z,24,GET /api/v1/scans,GET,401,2.321,False
2026-07-31T03:39:24.298004775Z,98,POST /api/v1/scans,POST,401,1.883,False
2026-07-31T03:39:24.30035136Z,13,GET /api/v1/scans,GET,401,0.98,False
2026-07-31T03:39:24.317190381Z,77,GET /api/v1/scans,GET,401,1.376,False
2026-07-31T03:39:24.318303231Z,58,GET /api/v1/scans,GET,401,1.275,False
2026-07-31T03:39:24.323648251Z,44,GET /api/v1/scans,GET,401,1.113,False
2026-07-31T03:39:24.336270556Z,94,GET /api/v1/scans,GET,401,1.352,False
2026-07-31T03:39:24.33769383Z,81,GET /api/v1/user/profile,GET,401,1.281,False
2026-07-31T03:39:24.351480186Z,92,GET /api/v1/scans,GET,401,1.449,False
2026-07-31T03:39:24.368270995Z,93,GET /api/v1/user/profile,GET,401,1.466,False
2026-07-31T03:39:24.384004229Z,66,GET /api/v1/user/profile,GET,401,1.46,False
2026-07-31T03:39:24.387139623Z,89,POST /api/v1/scans,POST,401,1.921,False
2026-07-31T03:39:24.444048958Z,30,GET /api/v1/user/profile,GET,401,1.326,False
2026-07-31T03:39:24.45727637Z,54,GET /api/v1/user/profile,GET,401,1.724,False
2026-07-31T03:39:24.464923116Z,48,GET /api/v1/user/profile,GET,401,1.339,False
2026-07-31T03:39:24.491958293Z,83,GET /api/v1/user/profile,GET,401,1.701,False
2026-07-31T03:39:24.501744277Z,19,POST /api/v1/scans,POST,401,2.516,False
2026-07-31T03:39:24.554857495Z,87,GET /api/v1/scans,GET,401,1.537,False
2026-07-31T03:39:24.556712027Z,28,POST /api/v1/scans,POST,401,1.899,False
2026-07-31T03:39:24.577627656Z,3,GET /api/v1/user/profile,GET,401,1.442,False
2026-07-31T03:39:24.585732655Z,6,GET /api/v1/scans,GET,401,1.725,False
2026-07-31T03:39:24.618869408Z,95,GET /api/v1/scans,GET,401,1.41,False
2026-07-31T03:39:24.632670089Z,37,GET /api/v1/user/profile,GET,401,1.374,False
2026-07-31T03:39:24.633891143Z,97,GET /api/v1/scans,GET,401,1.314,False
2026-07-31T03:39:24.638374695Z,65,GET /api/v1/user/profile,GET,401,1.07,False
2026-07-31T03:39:24.644002785Z,80,GET /api/v1/user/profile,GET,401,1.314,False
2026-07-31T03:39:24.668027653Z,34,POST /api/v1/scans,POST,401,2.197,False
2026-07-31T03:39:24.669181302Z,68,GET /api/v1/scans,GET,401,1.078,False
2026-07-31T03:39:24.689253224Z,67,GET /api/v1/scans,GET,401,1.456,False
2026-07-31T03:39:24.700964072Z,91,GET /api/v1/user/profile,GET,401,1.332,False
2026-07-31T03:39:24.706799716Z,71,GET /api/v1/scans,GET,401,1.503,False
2026-07-31T03:39:24.737992041Z,90,GET /api/v1/user/profile,GET,401,1.776,False
2026-07-31T03:39:24.751600947Z,57,POST /api/v1/scans,POST,401,2.211,False
2026-07-31T03:39:24.781296954Z,85,GET /api/v1/scans,GET,401,2.36,False
2026-07-31T03:39:24.799492905Z,20,GET /api/v1/user/profile,GET,401,1.74,False
2026-07-31T03:39:24.828558257Z,98,GET /api/v1/user/profile,GET,401,1.629,False
2026-07-31T03:39:24.838989388Z,8,GET /api/v1/user/profile,GET,401,1.134,False
2026-07-31T03:39:24.849872543Z,74,POST /api/v1/scans,POST,401,2.469,False
2026-07-31T03:39:24.850142494Z,26,GET /api/v1/user/profile,GET,401,1.605,False
2026-07-31T03:39:24.862484865Z,78,GET /api/v1/scans,GET,401,0.984,False
2026-07-31T03:39:24.865504164Z,46,POST /api/v1/scans,POST,401,1.602,False
2026-07-31T03:39:24.877148967Z,43,GET /api/v1/user/profile,GET,401,1.121,False
2026-07-31T03:39:24.881547682Z,4,GET /api/v1/scans,GET,401,1.065,False
2026-07-31T03:39:24.891006967Z,22,GET /api/v1/scans,GET,401,1.111,False
2026-07-31T03:39:24.897683136Z,9,GET /api/v1/scans,GET,401,1.297,False
2026-07-31T03:39:24.901631311Z,58,GET /api/v1/scans,GET,401,1.464,False
2026-07-31T03:39:24.912556718Z,55,GET /api/v1/scans,GET,401,1.575,False
2026-07-31T03:39:24.91790374Z,12,POST /api/v1/scans,POST,401,1.771,False
2026-07-31T03:39:24.93747315Z,76,GET /api/v1/scans,GET,401,1.173,False
2026-07-31T03:39:24.943187505Z,100,GET /api/v1/scans,GET,401,1.34,False
2026-07-31T03:39:24.952528651Z,56,POST /api/v1/scans,POST,401,1.843,False
2026-07-31T03:39:24.953468257Z,51,GET /api/v1/scans,GET,401,0.921,False
2026-07-31T03:39:24.955639653Z,60,GET /api/v1/scans,GET,401,0.942,False
2026-07-31T03:39:24.981549469Z,99,GET /api/v1/user/profile,GET,401,1.403,False
2026-07-31T03:39:24.982447943Z,45,GET /api/v1/user/profile,GET,401,1.034,False
2026-07-31T03:39:24.994862523Z,89,GET /api/v1/user/profile,GET,401,1.061,False
2026-07-31T03:39:25.001297214Z,79,GET /api/v1/user/profile,GET,401,1.133,False
2026-07-31T03:39:25.003549309Z,31,GET /api/v1/scans,GET,401,0.94,False
2026-07-31T03:39:25.015224222Z,44,GET /api/v1/user/profile,GET,401,1.331,False
2026-07-31T03:39:25.033343362Z,53,GET /api/v1/user/profile,GET,401,1.497,False
2026-07-31T03:39:25.054603982Z,77,POST /api/v1/scans,POST,401,2.46,False
2026-07-31T03:39:25.062479411Z,10,GET /api/v1/scans,GET,401,1.342,False
2026-07-31T03:39:25.07456184Z,16,GET /api/v1/scans,GET,401,1.578,False
2026-07-31T03:39:25.087673218Z,36,GET /api/v1/scans,GET,401,1.336,False
2026-07-31T03:39:25.188391753Z,96,GET /api/v1/user/profile,GET,401,1.548,False
2026-07-31T03:39:25.219181411Z,29,GET /api/v1/user/profile,GET,401,1.235,False
2026-07-31T03:39:25.246817289Z,52,GET /api/v1/user/profile,GET,401,1.331,False
2026-07-31T03:39:25.266725078Z,28,GET /api/v1/scans,GET,401,1.255,False
2026-07-31T03:39:25.290504085Z,5,GET /api/v1/scans,GET,401,3.08,False
2026-07-31T03:39:25.290577455Z,6,GET /api/v1/scans,GET,401,3.195,False
2026-07-31T03:39:25.290939208Z,85,POST /api/v1/scans,POST,401,3.615,False
2026-07-31T03:39:25.294892438Z,47,POST /api/v1/scans,POST,401,1.465,False
2026-07-31T03:39:25.299493085Z,32,GET /api/v1/user/profile,GET,401,1.193,False
2026-07-31T03:39:25.30921244Z,37,POST /api/v1/scans,POST,401,1.902,False
2026-07-31T03:39:25.335188166Z,30,GET /api/v1/user/profile,GET,401,1.458,False
2026-07-31T03:39:25.336412691Z,69,GET /api/v1/scans,GET,401,1.025,False
2026-07-31T03:39:25.389723515Z,72,GET /api/v1/scans,GET,401,1.474,False
2026-07-31T03:39:25.39517163Z,86,GET /api/v1/user/profile,GET,401,1.1,False
2026-07-31T03:39:25.406656313Z,54,GET /api/v1/scans,GET,401,1.0,False
2026-07-31T03:39:25.414444006Z,43,GET /api/v1/scans,GET,401,1.431,False
2026-07-31T03:39:25.414670194Z,88,GET /api/v1/user/profile,GET,401,1.534,False
2026-07-31T03:39:25.415301537Z,2,GET /api/v1/user/profile,GET,401,0.907,False
2026-07-31T03:39:25.426564026Z,65,GET /api/v1/scans,GET,401,1.022,False
2026-07-31T03:39:25.432669732Z,92,GET /api/v1/scans,GET,401,0.851,False
2026-07-31T03:39:25.451256511Z,21,GET /api/v1/scans,GET,401,1.206,False
2026-07-31T03:39:25.453554732Z,100,GET /api/v1/user/profile,GET,401,1.007,False
2026-07-31T03:39:25.46195289Z,93,GET /api/v1/scans,GET,401,1.827,False
2026-07-31T03:39:25.470607443Z,66,POST /api/v1/scans,POST,401,2.003,False
2026-07-31T03:39:25.486576295Z,94,GET /api/v1/scans,GET,401,1.555,False
2026-07-31T03:39:25.491436469Z,46,GET /api/v1/scans,GET,401,1.393,False
2026-07-31T03:39:25.507834562Z,22,GET /api/v1/scans,GET,401,1.502,False
2026-07-31T03:39:25.529336332Z,13,GET /api/v1/user/profile,GET,401,1.224,False
2026-07-31T03:39:25.564075564Z,15,GET /api/v1/scans,GET,401,1.254,False
2026-07-31T03:39:25.571478057Z,53,GET /api/v1/scans,GET,401,1.078,False
2026-07-31T03:39:25.604646451Z,73,GET /api/v1/scans,GET,401,2.651,False
2026-07-31T03:39:25.604683103Z,79,GET /api/v1/user/profile,GET,401,2.651,False
2026-07-31T03:39:25.604705284Z,91,GET /api/v1/user/profile,GET,401,2.71,False
2026-07-31T03:39:25.605495832Z,63,GET /api/v1/user/profile,GET,401,0.833,False
2026-07-31T03:39:25.607587588Z,3,GET /api/v1/scans,GET,401,0.932,False
2026-07-31T03:39:25.640672924Z,24,GET /api/v1/scans,GET,401,1.73,False
2026-07-31T03:39:25.640737772Z,1,GET /api/v1/scans/{id},GET,401,1.807,False
2026-07-31T03:39:25.645904613Z,11,GET /api/v1/scans,GET,401,0.928,False
2026-07-31T03:39:25.673675691Z,77,GET /api/v1/scans,GET,401,1.973,False
2026-07-31T03:39:25.68422615Z,48,GET /api/v1/scans,GET,401,3.069,False
2026-07-31T03:39:25.684865474Z,20,GET /api/v1/user/profile,GET,401,2.288,False
2026-07-31T03:39:25.699764324Z,49,GET /api/v1/scans,GET,401,1.411,False
2026-07-31T03:39:25.724806329Z,58,GET /api/v1/scans,GET,401,2.135,False
2026-07-31T03:39:25.724811111Z,83,GET /api/v1/user/profile,GET,401,2.324,False
2026-07-31T03:39:25.745418812Z,81,GET /api/v1/scans,GET,401,2.097,False
2026-07-31T03:39:25.74914869Z,89,GET /api/v1/scans,GET,401,1.375,False
2026-07-31T03:39:25.756239673Z,9,GET /api/v1/scans,GET,401,2.392,False
2026-07-31T03:39:25.777211389Z,87,POST /api/v1/scans,POST,401,2.578,False
2026-07-31T03:39:25.804433375Z,10,GET /api/v1/scans,GET,401,1.575,False
2026-07-31T03:39:25.814283396Z,98,GET /api/v1/user/profile,GET,401,1.407,False
2026-07-31T03:39:25.82316532Z,78,GET /api/v1/scans,GET,401,1.472,False
2026-07-31T03:39:25.832624259Z,57,GET /api/v1/scans,GET,401,1.031,False
2026-07-31T03:39:25.85702435Z,56,GET /api/v1/user/profile,GET,401,2.447,False
2026-07-31T03:39:25.878984934Z,31,GET /api/v1/scans,GET,401,2.244,False
2026-07-31T03:39:25.885307325Z,5,GET /api/v1/scans,GET,401,2.913,False
2026-07-31T03:39:25.885407075Z,19,GET /api/v1/scans,GET,401,3.035,False
2026-07-31T03:39:25.915513999Z,68,GET /api/v1/scans,GET,401,2.25,False
2026-07-31T03:39:25.922575489Z,36,GET /api/v1/user/profile,GET,401,1.665,False
2026-07-31T03:39:25.926432386Z,97,GET /api/v1/scans,GET,401,1.552,False
2026-07-31T03:39:25.941767601Z,55,POST /api/v1/scans,POST,401,2.003,False
2026-07-31T03:39:25.967468579Z,34,POST /api/v1/scans,POST,401,2.093,False
2026-07-31T03:39:25.968735014Z,72,GET /api/v1/user/profile,GET,401,1.139,False
2026-07-31T03:39:25.971077851Z,99,GET /api/v1/scans,GET,401,1.105,False
2026-07-31T03:39:25.972071996Z,67,GET /api/v1/scans,GET,401,0.949,False
2026-07-31T03:39:25.976323359Z,37,GET /api/v1/user/profile,GET,401,0.957,False
2026-07-31T03:39:25.992108004Z,26,GET /api/v1/user/profile,GET,401,1.503,False
2026-07-31T03:39:25.995818345Z,76,GET /api/v1/scans,GET,401,1.477,False
2026-07-31T03:39:25.99932732Z,95,POST /api/v1/scans,POST,401,2.177,False
2026-07-31T03:39:26.006234975Z,6,GET /api/v1/scans,GET,401,1.387,False
2026-07-31T03:39:26.018159976Z,2,GET /api/v1/user/profile,GET,401,3.644,False
2026-07-31T03:39:26.018768517Z,45,POST /api/v1/scans,POST,401,4.176,False
2026-07-31T03:39:26.030010651Z,71,GET /api/v1/user/profile,GET,401,1.897,False
2026-07-31T03:39:26.037727254Z,8,GET /api/v1/scans,GET,401,1.445,False
2026-07-31T03:39:26.041383462Z,13,GET /api/v1/user/profile,GET,401,1.411,False
2026-07-31T03:39:26.060431284Z,92,GET /api/v1/user/profile,GET,401,1.181,False
2026-07-31T03:39:26.061388843Z,65,GET /api/v1/scans,GET,401,0.869,False
2026-07-31T03:39:26.068575389Z,80,GET /api/v1/user/profile,GET,401,0.871,False
2026-07-31T03:39:26.104299401Z,100,GET /api/v1/scans,GET,401,1.413,False
2026-07-31T03:39:26.145324467Z,91,GET /api/v1/scans,GET,401,1.606,False
2026-07-31T03:39:26.153618522Z,63,POST /api/v1/scans,POST,401,1.711,False
2026-07-31T03:39:26.157332081Z,52,GET /api/v1/scans,GET,401,1.214,False
2026-07-31T03:39:26.158400877Z,51,GET /api/v1/scans,GET,401,1.072,False
2026-07-31T03:39:26.164644842Z,30,GET /api/v1/user/profile,GET,401,0.98,False
2026-07-31T03:39:26.1667551Z,90,GET /api/v1/scans,GET,401,0.965,False
2026-07-31T03:39:26.170121826Z,79,GET /api/v1/scans,GET,401,1.084,False
2026-07-31T03:39:26.1722137Z,93,GET /api/v1/scans,GET,401,0.96,False
2026-07-31T03:39:26.200712012Z,32,POST /api/v1/scans,POST,401,1.988,False
2026-07-31T03:39:26.207299766Z,12,GET /api/v1/scans,GET,401,1.204,False
2026-07-31T03:39:26.211596171Z,66,GET /api/v1/scans,GET,401,1.045,False
2026-07-31T03:39:26.21640952Z,44,GET /api/v1/user/profile,GET,401,1.532,False
2026-07-31T03:39:26.21646168Z,28,GET /api/v1/scans,GET,401,1.533,False
2026-07-31T03:39:26.229828926Z,74,GET /api/v1/scans,GET,401,1.08,False
2026-07-31T03:39:26.245700099Z,43,GET /api/v1/scans,GET,401,1.496,False
2026-07-31T03:39:26.314455701Z,89,GET /api/v1/scans,GET,401,1.721,False
2026-07-31T03:39:26.329051174Z,88,GET /api/v1/scans,GET,401,2.015,False
2026-07-31T03:39:26.344392056Z,3,GET /api/v1/scans,GET,401,1.837,False
2026-07-31T03:39:26.358438585Z,49,GET /api/v1/scans,GET,401,1.484,False
2026-07-31T03:39:26.362849461Z,4,GET /api/v1/scans,GET,401,1.124,False
2026-07-31T03:39:26.383520461Z,69,GET /api/v1/scans,GET,401,3.189,False
2026-07-31T03:39:26.383523121Z,60,GET /api/v1/scans,GET,401,3.213,False
2026-07-31T03:39:26.400609648Z,85,GET /api/v1/user/profile,GET,401,1.729,False
2026-07-31T03:39:26.4368711Z,10,GET /api/v1/scans,GET,401,1.574,False
2026-07-31T03:39:26.448699584Z,46,GET /api/v1/scans,GET,401,1.538,False
2026-07-31T03:39:26.472137965Z,11,GET /api/v1/user/profile,GET,401,1.593,False
2026-07-31T03:39:26.483213342Z,21,POST /api/v1/scans,POST,401,2.744,False
2026-07-31T03:39:26.52752788Z,96,GET /api/v1/scans,GET,401,2.426,False
2026-07-31T03:39:26.527632993Z,68,GET /api/v1/user/profile,GET,401,2.441,False
2026-07-31T03:39:26.530231345Z,67,GET /api/v1/scans,GET,401,1.252,False
2026-07-31T03:39:26.532853551Z,97,GET /api/v1/scans,GET,401,1.371,False
2026-07-31T03:39:26.541794421Z,24,GET /api/v1/user/profile,GET,401,1.704,False
2026-07-31T03:39:26.541849296Z,71,GET /api/v1/scans,GET,401,1.743,False
2026-07-31T03:39:26.543868761Z,86,POST /api/v1/scans,POST,401,2.008,False
2026-07-31T03:39:26.548959236Z,47,POST /api/v1/scans,POST,401,1.583,False
2026-07-31T03:39:26.554491997Z,16,POST /api/v1/scans,POST,401,1.995,False
2026-07-31T03:39:26.578665166Z,29,GET /api/v1/scans,GET,401,1.719,False
2026-07-31T03:39:26.584381906Z,53,POST /api/v1/scans,POST,401,2.378,False
2026-07-31T03:39:26.599499363Z,6,GET /api/v1/scans,GET,401,1.68,False
2026-07-31T03:39:26.607174545Z,48,GET /api/v1/scans,GET,401,1.258,False
2026-07-31T03:39:26.619601244Z,36,GET /api/v1/scans,GET,401,1.188,False
2026-07-31T03:39:26.643328537Z,54,GET /api/v1/user/profile,GET,401,1.283,False
2026-07-31T03:39:26.657138374Z,5,GET /api/v1/user/profile,GET,401,1.182,False
2026-07-31T03:39:26.670005875Z,63,GET /api/v1/scans,GET,401,1.287,False
2026-07-31T03:39:26.71924375Z,90,GET /api/v1/scans,GET,401,1.452,False
2026-07-31T03:39:26.743396624Z,52,GET /api/v1/scans,GET,401,1.73,False
2026-07-31T03:39:26.753634227Z,91,GET /api/v1/scans,GET,401,1.509,False
2026-07-31T03:39:26.769392512Z,19,GET /api/v1/scans,GET,401,2.104,False
2026-07-31T03:39:26.777058317Z,13,GET /api/v1/scans,GET,401,2.37,False
2026-07-31T03:39:26.810679221Z,76,GET /api/v1/user/profile,GET,401,1.71,False
2026-07-31T03:39:26.822268178Z,34,GET /api/v1/user/profile,GET,401,2.032,False
2026-07-31T03:39:26.825038705Z,80,GET /api/v1/scans,GET,401,1.541,False
2026-07-31T03:39:26.831828891Z,74,GET /api/v1/scans,GET,401,1.559,False
2026-07-31T03:39:26.835509756Z,94,GET /api/v1/scans,GET,401,1.224,False
2026-07-31T03:39:26.848713125Z,9,GET /api/v1/user/profile,GET,401,2.808,False
2026-07-31T03:39:26.848740975Z,20,GET /api/v1/scans,GET,401,2.778,False
2026-07-31T03:39:26.858518119Z,89,GET /api/v1/user/profile,GET,401,1.996,False
2026-07-31T03:39:26.870389301Z,65,GET /api/v1/scans,GET,401,1.405,False
2026-07-31T03:39:26.882242637Z,57,GET /api/v1/scans,GET,401,1.542,False
2026-07-31T03:39:26.889491591Z,100,GET /api/v1/scans,GET,401,2.688,False
2026-07-31T03:39:26.890124384Z,72,GET /api/v1/scans,GET,401,1.996,False
2026-07-31T03:39:26.914141066Z,32,GET /api/v1/scans,GET,401,2.128,False
2026-07-31T03:39:26.921409547Z,22,GET /api/v1/user/profile,GET,401,3.837,False
2026-07-31T03:39:26.9236425Z,83,GET /api/v1/scans,GET,401,3.502,False
2026-07-31T03:39:26.923739328Z,78,POST /api/v1/scans,POST,401,4.777,False
2026-07-31T03:39:26.926657684Z,79,GET /api/v1/scans,GET,401,1.557,False
2026-07-31T03:39:26.92965844Z,28,POST /api/v1/scans,POST,401,2.823,False
2026-07-31T03:39:26.942787422Z,55,GET /api/v1/scans,GET,401,1.79,False
2026-07-31T03:39:26.947906887Z,77,POST /api/v1/scans,POST,401,2.687,False
2026-07-31T03:39:26.953975081Z,93,GET /api/v1/scans,GET,401,1.555,False
2026-07-31T03:39:26.965093219Z,8,GET /api/v1/scans,GET,401,1.659,False
2026-07-31T03:39:27.008159151Z,99,GET /api/v1/scans,GET,401,1.506,False
2026-07-31T03:39:27.015494733Z,66,GET /api/v1/scans,GET,401,1.842,False
2026-07-31T03:39:27.018209668Z,87,GET /api/v1/scans,GET,401,1.513,False
2026-07-31T03:39:27.032233612Z,1,GET /api/v1/user/profile,GET,401,1.715,False
2026-07-31T03:39:27.047355194Z,15,GET /api/v1/scans,GET,401,1.743,False
2026-07-31T03:39:27.069581956Z,98,GET /api/v1/user/profile,GET,401,1.606,False
2026-07-31T03:39:27.077291949Z,12,GET /api/v1/user/profile,GET,401,1.397,False
2026-07-31T03:39:27.081941449Z,49,GET /api/v1/scans,GET,401,1.261,False
2026-07-31T03:39:27.104912686Z,73,GET /api/v1/scans,GET,401,1.97,False
2026-07-31T03:39:27.144172329Z,31,GET /api/v1/scans,GET,401,1.965,False
2026-07-31T03:39:27.146688654Z,58,GET /api/v1/scans,GET,401,1.227,False
2026-07-31T03:39:27.174483949Z,29,POST /api/v1/scans,POST,401,3.95,False
2026-07-31T03:39:27.174986917Z,97,GET /api/v1/scans,GET,401,3.288,False
2026-07-31T03:39:27.211080463Z,88,GET /api/v1/scans,GET,401,2.494,False
2026-07-31T03:39:27.2119597Z,81,GET /api/v1/user/profile,GET,401,2.085,False
2026-07-31T03:39:27.228399203Z,85,GET /api/v1/scans,GET,401,2.006,False
2026-07-31T03:39:27.241606344Z,2,GET /api/v1/scans,GET,401,1.888,False
2026-07-31T03:39:27.248892497Z,67,GET /api/v1/scans,GET,401,1.807,False
2026-07-31T03:39:27.277473634Z,4,POST /api/v1/scans,POST,401,2.142,False
2026-07-31T03:39:27.280425819Z,43,POST /api/v1/scans,POST,401,1.752,False
2026-07-31T03:39:27.296347923Z,68,GET /api/v1/scans,GET,401,1.487,False
2026-07-31T03:39:27.320844721Z,3,GET /api/v1/scans,GET,401,1.628,False
2026-07-31T03:39:27.324599424Z,56,GET /api/v1/scans,GET,401,1.38,False
2026-07-31T03:39:27.354746162Z,16,GET /api/v1/user/profile,GET,401,1.506,False
2026-07-31T03:39:27.359863128Z,94,GET /api/v1/scans,GET,401,1.776,False
2026-07-31T03:39:27.377954293Z,21,GET /api/v1/scans,GET,401,1.709,False
2026-07-31T03:39:27.384745778Z,91,GET /api/v1/scans,GET,401,1.477,False
2026-07-31T03:39:27.395799461Z,63,GET /api/v1/scans,GET,401,1.717,False
2026-07-31T03:39:27.4173554Z,95,POST /api/v1/scans,POST,401,2.867,False
2026-07-31T03:39:27.435040701Z,37,POST /api/v1/scans,POST,401,2.301,False
2026-07-31T03:39:27.436081185Z,30,GET /api/v1/scans,GET,401,1.02,False
2026-07-31T03:39:27.467495828Z,26,POST /api/v1/scans,POST,401,4.642,False
2026-07-31T03:39:27.469086558Z,92,GET /api/v1/scans,GET,401,5.055,False
2026-07-31T03:39:27.469567746Z,45,GET /api/v1/scans,GET,401,4.196,False
2026-07-31T03:39:27.470189778Z,65,POST /api/v1/scans,POST,401,4.68,False
2026-07-31T03:39:27.47805386Z,6,GET /api/v1/scans,GET,401,1.275,False
2026-07-31T03:39:27.481898678Z,5,GET /api/v1/scans,GET,401,1.327,False
2026-07-31T03:39:27.498303891Z,69,GET /api/v1/scans,GET,401,1.803,False
2026-07-31T03:39:27.503932833Z,32,GET /api/v1/scans,GET,401,1.902,False
2026-07-31T03:39:27.53115629Z,34,GET /api/v1/scans,GET,401,1.878,False
2026-07-31T03:39:27.559657519Z,46,GET /api/v1/scans,GET,401,2.841,False
2026-07-31T03:39:27.559661249Z,96,GET /api/v1/scans,GET,401,2.83,False
2026-07-31T03:39:27.566700218Z,71,GET /api/v1/scans,GET,401,1.642,False
2026-07-31T03:39:27.582878953Z,36,GET /api/v1/scans,GET,401,1.731,False
2026-07-31T03:39:27.621330164Z,77,GET /api/v1/scans,GET,401,1.771,False
2026-07-31T03:39:27.622285893Z,51,GET /api/v1/scans,GET,401,1.451,False
2026-07-31T03:39:27.631887193Z,47,GET /api/v1/scans,GET,401,2.07,False
2026-07-31T03:39:27.658195265Z,93,GET /api/v1/scans,GET,401,1.477,False
2026-07-31T03:39:27.66504509Z,89,GET /api/v1/user/profile,GET,401,1.509,False
2026-07-31T03:39:27.679909483Z,55,GET /api/v1/scans,GET,401,1.451,False
2026-07-31T03:39:27.680991246Z,60,GET /api/v1/user/profile,GET,401,0.984,False
2026-07-31T03:39:27.704514066Z,10,GET /api/v1/scans,GET,401,1.667,False
2026-07-31T03:39:27.712651849Z,44,GET /api/v1/scans,GET,401,1.428,False
2026-07-31T03:39:27.718118356Z,9,GET /api/v1/user/profile,GET,401,1.175,False
2026-07-31T03:39:27.741657297Z,13,GET /api/v1/scans,GET,401,1.253,False
2026-07-31T03:39:27.75503385Z,97,GET /api/v1/scans,GET,401,1.755,False
2026-07-31T03:39:27.761074845Z,54,POST /api/v1/scans,POST,401,2.438,False
2026-07-31T03:39:27.782249367Z,73,GET /api/v1/scans,GET,401,2.736,False
2026-07-31T03:39:27.782302291Z,74,GET /api/v1/user/profile,GET,401,2.404,False
2026-07-31T03:39:27.816267529Z,22,GET /api/v1/scans,GET,401,2.291,False
2026-07-31T03:39:27.816403542Z,90,GET /api/v1/scans,GET,401,2.432,False
2026-07-31T03:39:27.832517346Z,98,GET /api/v1/scans,GET,401,1.7,False
2026-07-31T03:39:27.837175628Z,20,GET /api/v1/scans,GET,401,1.218,False
2026-07-31T03:39:27.869139915Z,31,GET /api/v1/scans,GET,401,2.226,False
2026-07-31T03:39:27.869233003Z,78,GET /api/v1/scans,GET,401,2.195,False
2026-07-31T03:39:27.869988477Z,79,GET /api/v1/scans,GET,401,0.752,False
2026-07-31T03:39:27.880702978Z,86,GET /api/v1/user/profile,GET,401,1.178,False
2026-07-31T03:39:27.884060394Z,99,GET /api/v1/scans,GET,401,1.056,False
2026-07-31T03:39:27.926732452Z,100,GET /api/v1/scans,GET,401,2.013,False
2026-07-31T03:39:27.927691491Z,11,GET /api/v1/scans/{id},GET,401,1.637,False
2026-07-31T03:39:27.966249469Z,95,GET /api/v1/user/profile,GET,401,1.865,False
2026-07-31T03:39:27.97981028Z,24,GET /api/v1/user/profile,GET,401,1.311,False
2026-07-31T03:39:27.982921406Z,6,GET /api/v1/scans,GET,401,0.922,False
2026-07-31T03:39:27.991529792Z,16,GET /api/v1/user/profile,GET,401,1.246,False
2026-07-31T03:39:27.993957478Z,52,GET /api/v1/scans,GET,401,1.252,False
2026-07-31T03:39:27.998982717Z,87,GET /api/v1/user/profile,GET,401,1.657,False
2026-07-31T03:39:28.006755364Z,57,GET /api/v1/user/profile,GET,401,1.779,False
2026-07-31T03:39:28.01530553Z,48,GET /api/v1/scans,GET,401,2.056,False
2026-07-31T03:39:28.035639Z,68,POST /api/v1/scans,POST,401,2.863,False
2026-07-31T03:39:28.056564756Z,53,GET /api/v1/scans,GET,401,1.263,False
2026-07-31T03:39:28.062013137Z,58,GET /api/v1/scans,GET,401,1.164,False
2026-07-31T03:39:28.063031223Z,21,GET /api/v1/scans,GET,401,0.947,False
2026-07-31T03:39:28.070460415Z,66,GET /api/v1/scans,GET,401,0.87,False
2026-07-31T03:39:28.078268089Z,12,GET /api/v1/scans,GET,401,1.297,False
2026-07-31T03:39:28.084848549Z,30,GET /api/v1/scans,GET,401,1.993,False
2026-07-31T03:39:28.103163791Z,76,GET /api/v1/scans,GET,401,1.47,False
2026-07-31T03:39:28.104188072Z,34,GET /api/v1/scans,GET,401,1.216,False
2026-07-31T03:39:28.106300731Z,72,POST /api/v1/scans,POST,401,1.956,False
2026-07-31T03:39:28.108973502Z,81,GET /api/v1/scans,GET,401,1.354,False
2026-07-31T03:39:28.115587412Z,83,GET /api/v1/scans,GET,401,1.3,False
2026-07-31T03:39:28.116647234Z,49,GET /api/v1/scans,GET,401,1.125,False
2026-07-31T03:39:28.143609478Z,32,GET /api/v1/scans,GET,401,1.686,False
2026-07-31T03:39:28.181950242Z,37,GET /api/v1/scans,GET,401,1.661,False
2026-07-31T03:39:28.182658341Z,43,GET /api/v1/scans,GET,401,1.143,False
2026-07-31T03:39:28.19239587Z,45,GET /api/v1/user/profile,GET,401,1.504,False
2026-07-31T03:39:28.197603126Z,89,POST /api/v1/scans,POST,401,1.875,False
2026-07-31T03:39:28.208304439Z,5,GET /api/v1/scans,GET,401,1.101,False
2026-07-31T03:39:28.216558903Z,15,POST /api/v1/scans,POST,401,1.875,False
2026-07-31T03:39:28.236388525Z,19,GET /api/v1/scans,GET,401,2.266,False
2026-07-31T03:39:28.236388908Z,9,GET /api/v1/scans,GET,401,2.351,False
2026-07-31T03:39:28.242781624Z,85,GET /api/v1/scans,GET,401,0.967,False
2026-07-31T03:39:28.252893315Z,80,GET /api/v1/scans,GET,401,1.378,False
2026-07-31T03:39:28.262966391Z,28,GET /api/v1/user/profile,GET,401,1.358,False
2026-07-31T03:39:28.284607198Z,97,GET /api/v1/user/profile,GET,401,2.157,False
2026-07-31T03:39:28.32080376Z,91,GET /api/v1/scans,GET,401,2.001,False
2026-07-31T03:39:28.33742882Z,71,GET /api/v1/scans,GET,401,1.34,False
2026-07-31T03:39:28.338582648Z,22,GET /api/v1/scans,GET,401,1.003,False
2026-07-31T03:39:28.341834052Z,65,GET /api/v1/scans,GET,401,0.905,False
2026-07-31T03:39:28.342760423Z,1,GET /api/v1/user/profile,GET,401,0.84,False
2026-07-31T03:39:28.347168007Z,51,GET /api/v1/scans,GET,401,1.123,False
2026-07-31T03:39:28.369567995Z,90,GET /api/v1/scans,GET,401,1.811,False
2026-07-31T03:39:28.386639655Z,77,GET /api/v1/scans,GET,401,1.782,False
2026-07-31T03:39:28.406459308Z,55,GET /api/v1/scans,GET,401,2.353,False
2026-07-31T03:39:28.406484815Z,4,GET /api/v1/user/profile,GET,401,2.37,False
2026-07-31T03:39:28.425194096Z,56,POST /api/v1/scans,POST,401,2.153,False
2026-07-31T03:39:28.443896175Z,8,GET /api/v1/user/profile,GET,401,1.423,False
2026-07-31T03:39:28.472182398Z,78,GET /api/v1/user/profile,GET,401,1.605,False
2026-07-31T03:39:28.486771808Z,31,GET /api/v1/scans,GET,401,1.274,False
2026-07-31T03:39:28.490218935Z,88,GET /api/v1/scans,GET,401,1.118,False
2026-07-31T03:39:28.512979206Z,96,GET /api/v1/scans,GET,401,1.96,False
2026-07-31T03:39:28.520778729Z,16,GET /api/v1/scans,GET,401,1.467,False
2026-07-31T03:39:28.596980432Z,26,POST /api/v1/scans,POST,401,2.756,False
2026-07-31T03:39:28.609877834Z,66,GET /api/v1/user/profile,GET,401,1.215,False
2026-07-31T03:39:28.622568956Z,47,GET /api/v1/user/profile,GET,401,1.18,False
2026-07-31T03:39:28.625807656Z,99,GET /api/v1/user/profile,GET,401,0.903,False
2026-07-31T03:39:28.631481381Z,67,GET /api/v1/scans,GET,401,1.129,False
2026-07-31T03:39:28.647025068Z,2,POST /api/v1/scans,POST,401,1.996,False
2026-07-31T03:39:28.650927207Z,29,GET /api/v1/scans,GET,401,1.099,False
2026-07-31T03:39:28.661821602Z,94,GET /api/v1/user/profile,GET,401,1.173,False
2026-07-31T03:39:28.663177288Z,6,GET /api/v1/scans,GET,401,1.149,False
2026-07-31T03:39:28.66859827Z,81,GET /api/v1/scans,GET,401,0.925,False
2026-07-31T03:39:28.687200157Z,54,GET /api/v1/scans,GET,401,1.84,False
2026-07-31T03:39:28.732206698Z,83,GET /api/v1/scans,GET,401,1.579,False
2026-07-31T03:39:28.73786795Z,3,GET /api/v1/scans,GET,401,1.419,False
2026-07-31T03:39:28.753281731Z,34,GET /api/v1/scans,GET,401,1.983,False
2026-07-31T03:39:28.769699126Z,57,GET /api/v1/user/profile,GET,401,2.07,False
2026-07-31T03:39:28.78026933Z,72,POST /api/v1/scans,POST,401,3.213,False
2026-07-31T03:39:28.781768375Z,63,GET /api/v1/scans,GET,401,1.477,False
2026-07-31T03:39:28.786180127Z,13,GET /api/v1/scans,GET,401,1.883,False
2026-07-31T03:39:28.795166646Z,36,GET /api/v1/scans,GET,401,1.651,False
2026-07-31T03:39:28.822006818Z,86,GET /api/v1/user/profile,GET,401,3.15,False
2026-07-31T03:39:28.822141814Z,69,GET /api/v1/scans,GET,401,3.182,False
2026-07-31T03:39:28.834076985Z,89,GET /api/v1/user/profile,GET,401,1.534,False
2026-07-31T03:39:28.834855377Z,43,GET /api/v1/user/profile,GET,401,1.212,False
2026-07-31T03:39:28.862360683Z,58,GET /api/v1/user/profile,GET,401,1.709,False
2026-07-31T03:39:28.89712516Z,93,GET /api/v1/scans,GET,401,2.848,False
2026-07-31T03:39:28.906947708Z,85,GET /api/v1/scans,GET,401,1.686,False
2026-07-31T03:39:28.915494992Z,92,GET /api/v1/scans,GET,401,1.199,False
2026-07-31T03:39:28.918916679Z,4,GET /api/v1/user/profile,GET,401,1.121,False
2026-07-31T03:39:28.963792238Z,76,GET /api/v1/scans,GET,401,1.365,False
2026-07-31T03:39:28.969136336Z,15,GET /api/v1/scans,GET,401,1.081,False
2026-07-31T03:39:28.993681245Z,44,GET /api/v1/scans,GET,401,1.373,False
2026-07-31T03:39:29.010338188Z,78,GET /api/v1/scans,GET,401,1.187,False
2026-07-31T03:39:29.030040166Z,45,GET /api/v1/scans,GET,401,1.319,False
2026-07-31T03:39:29.031042785Z,16,GET /api/v1/user/profile,GET,401,0.916,False
2026-07-31T03:39:29.046529801Z,19,GET /api/v1/user/profile,GET,401,1.154,False
2026-07-31T03:39:29.047572656Z,30,GET /api/v1/scans,GET,401,1.121,False
2026-07-31T03:39:29.054843468Z,46,GET /api/v1/scans,GET,401,1.38,False
2026-07-31T03:39:29.080209111Z,95,GET /api/v1/user/profile,GET,401,1.628,False
2026-07-31T03:39:29.081379149Z,73,GET /api/v1/scans,GET,401,1.067,False
2026-07-31T03:39:29.084799523Z,8,GET /api/v1/scans,GET,401,1.039,False
2026-07-31T03:39:29.114683006Z,100,GET /api/v1/scans,GET,401,1.58,False
2026-07-31T03:39:29.127147378Z,53,GET /api/v1/scans,GET,401,1.203,False
2026-07-31T03:39:29.141486947Z,10,GET /api/v1/scans,GET,401,1.119,False
2026-07-31T03:39:29.142518483Z,60,GET /api/v1/scans,GET,401,0.945,False
2026-07-31T03:39:29.188932676Z,94,GET /api/v1/scans,GET,401,2.853,False
2026-07-31T03:39:29.188950665Z,52,GET /api/v1/scans,GET,401,2.888,False
2026-07-31T03:39:29.192452976Z,71,GET /api/v1/user/profile,GET,401,1.191,False
2026-07-31T03:39:29.198117095Z,24,GET /api/v1/user/profile,GET,401,1.18,False
2026-07-31T03:39:29.201511427Z,74,GET /api/v1/scans,GET,401,1.002,False
2026-07-31T03:39:29.205134619Z,37,GET /api/v1/scans,GET,401,1.241,False
2026-07-31T03:39:29.212483628Z,67,GET /api/v1/user/profile,GET,401,1.012,False
2026-07-31T03:39:29.233020026Z,90,GET /api/v1/scans,GET,401,1.115,False
2026-07-31T03:39:29.254091459Z,80,GET /api/v1/scans,GET,401,1.443,False
2026-07-31T03:39:29.26994597Z,47,GET /api/v1/scans,GET,401,1.5,False
2026-07-31T03:39:29.271041162Z,11,GET /api/v1/scans/{id},GET,401,0.947,False
2026-07-31T03:39:29.285370446Z,98,POST /api/v1/scans,POST,401,1.803,False
2026-07-31T03:39:29.306610218Z,20,GET /api/v1/user/profile,GET,401,1.56,False
2026-07-31T03:39:29.308296625Z,28,GET /api/v1/scans,GET,401,1.612,False
2026-07-31T03:39:29.323884534Z,79,GET /api/v1/scans,GET,401,1.896,False
2026-07-31T03:39:29.335748148Z,12,GET /api/v1/scans,GET,401,1.53,False
2026-07-31T03:39:29.346395189Z,29,GET /api/v1/scans,GET,401,1.345,False
2026-07-31T03:39:29.371673128Z,65,GET /api/v1/scans,GET,401,1.62,False
2026-07-31T03:39:29.378236496Z,54,GET /api/v1/scans,GET,401,1.274,False
2026-07-31T03:39:29.392884214Z,56,GET /api/v1/scans,GET,401,1.265,False
2026-07-31T03:39:29.396232512Z,5,GET /api/v1/scans,GET,401,0.995,False
2026-07-31T03:39:29.397091386Z,87,GET /api/v1/scans,GET,401,0.829,False
2026-07-31T03:39:29.399024062Z,77,GET /api/v1/scans,GET,401,1.803,False
2026-07-31T03:39:29.399049988Z,32,GET /api/v1/user/profile,GET,401,1.843,False
2026-07-31T03:39:29.414914007Z,68,GET /api/v1/user/profile,GET,401,1.135,False
2026-07-31T03:39:29.427138342Z,49,GET /api/v1/scans,GET,401,2.39,False
2026-07-31T03:39:29.427642614Z,9,POST /api/v1/scans,POST,401,2.997,False
2026-07-31T03:39:29.436309982Z,57,GET /api/v1/scans,GET,401,1.208,False
2026-07-31T03:39:29.461277566Z,93,GET /api/v1/scans,GET,401,1.827,False
2026-07-31T03:39:29.468890723Z,88,GET /api/v1/scans,GET,401,1.985,False
2026-07-31T03:39:29.490123417Z,92,GET /api/v1/user/profile,GET,401,1.485,False
2026-07-31T03:39:29.509441653Z,15,GET /api/v1/user/profile,GET,401,1.879,False
2026-07-31T03:39:29.514344518Z,48,GET /api/v1/scans,GET,401,1.512,False
2026-07-31T03:39:29.527815902Z,81,GET /api/v1/scans,GET,401,2.041,False
2026-07-31T03:39:29.530710123Z,21,GET /api/v1/scans,GET,401,1.601,False
2026-07-31T03:39:29.550976194Z,34,GET /api/v1/user/profile,GET,401,1.924,False
2026-07-31T03:39:29.625383226Z,69,GET /api/v1/scans,GET,401,1.956,False
2026-07-31T03:39:29.639559916Z,55,GET /api/v1/scans,GET,401,1.82,False
2026-07-31T03:39:29.682488941Z,72,POST /api/v1/scans,POST,401,2.439,False
2026-07-31T03:39:29.708997263Z,22,GET /api/v1/scans,GET,401,2.023,False
2026-07-31T03:39:29.728836927Z,31,GET /api/v1/scans,GET,401,2.407,False
2026-07-31T03:39:29.745782788Z,91,GET /api/v1/user/profile,GET,401,1.629,False
2026-07-31T03:39:29.784368644Z,26,GET /api/v1/user/profile,GET,401,1.933,False
2026-07-31T03:39:29.786036074Z,86,GET /api/v1/user/profile,GET,401,1.468,False
2026-07-31T03:39:29.787006339Z,52,GET /api/v1/user/profile,GET,401,1.412,False
2026-07-31T03:39:29.788739063Z,2,GET /api/v1/scans,GET,401,1.581,False
2026-07-31T03:39:29.796922464Z,6,POST /api/v1/scans,POST,401,2.778,False
2026-07-31T03:39:29.806041773Z,51,GET /api/v1/user/profile,GET,401,1.478,False
2026-07-31T03:39:29.821401976Z,1,POST /api/v1/scans,POST,401,2.731,False
2026-07-31T03:39:29.843193306Z,74,GET /api/v1/scans,GET,401,1.38,False
2026-07-31T03:39:29.844219671Z,28,GET /api/v1/scans,GET,401,0.953,False
2026-07-31T03:39:29.849779371Z,43,GET /api/v1/scans,GET,401,1.204,False
2026-07-31T03:39:29.851046966Z,24,GET /api/v1/scans,GET,401,1.181,False
2026-07-31T03:39:29.854864936Z,80,POST /api/v1/scans,POST,401,1.535,False
2026-07-31T03:39:29.880017381Z,44,GET /api/v1/user/profile,GET,401,1.645,False
2026-07-31T03:39:29.91455019Z,65,POST /api/v1/scans,POST,401,2.524,False
2026-07-31T03:39:29.927078229Z,13,POST /api/v1/scans,POST,401,3.142,False
2026-07-31T03:39:29.9692597Z,12,GET /api/v1/scans,GET,401,1.446,False
2026-07-31T03:39:29.977384723Z,30,POST /api/v1/scans,POST,401,1.832,False
2026-07-31T03:39:29.998830825Z,4,GET /api/v1/user/profile,GET,401,1.182,False
2026-07-31T03:39:30.012623273Z,10,GET /api/v1/scans,GET,401,2.288,False
2026-07-31T03:39:30.012713772Z,95,GET /api/v1/user/profile,GET,401,2.245,False
2026-07-31T03:39:30.027475878Z,78,GET /api/v1/scans,GET,401,1.448,False
2026-07-31T03:39:30.031077275Z,87,GET /api/v1/scans,GET,401,0.956,False
2026-07-31T03:39:30.055352022Z,79,GET /api/v1/scans,GET,401,1.84,False
2026-07-31T03:39:30.058013593Z,8,GET /api/v1/scans,GET,401,0.994,False
2026-07-31T03:39:30.065121663Z,21,POST /api/v1/scans,POST,401,1.639,False
2026-07-31T03:39:30.089796187Z,71,POST /api/v1/scans,POST,401,2.211,False
2026-07-31T03:39:30.094809941Z,45,GET /api/v1/scans,GET,401,1.245,False
2026-07-31T03:39:30.098688756Z,66,GET /api/v1/scans,GET,401,1.301,False
2026-07-31T03:39:30.123858495Z,76,GET /api/v1/scans,GET,401,1.896,False
2026-07-31T03:39:30.123948739Z,89,GET /api/v1/scans,GET,401,1.856,False
2026-07-31T03:39:30.131402595Z,92,GET /api/v1/scans,GET,401,1.139,False
2026-07-31T03:39:30.162180725Z,53,POST /api/v1/scans,POST,401,2.128,False
2026-07-31T03:39:30.166468135Z,85,GET /api/v1/user/profile,GET,401,1.011,False
2026-07-31T03:39:30.170725235Z,3,GET /api/v1/user/profile,GET,401,0.908,False
2026-07-31T03:39:30.177575346Z,9,POST /api/v1/scans,POST,401,1.521,False
2026-07-31T03:39:30.190918629Z,36,GET /api/v1/scans,GET,401,1.098,False
2026-07-31T03:39:30.200328869Z,63,GET /api/v1/user/profile,GET,401,1.066,False
2026-07-31T03:39:30.220784398Z,81,GET /api/v1/user/profile,GET,401,2.778,False
2026-07-31T03:39:30.221240716Z,20,POST /api/v1/scans,POST,401,3.204,False
2026-07-31T03:39:30.246835531Z,48,GET /api/v1/user/profile,GET,401,1.108,False
2026-07-31T03:39:30.271931038Z,29,GET /api/v1/user/profile,GET,401,2.182,False
2026-07-31T03:39:30.314879013Z,60,GET /api/v1/scans,GET,401,1.83,False
2026-07-31T03:39:30.323521905Z,77,GET /api/v1/user/profile,GET,401,1.304,False
2026-07-31T03:39:30.325915309Z,5,GET /api/v1/user/profile,GET,401,1.078,False
2026-07-31T03:39:30.330345725Z,58,GET /api/v1/user/profile,GET,401,1.057,False
2026-07-31T03:39:30.383347756Z,80,GET /api/v1/user/profile,GET,401,1.324,False
2026-07-31T03:39:30.386594259Z,37,GET /api/v1/user/profile,GET,401,1.052,False
2026-07-31T03:39:30.391627602Z,54,GET /api/v1/scans,GET,401,1.727,False
2026-07-31T03:39:30.391706155Z,67,GET /api/v1/scans,GET,401,1.749,False
2026-07-31T03:39:30.39676951Z,46,POST /api/v1/scans,POST,401,1.578,False
2026-07-31T03:39:30.429566135Z,16,GET /api/v1/scans,GET,401,2.645,False
2026-07-31T03:39:30.461219517Z,1,GET /api/v1/scans,GET,401,1.594,False
2026-07-31T03:39:30.49144609Z,94,GET /api/v1/scans,GET,401,1.837,False
2026-07-31T03:39:30.495047499Z,2,GET /api/v1/scans,GET,401,1.436,False
2026-07-31T03:39:30.51430133Z,19,GET /api/v1/scans,GET,401,2.485,False
2026-07-31T03:39:30.534552738Z,24,GET /api/v1/scans,GET,401,1.939,False
2026-07-31T03:39:30.549292562Z,69,POST /api/v1/scans,POST,401,3.914,False
2026-07-31T03:39:30.552306227Z,13,GET /api/v1/scans,GET,401,1.772,False
2026-07-31T03:39:30.553768031Z,68,GET /api/v1/user/profile,GET,401,1.408,False
2026-07-31T03:39:30.556535736Z,87,GET /api/v1/scans,GET,401,1.575,False
2026-07-31T03:39:30.570662936Z,11,GET /api/v1/scans/{id},GET,401,1.736,False
2026-07-31T03:39:30.588058483Z,15,GET /api/v1/scans,GET,401,2.028,False
2026-07-31T03:39:30.607914389Z,86,GET /api/v1/user/profile,GET,401,2.114,False
2026-07-31T03:39:30.609106717Z,74,GET /api/v1/scans,GET,401,2.037,False
2026-07-31T03:39:30.613640006Z,34,GET /api/v1/user/profile,GET,401,2.137,False
2026-07-31T03:39:30.631856955Z,56,GET /api/v1/scans,GET,401,1.773,False
2026-07-31T03:39:30.660145613Z,4,GET /api/v1/user/profile,GET,401,1.451,False
2026-07-31T03:39:30.708910914Z,10,POST /api/v1/scans,POST,401,4.684,False
2026-07-31T03:39:30.734772889Z,31,GET /api/v1/scans,GET,401,2.16,False
2026-07-31T03:39:30.746378507Z,12,GET /api/v1/scans,GET,401,1.241,False
2026-07-31T03:39:30.748637736Z,47,GET /api/v1/scans,GET,401,1.112,False
2026-07-31T03:39:30.788672696Z,45,POST /api/v1/scans,POST,401,2.247,False
2026-07-31T03:39:30.797614325Z,49,GET /api/v1/scans,GET,401,1.54,False
2026-07-31T03:39:30.852749864Z,5,GET /api/v1/scans,GET,401,2.209,False
2026-07-31T03:39:30.868305783Z,6,GET /api/v1/scans,GET,401,2.104,False
2026-07-31T03:39:30.896158711Z,32,GET /api/v1/scans,GET,401,2.42,False
2026-07-31T03:39:30.924252504Z,76,GET /api/v1/user/profile,GET,401,2.15,False
2026-07-31T03:39:30.938822697Z,28,GET /api/v1/user/profile,GET,401,2.176,False
2026-07-31T03:39:30.945263529Z,51,GET /api/v1/scans,GET,401,1.968,False
2026-07-31T03:39:30.979547527Z,55,GET /api/v1/scans,GET,401,3.461,False
2026-07-31T03:39:30.980048712Z,52,GET /api/v1/scans,GET,401,2.875,False
2026-07-31T03:39:30.998783621Z,85,GET /api/v1/user/profile,GET,401,1.423,False
2026-07-31T03:39:31.00352243Z,21,GET /api/v1/scans,GET,401,1.19,False
2026-07-31T03:39:31.05247529Z,81,POST /api/v1/scans,POST,401,2.192,False
2026-07-31T03:39:31.067303988Z,72,GET /api/v1/user/profile,GET,401,1.323,False
2026-07-31T03:39:31.072972707Z,58,GET /api/v1/user/profile,GET,401,1.019,False
2026-07-31T03:39:31.105374996Z,22,GET /api/v1/scans,GET,401,1.385,False
2026-07-31T03:39:31.118827234Z,43,POST /api/v1/scans,POST,401,2.785,False
2026-07-31T03:39:31.141898124Z,29,GET /api/v1/scans,GET,401,1.6,False
2026-07-31T03:39:31.145569603Z,69,GET /api/v1/user/profile,GET,401,1.377,False
2026-07-31T03:39:31.176067612Z,36,GET /api/v1/scans,GET,401,1.891,False
2026-07-31T03:39:31.188771003Z,8,GET /api/v1/scans,GET,401,1.287,False
2026-07-31T03:39:31.197057377Z,11,GET /api/v1/scans,GET,401,1.387,False
2026-07-31T03:39:31.227282356Z,44,GET /api/v1/scans,GET,401,2.06,False
2026-07-31T03:39:31.242624542Z,24,GET /api/v1/user/profile,GET,401,1.76,False
2026-07-31T03:39:31.280002575Z,26,GET /api/v1/scans,GET,401,1.638,False
2026-07-31T03:39:31.296209057Z,46,GET /api/v1/scans,GET,401,1.755,False
2026-07-31T03:39:31.341167162Z,78,POST /api/v1/scans,POST,401,2.629,False
2026-07-31T03:39:31.365980285Z,30,GET /api/v1/scans,GET,401,1.32,False
2026-07-31T03:39:31.376947967Z,65,GET /api/v1/user/profile,GET,401,2.49,False
2026-07-31T03:39:31.37742718Z,16,POST /api/v1/scans,POST,401,2.965,False
2026-07-31T03:39:31.380970772Z,60,GET /api/v1/user/profile,GET,401,1.245,False
2026-07-31T03:39:31.384059518Z,80,GET /api/v1/scans,GET,401,1.784,False
2026-07-31T03:39:31.446346423Z,67,GET /api/v1/scans,GET,401,1.304,False
2026-07-31T03:39:31.459526617Z,63,GET /api/v1/scans,GET,401,1.305,False
2026-07-31T03:39:31.461782127Z,28,GET /api/v1/scans,GET,401,1.036,False
2026-07-31T03:39:31.474781043Z,77,GET /api/v1/scans,GET,401,1.54,False
2026-07-31T03:39:31.477436815Z,51,GET /api/v1/scans,GET,401,1.453,False
2026-07-31T03:39:31.50500376Z,76,GET /api/v1/scans,GET,401,2.528,False
2026-07-31T03:39:31.532878992Z,52,POST /api/v1/scans,POST,401,2.175,False
2026-07-31T03:39:31.539314046Z,66,POST /api/v1/scans,POST,401,1.97,False
2026-07-31T03:39:31.547325106Z,6,GET /api/v1/scans,GET,401,1.279,False
2026-07-31T03:39:31.548205701Z,5,GET /api/v1/scans,GET,401,1.051,False
2026-07-31T03:39:31.569061447Z,37,POST /api/v1/scans,POST,401,2.156,False
2026-07-31T03:39:31.578658539Z,49,GET /api/v1/scans,GET,401,1.115,False
2026-07-31T03:39:31.601054965Z,9,GET /api/v1/scans,GET,401,1.923,False
2026-07-31T03:39:31.601285252Z,48,GET /api/v1/scans,GET,401,1.788,False
2026-07-31T03:39:31.603449987Z,3,GET /api/v1/scans,GET,401,0.919,False
2026-07-31T03:39:31.617941464Z,20,GET /api/v1/scans,GET,401,1.328,False
2026-07-31T03:39:31.621604706Z,34,GET /api/v1/user/profile,GET,401,1.102,False
2026-07-31T03:39:31.633299778Z,12,GET /api/v1/scans,GET,401,1.136,False
2026-07-31T03:39:31.646199692Z,10,GET /api/v1/user/profile,GET,401,1.397,False
2026-07-31T03:39:31.657998041Z,53,GET /api/v1/user/profile,GET,401,2.136,False
2026-07-31T03:39:31.707464482Z,1,GET /api/v1/user/profile,GET,401,1.775,False
2026-07-31T03:39:31.722070022Z,13,GET /api/v1/user/profile,GET,401,1.93,False
2026-07-31T03:39:31.746552899Z,2,GET /api/v1/scans,GET,401,1.855,False
2026-07-31T03:39:31.758071731Z,45,POST /api/v1/scans,POST,401,2.76,False
2026-07-31T03:39:31.781589661Z,54,GET /api/v1/scans,GET,401,1.764,False
2026-07-31T03:39:31.844276814Z,31,GET /api/v1/scans,GET,401,1.725,False
2026-07-31T03:39:31.869755796Z,19,GET /api/v1/scans,GET,401,1.8,False
2026-07-31T03:39:31.938653056Z,15,GET /api/v1/scans,GET,401,1.855,False
2026-07-31T03:39:31.96877014Z,67,GET /api/v1/scans,GET,401,2.081,False
2026-07-31T03:39:31.976595261Z,4,GET /api/v1/user/profile,GET,401,1.502,False
2026-07-31T03:39:32.005198367Z,22,POST /api/v1/scans,POST,401,2.532,False
2026-07-31T03:39:32.015766857Z,21,GET /api/v1/scans,GET,401,1.992,False
2026-07-31T03:39:32.01846673Z,32,GET /api/v1/scans,GET,401,1.438,False
2026-07-31T03:39:32.087857175Z,29,GET /api/v1/scans,GET,401,1.477,False
2026-07-31T03:39:32.098570748Z,30,GET /api/v1/scans,GET,401,1.382,False
2026-07-31T03:39:32.122106437Z,85,GET /api/v1/scans,GET,401,1.617,False
2026-07-31T03:39:32.142043198Z,47,GET /api/v1/scans,GET,401,1.506,False
2026-07-31T03:39:32.191550553Z,34,GET /api/v1/scans,GET,401,2.698,False
2026-07-31T03:39:32.192231583Z,10,GET /api/v1/scans,GET,401,2.07,False
2026-07-31T03:39:32.193410232Z,5,GET /api/v1/user/profile,GET,401,1.106,False
2026-07-31T03:39:32.195721727Z,58,GET /api/v1/scans,GET,401,1.101,False
2026-07-31T03:39:32.208972561Z,43,GET /api/v1/scans,GET,401,1.477,False
2026-07-31T03:39:32.22432258Z,52,GET /api/v1/scans,GET,401,1.58,False
2026-07-31T03:39:32.26401441Z,2,GET /api/v1/scans,GET,401,1.808,False
2026-07-31T03:39:32.268011094Z,60,GET /api/v1/scans,GET,401,1.593,False
2026-07-31T03:39:32.276753173Z,28,GET /api/v1/scans,GET,401,1.362,False
2026-07-31T03:39:32.281746476Z,37,GET /api/v1/user/profile,GET,401,1.223,False
2026-07-31T03:39:32.32840715Z,11,POST /api/v1/scans,POST,401,3.051,False
2026-07-31T03:39:32.350003256Z,12,POST /api/v1/scans,POST,401,3.076,False
2026-07-31T03:39:32.367684462Z,65,POST /api/v1/scans,POST,401,2.993,False
2026-07-31T03:39:32.387810516Z,36,GET /api/v1/scans,GET,401,1.764,False
2026-07-31T03:39:32.422620892Z,24,GET /api/v1/user/profile,GET,401,2.094,False
2026-07-31T03:39:32.422659558Z,8,GET /api/v1/user/profile,GET,401,2.133,False
2026-07-31T03:39:32.426370506Z,13,GET /api/v1/scans,GET,401,1.323,False
2026-07-31T03:39:32.42992905Z,16,GET /api/v1/scans,GET,401,1.247,False
2026-07-31T03:39:32.43306653Z,53,GET /api/v1/scans,GET,401,1.837,False
2026-07-31T03:39:32.433135499Z,1,GET /api/v1/scans,GET,401,1.877,False
2026-07-31T03:39:32.455289368Z,26,GET /api/v1/scans,GET,401,1.461,False
2026-07-31T03:39:32.464756407Z,46,GET /api/v1/scans,GET,401,1.941,False
2026-07-31T03:39:32.489181143Z,66,GET /api/v1/scans,GET,401,2.123,False
2026-07-31T03:39:32.49210746Z,44,GET /api/v1/user/profile,GET,401,1.675,False
2026-07-31T03:39:32.506193937Z,51,GET /api/v1/user/profile,GET,401,1.42,False
2026-07-31T03:39:32.510051065Z,22,GET /api/v1/user/profile,GET,401,1.525,False
2026-07-31T03:39:32.542443518Z,69,GET /api/v1/scans,GET,401,1.915,False
2026-07-31T03:39:32.594569344Z,9,GET /api/v1/scans,GET,401,1.538,False
2026-07-31T03:39:32.61321303Z,49,GET /api/v1/scans,GET,401,2.07,False
2026-07-31T03:39:32.620257275Z,15,GET /api/v1/scans,GET,401,1.589,False
2026-07-31T03:39:32.685648559Z,48,GET /api/v1/scans,GET,401,1.452,False
2026-07-31T03:39:32.692754549Z,19,GET /api/v1/scans,GET,401,1.409,False
2026-07-31T03:39:32.768810448Z,4,GET /api/v1/scans,GET,401,1.559,False
2026-07-31T03:39:32.797019602Z,32,GET /api/v1/scans,GET,401,1.714,False
2026-07-31T03:39:32.797716145Z,30,GET /api/v1/scans,GET,401,1.206,False
2026-07-31T03:39:32.851679849Z,2,GET /api/v1/user/profile,GET,401,2.797,False
2026-07-31T03:39:32.865268245Z,47,GET /api/v1/scans,GET,401,2.06,False
2026-07-31T03:39:32.894617619Z,3,GET /api/v1/scans,GET,401,2.407,False
2026-07-31T03:39:32.897824509Z,20,POST /api/v1/scans,POST,401,3.004,False
2026-07-31T03:39:32.924286452Z,45,GET /api/v1/user/profile,GET,401,1.428,False
2026-07-31T03:39:32.927657066Z,63,POST /api/v1/scans,POST,401,2.143,False
2026-07-31T03:39:33.00233251Z,54,GET /api/v1/scans,GET,401,1.415,False
2026-07-31T03:39:33.024535487Z,6,GET /api/v1/scans,GET,401,2.693,False
2026-07-31T03:39:33.066052219Z,21,GET /api/v1/scans,GET,401,2.148,False
2026-07-31T03:39:33.104905177Z,34,GET /api/v1/scans,GET,401,1.499,False
2026-07-31T03:39:33.18767933Z,43,GET /api/v1/user/profile,GET,401,2.337,False
2026-07-31T03:39:33.187709112Z,37,GET /api/v1/scans,GET,401,2.153,False
2026-07-31T03:39:33.201320126Z,67,GET /api/v1/scans,GET,401,1.213,False
2026-07-31T03:39:33.222925497Z,5,GET /api/v1/user/profile,GET,401,1.064,False
2026-07-31T03:39:33.29506923Z,8,GET /api/v1/scans,GET,401,2.159,False
2026-07-31T03:39:33.331152557Z,49,POST /api/v1/scans,POST,401,1.92,False
2026-07-31T03:39:33.337505295Z,1,GET /api/v1/user/profile,GET,401,0.976,False
2026-07-31T03:39:33.383669054Z,24,GET /api/v1/user/profile,GET,401,1.411,False
2026-07-31T03:39:33.387455647Z,48,GET /api/v1/scans,GET,401,1.202,False
2026-07-31T03:39:33.39658748Z,47,GET /api/v1/scans,GET,401,1.406,False
2026-07-31T03:39:33.409532309Z,32,POST /api/v1/scans,POST,401,2.648,False
2026-07-31T03:39:33.473107005Z,19,GET /api/v1/scans,GET,401,2.946,False
2026-07-31T03:39:33.485901458Z,22,GET /api/v1/user/profile,GET,401,1.473,False
2026-07-31T03:39:33.510870663Z,30,GET /api/v1/scans,GET,401,2.405,False
2026-07-31T03:39:33.510902439Z,58,GET /api/v1/scans,GET,401,2.457,False
2026-07-31T03:39:33.522271762Z,12,GET /api/v1/scans,GET,401,1.629,False
2026-07-31T03:39:33.550794309Z,9,GET /api/v1/scans,GET,401,1.877,False
2026-07-31T03:39:33.563869469Z,29,GET /api/v1/user/profile,GET,401,1.722,False
2026-07-31T03:39:33.568719814Z,46,GET /api/v1/scans,GET,401,1.536,False
2026-07-31T03:39:33.575702729Z,16,POST /api/v1/scans,POST,401,2.412,False
2026-07-31T03:39:33.580103918Z,6,GET /api/v1/scans,GET,401,1.937,False
2026-07-31T03:39:33.587390204Z,13,GET /api/v1/scans,GET,401,1.805,False
2026-07-31T03:39:33.613863343Z,63,GET /api/v1/scans,GET,401,1.4,False
2026-07-31T03:39:33.673869584Z,10,GET /api/v1/user/profile,GET,401,3.472,False
2026-07-31T03:39:33.67437627Z,53,POST /api/v1/scans,POST,401,3.902,False
2026-07-31T03:39:33.701555697Z,28,GET /api/v1/scans,GET,401,1.242,False
2026-07-31T03:39:33.72800123Z,11,GET /api/v1/user/profile,GET,401,1.654,False
2026-07-31T03:39:33.734553365Z,44,GET /api/v1/scans,GET,401,2.088,False
2026-07-31T03:39:33.751953403Z,2,GET /api/v1/scans,GET,401,1.933,False
2026-07-31T03:39:33.770012791Z,60,GET /api/v1/scans,GET,401,1.526,False
2026-07-31T03:39:33.778500804Z,5,GET /api/v1/scans,GET,401,1.186,False
2026-07-31T03:39:33.812142061Z,36,POST /api/v1/scans,POST,401,4.669,False
2026-07-31T03:39:33.812648448Z,43,POST /api/v1/scans,POST,401,3.96,False
2026-07-31T03:39:33.851026315Z,20,GET /api/v1/scans,GET,401,1.998,False
2026-07-31T03:39:33.858954184Z,4,POST /api/v1/scans,POST,401,2.544,False
2026-07-31T03:39:33.876673559Z,45,GET /api/v1/scans,GET,401,2.304,False
2026-07-31T03:39:33.895786115Z,51,GET /api/v1/user/profile,GET,401,1.541,False
2026-07-31T03:39:33.92150013Z,26,GET /api/v1/user/profile,GET,401,1.709,False
2026-07-31T03:39:34.006252352Z,3,GET /api/v1/scans,GET,401,2.748,False
2026-07-31T03:39:34.011367195Z,34,GET /api/v1/scans,GET,401,2.577,False
2026-07-31T03:39:34.082293852Z,21,POST /api/v1/scans,POST,401,3.686,False
2026-07-31T03:39:34.211805031Z,9,GET /api/v1/user/profile,GET,401,1.724,False
2026-07-31T03:39:34.23268371Z,48,GET /api/v1/scans,GET,401,1.323,False
2026-07-31T03:39:34.252492884Z,10,GET /api/v1/scans,GET,401,1.249,False
2026-07-31T03:39:34.279298193Z,53,GET /api/v1/scans,GET,401,1.291,False
2026-07-31T03:39:34.307378483Z,49,GET /api/v1/scans,GET,401,1.652,False
2026-07-31T03:39:34.311609643Z,32,GET /api/v1/scans,GET,401,1.867,False
2026-07-31T03:39:34.311649757Z,30,GET /api/v1/scans,GET,401,1.829,False
2026-07-31T03:39:34.343918683Z,13,GET /api/v1/user/profile,GET,401,1.545,False
2026-07-31T03:39:34.374847009Z,24,GET /api/v1/scans,GET,401,1.544,False
2026-07-31T03:39:34.417771283Z,1,POST /api/v1/scans,POST,401,2.87,False
2026-07-31T03:39:34.447640144Z,6,GET /api/v1/user/profile,GET,401,3.202,False
2026-07-31T03:39:34.448392225Z,37,POST /api/v1/scans,POST,401,3.717,False
2026-07-31T03:39:34.522292912Z,46,GET /api/v1/scans,GET,401,1.781,False
2026-07-31T03:39:34.555610046Z,8,GET /api/v1/user/profile,GET,401,1.714,False
2026-07-31T03:39:34.577851931Z,11,GET /api/v1/scans/{id},GET,401,1.956,False
2026-07-31T03:39:34.577921424Z,5,GET /api/v1/scans,GET,401,1.907,False
2026-07-31T03:39:34.61357982Z,47,GET /api/v1/user/profile,GET,401,1.667,False
2026-07-31T03:39:34.618937802Z,44,POST /api/v1/scans,POST,401,3.998,False
2026-07-31T03:39:34.619352129Z,19,GET /api/v1/user/profile,GET,401,3.26,False
2026-07-31T03:39:34.653164134Z,12,POST /api/v1/scans,POST,401,2.232,False
2026-07-31T03:39:34.690134029Z,4,GET /api/v1/scans,GET,401,2.137,False
2026-07-31T03:39:34.835493273Z,29,GET /api/v1/user/profile,GET,401,1.768,False
2026-07-31T03:39:34.876367459Z,10,GET /api/v1/scans,GET,401,1.573,False
2026-07-31T03:39:34.915357718Z,22,GET /api/v1/scans,GET,401,1.588,False
2026-07-31T03:39:34.963792931Z,48,GET /api/v1/scans,GET,401,1.503,False
2026-07-31T03:39:35.009484081Z,2,POST /api/v1/scans,POST,401,1.927,False
2026-07-31T03:39:35.031144833Z,26,POST /api/v1/scans,POST,401,1.725,False
2026-07-31T03:39:35.036529328Z,16,GET /api/v1/scans,GET,401,1.002,False
2026-07-31T03:39:35.039738916Z,37,GET /api/v1/scans,GET,401,0.951,False
2026-07-31T03:39:35.068465126Z,9,POST /api/v1/scans,POST,401,1.866,False
2026-07-31T03:39:35.088604565Z,43,GET /api/v1/scans,GET,401,1.43,False
2026-07-31T03:39:35.121564785Z,44,GET /api/v1/user/profile,GET,401,1.252,False
2026-07-31T03:39:35.244896755Z,3,GET /api/v1/scans,GET,401,2.85,False
2026-07-31T03:39:35.287434777Z,19,GET /api/v1/scans,GET,401,2.309,False
2026-07-31T03:39:35.299414677Z,8,POST /api/v1/scans,POST,401,2.213,False
2026-07-31T03:39:35.438756225Z,34,GET /api/v1/scans,GET,401,2.463,False
2026-07-31T03:39:35.472763808Z,1,GET /api/v1/user/profile,GET,401,2.519,False
2026-07-31T03:39:35.48563387Z,21,GET /api/v1/user/profile,GET,401,2.314,False
2026-07-31T03:39:35.505530755Z,13,GET /api/v1/scans,GET,401,2.594,False
2026-07-31T03:39:35.615899943Z,22,GET /api/v1/scans,GET,401,1.253,False
2026-07-31T03:39:35.633625035Z,10,GET /api/v1/user/profile,GET,401,1.224,False
2026-07-31T03:39:35.646448208Z,24,POST /api/v1/scans,POST,401,2.299,False
2026-07-31T03:39:35.661775274Z,32,GET /api/v1/scans,GET,401,1.392,False
2026-07-31T03:39:35.672027341Z,5,GET /api/v1/scans,GET,401,1.406,False
2026-07-31T03:39:35.788623539Z,29,GET /api/v1/user/profile,GET,401,1.241,False
2026-07-31T03:39:35.798757072Z,11,GET /api/v1/scans,GET,401,1.41,False
2026-07-31T03:39:35.88860886Z,6,GET /api/v1/user/profile,GET,401,1.616,False
2026-07-31T03:39:36.107579417Z,21,GET /api/v1/scans,GET,401,1.363,False
2026-07-31T03:39:36.140088592Z,12,GET /api/v1/scans,GET,401,1.915,False
2026-07-31T03:39:36.175282875Z,3,GET /api/v1/scans,GET,401,2.645,False
2026-07-31T03:39:36.177105393Z,1,GET /api/v1/scans/{id},GET,401,1.92,False
2026-07-31T03:39:36.187545513Z,4,GET /api/v1/user/profile,GET,401,2.509,False
2026-07-31T03:39:36.215214002Z,19,GET /api/v1/user/profile,GET,401,1.655,False
2026-07-31T03:39:36.21697727Z,2,GET /api/v1/scans,GET,401,1.671,False
2026-07-31T03:39:36.34232562Z,32,POST /api/v1/scans,POST,401,2.371,False
2026-07-31T03:39:36.382256947Z,34,POST /api/v1/scans,POST,401,2.118,False
2026-07-31T03:39:36.438233727Z,16,POST /api/v1/scans,POST,401,2.013,False
2026-07-31T03:39:36.454832041Z,37,GET /api/v1/scans,GET,401,2.347,False
2026-07-31T03:39:36.454923026Z,9,GET /api/v1/user/profile,GET,401,2.333,False
2026-07-31T03:39:36.498385242Z,6,GET /api/v1/scans,GET,401,1.446,False
2026-07-31T03:39:36.550789317Z,22,POST /api/v1/scans,POST,401,2.553,False
2026-07-31T03:39:36.640496425Z,8,GET /api/v1/scans,GET,401,1.736,False
2026-07-31T03:39:36.765606783Z,24,GET /api/v1/scans,GET,401,1.609,False
2026-07-31T03:39:36.775144807Z,2,GET /api/v1/user/profile,GET,401,1.309,False
2026-07-31T03:39:36.819127813Z,3,POST /api/v1/scans,POST,401,2.592,False
2026-07-31T03:39:36.893756413Z,10,GET /api/v1/scans,GET,401,1.958,False
2026-07-31T03:39:36.991115322Z,11,GET /api/v1/scans/{id},GET,401,1.757,False
2026-07-31T03:39:37.072586988Z,16,GET /api/v1/scans,GET,401,1.739,False
2026-07-31T03:39:37.097266048Z,4,GET /api/v1/scans,GET,401,2.31,False
2026-07-31T03:39:37.101413215Z,5,GET /api/v1/user/profile,GET,401,1.631,False
2026-07-31T03:39:37.119057534Z,19,GET /api/v1/scans,GET,401,1.957,False
2026-07-31T03:39:37.1999628Z,1,GET /api/v1/user/profile,GET,401,1.648,False
2026-07-31T03:39:37.212162196Z,6,GET /api/v1/scans,GET,401,1.681,False
2026-07-31T03:39:37.228642555Z,12,POST /api/v1/scans,POST,401,2.439,False
2026-07-31T03:39:37.342743537Z,8,GET /api/v1/user/profile,GET,401,2.516,False
2026-07-31T03:39:37.491338308Z,3,GET /api/v1/user/profile,GET,401,2.087,False
2026-07-31T03:39:37.515609217Z,22,GET /api/v1/user/profile,GET,401,1.693,False
2026-07-31T03:39:37.668608809Z,9,POST /api/v1/scans,POST,401,3.045,False
2026-07-31T03:39:37.881140238Z,19,GET /api/v1/scans,GET,401,1.706,False
2026-07-31T03:39:37.974081918Z,4,POST /api/v1/scans,POST,401,5.117,False
2026-07-31T03:39:38.23509408Z,5,GET /api/v1/scans,GET,401,1.444,False
2026-07-31T03:39:38.318838948Z,16,GET /api/v1/user/profile,GET,401,1.597,False
2026-07-31T03:39:38.369576017Z,1,GET /api/v1/scans,GET,401,1.607,False
2026-07-31T03:39:38.659403459Z,3,GET /api/v1/scans,GET,401,1.645,False
2026-07-31T03:39:41.312605553Z,25,POST /api/v1/auth/login,POST,0,59997.994,False
2026-07-31T03:39:41.411703919Z,17,POST /api/v1/auth/login,POST,0,59997.205,False
2026-07-31T03:39:41.511735319Z,39,POST /api/v1/auth/login,POST,0,59997.228,False
